0.5070587181646004,0.0625,0.5816173956817882,0.581617422800266,Hadamard
0.7254126128138615,0.0625,0.19230280746211403,0.1923028190442254,CNOT
0.7254126101500725,0.0625,0.25531197076415757,0.2553119742603424,CNOT2
0.7254126101500725,0.2282281518405971,0.34091975137663666,0.34091975952395087,CNOT3
0.7254126101500725,0.0625,0.15631144378889095,0.15631144642062345,Hadamard
0.7254126108812813,0.2282281526172709,0.1746498486294854,0.17464984981252057,CNOT
0.7254126097152314,0.2282281518405971,0.20768601719491714,0.20768601925961266,CNOT2
0.7254126108812813,0.559684456349631,0.26040293344163024,0.2604029371750939,CNOT3
0.7254126101500725,0.0625,0.15631144414160628,0.15631144546777448,Hadamard
0.7254126073623882,0.0625,0.17968750288555554,0.17968750972040956,CNOT
0.7254126097152314,0.2282281526172709,0.35560234016848774,0.35560234563321647,CNOT2
0.7254126113677812,0.3939563052345418,0.292371556464452,0.29237155891817873,CNOT3
0.8812111746365937,0.0625,0.5896564179211424,0.5896564405207938,Hadamard
0.7254126101500724,0.3939563036811942,0.5534482944675032,0.5534483069052674,CNOT
0.7254126128138615,0.39395630838894424,0.21633427079514175,0.21633427355367238,CNOT2
0.7254126090703302,0.2282281526172709,0.29267356257755794,0.2926735662976278,CNOT3
0.7254126112779,0.0625,0.1563114448950081,0.15631144615661946,Hadamard
0.7254126128138615,0.3939563083889443,0.171133999328952,0.17113400012659236,CNOT
0.7254126128138615,0.22822815448541658,0.4155865775350077,0.41558658664123965,CNOT2
0.7254126097152314,0.2282281518405971,0.42331329142971286,0.42331330180303994,CNOT3
0.7254126101500725,0.0625,0.15631144291116522,0.15631144625097734,Hadamard
0.7254126090703302,0.3939563052345418,0.19143293877124756,0.19143293921548513,CNOT
0.7254126101500725,0.3939563052345418,0.17234912173396094,0.17234912317461787,CNOT2
0.7254126128138615,0.22822815419447212,0.18406589426546222,0.18406589635836795,CNOT3
0.7254126101500725,0.0625,0.15631144422278154,0.15631144550261478,Hadamard
0.7254126101500725,0.3939563052345418,0.4218402394771496,0.4218402467906871,CNOT
0.7254126101500725,0.2282281518405971,0.3996057502833076,0.39960575831338707,CNOT2
0.7254126128138615,0.22822815456617462,0.3530694899513274,0.3530694936086294,CNOT3
0.7254126112779,0.0625,0.15631144527638788,0.15631144568273014,Hadamard
0.7254126128138615,0.22822815419447212,0.14820921074123278,0.1482092115613009,CNOT
0.7254126128138615,0.0625,0.4173284293416411,0.4173284358508307,CNOT2
0.7254126128138615,0.22822815390508883,0.28315466203335926,0.2831546656251025,CNOT3
0.7254126101500725,0.0625,0.1563114448393082,0.15631144554020737,Hadamard
0.7254126128138615,0.22822815442519728,0.3409197525338185,0.3409197547420408,CNOT
0.7254126128138615,0.5596844592276654,0.33720085186436155,0.33720085718701953,CNOT2
0.7254126097152314,0.2282281518405971,0.36986405824935176,0.36986406518293274,CNOT3
0.7254126112779,0.0625,0.15631144398663924,0.1563114450440341,Hadamard
0.7254126128138615,0.39395630885039457,0.243151737224457,0.2431517388000386,CNOT
0.7254126128138615,0.22822815419447215,0.1857372884083284,0.1857372900170121,CNOT2
0.7254126128138615,0.7254126128138615,0.26651804471508844,0.266518047936003,CNOT3
0.962874890566466,0.0625,0.34610474452241496,0.3461047560515892,Hadamard
0.7254126101500725,0.0625,0.2399488602863288,0.23994886256466008,CNOT
0.7254126090703302,0.2282281526172709,0.22735296633710442,0.22735296810075206,CNOT2
0.7254126128138615,0.22822815432449628,0.21153175462724091,0.21153175679359676,CNOT3
0.7254126101500725,0.0625,0.15631144505922137,0.1563114450823849,Hadamard
0.7254126097152314,0.5596844555217912,0.4611926060659104,0.4611926151768842,CNOT
0.7254126090703302,0.2282281526172709,0.14003316365188495,0.14003316539631222,CNOT2
0.7254126128138615,0.3939563104459806,0.21055790309974606,0.21055790479930922,CNOT3
0.6967613874560757,0.0625,0.15649246267263014,0.1564924662513226,Hadamard
0.7254126148252154,0.0625,0.10194761841164118,0.1019476198133836,CNOT
0.7254126128138615,0.39395630875817744,0.24310892515981294,0.24310893063532274,CNOT2
0.7254126090703302,0.0625,0.18036457011313708,0.18036457309237064,CNOT3
0.7254126101500725,0.0625,0.15631144472526817,0.15631144515110484,Hadamard
0.7254126128138615,0.5596844606328508,0.3225369201642168,0.3225369230749566,CNOT
0.7254126128138615,0.0625,0.3571102390701984,0.35711024538778124,CNOT2
0.7254126128138615,0.0625,0.14650444681083158,0.1465044485756809,CNOT3
0.7254126101500725,0.0625,0.15631144447813256,0.15631144608102449,Hadamard
0.7254126097152314,0.0625,0.42941421856177237,0.4294142239097751,CNOT
0.7254126101500725,0.3939563036811942,0.429414214186121,0.42941422302715687,CNOT2
0.7254126128138615,0.3939563083889443,0.27779629207488954,0.27779629534448386,CNOT3
0.9999955811979135,0.0625,0.4592019536962015,0.45920197106962035,Hadamard
0.7254126128138615,0.39395630875817744,0.30335298360393914,0.30335299077190997,CNOT
0.7254126113677812,0.2282281526172709,0.23643969367002624,0.23643969875102777,CNOT2
0.7254126128138615,0.5596844603007245,0.14299886866917538,0.14299886932051425,CNOT3
0.7254126101500725,0.0625,0.1563114445312334,0.15631144625040072,Hadamard
0.7254126128138615,0.0625,0.12592142101470305,0.1259214232928101,CNOT
0.7254126128138615,0.22822815436615793,0.33115604688342887,0.33115605121232106,CNOT2
0.7254126097152314,0.3939563052345418,0.24931011789642143,0.24931011898230188,CNOT3
0.7254126101500725,0.0625,0.156311443976491,0.15631144537617203,Hadamard
0.7254126116397607,0.0625,0.2992765348137137,0.29927653950191213,CNOT
0.7254126128138615,0.3939563075858829,0.2005065871549153,0.20050659049865305,CNOT2
0.7254126128138615,0.0625,0.3090342723244787,0.3090342749889252,CNOT3
0.7254126112779,0.0625,0.15631144401590893,0.1563114458162897,Hadamard
0.7254126101500725,0.3939563036811942,0.3571102374858409,0.35711024339188724,CNOT
0.7254126128138615,0.0625,0.34449670198998966,0.34449671017032424,CNOT2
0.7254126101500725,0.0625,0.288131043284251,0.28813104452850014,CNOT3
0.7254126101500725,0.0625,0.15631144421280502,0.15631144569327673,Hadamard
0.7254126128138615,0.5596844573789721,0.26003959658360964,0.2600396000375605,CNOT
0.7254126128138615,0.5596844592194079,0.41310846243784,0.413108469468394,CNOT2
0.7254126101500725,0.0625,0.32907980992479746,0.3290798168834844,CNOT3
0.7254126112779,0.0625,0.15631144438238503,0.15631144538049904,Hadamard
0.7254126097152314,0.0625,0.12716392045354918,0.12716392007175506,CNOT
0.7254126128138615,0.5596844603007245,0.3340082278699869,0.3340082356779897,CNOT2
0.7254126128138615,0.39395630885039457,0.16796596610148826,0.16796596752847037,CNOT3
0.7254126101500725,0.0625,0.15631144386603607,0.1563114467057954,Hadamard
0.7254126097152312,0.5596844555217912,0.34725713299272903,0.3472571393372902,CNOT
0.7254126101500724,0.2282281518405971,0.517286423672175,0.517286436725372,CNOT2
0.7254126090703302,0.2282281518405971,0.31362213182182663,0.31362213672763223,CNOT3
0.9833601133407093,0.0625,0.5216663440868425,0.5216663559329837,Hadamard
0.7254126101500725,0.3939563036811942,0.25502659339384526,0.2550265964691609,CNOT
0.7254126128138615,0.22822815442519728,0.24546779280428463,0.24546779653715367,CNOT2
0.7254126097152314,0.2282281526172709,0.29249669913474335,0.2924967025502025,CNOT3
0.7254126101500725,0.0625,0.15631144390511087,0.15631144556626667,Hadamard
0.7254126134863685,0.0625,0.24409926461848727,0.24409926520730615,CNOT
0.7254126128138615,0.22822815448541658,0.15784101184022348,0.15784101400183143,CNOT2
0.7254126101500725,0.3939563052345418,0.1476144672775513,0.14761446892021773,CNOT3
0.7254126101500725,0.0625,0.15631144353705737,0.15631144545029835,Hadamard
0.7254126116397606,0.0625,0.18507055703936676,0.18507056033051575,CNOT
0.7254126128138615,0.39395630897083317,0.3328003534036028,0.33280036026006327,CNOT2
0.7254126128138615,0.3939563083889443,0.41573041594301735,0.41573042511023484,CNOT3
0.7254126101500725,0.0625,0.1563114448946236,0.15631144522998136,Hadamard
0.7254126101500725,0.2282281518405971,0.4475992093487215,0.4475992194871666,CNOT
0.7254126101500725,0.2282281526172709,0.500639584935427,0.5006395908635372,CNOT2
0.7254126128138615,0.3939563111619517,0.49939460567608823,0.49939461509594557,CNOT3
0.7254126101500725,0.0625,0.15631144420001591,0.1563114452724355,Hadamard
0.7254126128138615,0.0625,0.2069681458395562,0.20696814960792417,CNOT
0.7254126101500725,0.0625,0.17968750375252085,0.17968750741931763,CNOT2
0.7254126128138615,0.22822815442519728,0.22504373619367815,0.22504373882777606,CNOT3
0.7254126101500725,0.0625,0.1563114441168043,0.15631144566823132,Hadamard
0.7254126101500725,0.2282281518405971,0.20250222617100314,0.20250223033081688,CNOT
0.7254126097152314,0.3939563052345418,0.2634941589967271,0.2634941626573065,CNOT2
0.7254126102035987,0.2282281526172709,0.3865113885668574,0.3865113948678024,CNOT3
0.7254126101500725,0.0625,0.15631144337066533,0.15631144503057698,Hadamard
0.7254126128138615,0.0625,0.3371242477019964,0.33712425105131305,CNOT
0.7254126097152312,0.0625,0.1259214212331016,0.1259214256964038,CNOT2
0.7254126101500725,0.3939563052345418,0.36284166137496027,0.36284166500013776,CNOT3
0.7254126101500725,0.0625,0.1563114440908719,0.15631144595202606,Hadamard
0.7254126101500725,0.0625,0.2730103112474973,0.2730103134067746,CNOT
0.7254126128138615,0.22822815419447212,0.38651138911093197,0.386511394901773,CNOT2
0.7254126128138615,0.0625,0.21055790337220381,0.21055790552284678,CNOT3
0.7254126101500725,0.0625,0.15631144383100165,0.15631144522878987,Hadamard
0.7254126097152314,0.2282281518405971,0.29249669780948573,0.2924967038393557,CNOT
0.7254126101500725,0.3939563036811942,0.4145335218423856,0.41453352776513785,CNOT2
0.7254126128138615,0.2282281544251973,0.25208738106898904,0.25208738473172765,CNOT3
0.8536467272045234,0.0625,0.5965111447348553,0.5965111633237449,Hadamard
0.7254126097152314,0.3939563052345418,0.2654747095686074,0.2654747120683947,CNOT
0.7254126116397606,0.393956310872224,0.21561285173053385,0.21561285496346483,CNOT2
0.7254126101500724,0.3939563036811942,0.23994886122486805,0.23994886307323943,CNOT3
0.7254126131590148,0.0625,0.15631144496179228,0.15631144519494647,Hadamard
0.7254126128138615,0.22822815437908872,0.3149996413001597,0.31499964388933616,CNOT
0.7254126097152314,0.0625,0.5102095600824632,0.5102095689406665,CNOT2
0.7254126128138615,0.22822815419447212,0.3799482288118141,0.37994823486951607,CNOT3
0.7254126112779,0.0625,0.15631144448435397,0.15631144495589966,Hadamard
0.7254126128138615,0.22822815375415667,0.10321499528804585,0.1032149956037381,CNOT
0.7254126148252154,0.0625,0.21165140152246792,0.211651401389874,CNOT2
0.7254126128138615,0.39395630750831334,0.23614740456368255,0.23614740694980746,CNOT3
0.7254126112779,0.0625,0.15631144429043434,0.1563114447410371,Hadamard
0.7254126101500725,0.0625,0.24931011504461906,0.24931011933767763,CNOT
0.7254126128138615,0.22822815442519728,0.24743116523718398,0.24743116714813967,CNOT2
0.7254126116397606,0.3939563086489926,0.25531197059960176,0.25531197455579274,CNOT3
0.7254126101500725,0.0625,0.15631144425533142,0.15631144526164625,Hadamard
0.7254126097152314,0.2282281518405971,0.17464984808352796,0.17464984783832577,CNOT
0.7254126101500725,0.0625,0.1162660849520766,0.1162660871376803,CNOT2
0.7254126097152314,0.2282281526172709,0.15964309060655144,0.1596430916979215,CNOT3
0.7254126101500725,0.0625,0.15631144339071845,0.15631144627402682,Hadamard
0.7254126128138615,0.39395630897083317,0.26632738896734676,0.26632739144994916,CNOT
0.7254126101500725,0.2282281518405971,0.39517361759728403,0.3951736273264659,CNOT2
0.7254126108812813,0.0625,0.125921422787004,0.1259214268474469,CNOT3
0.7254126101500725,0.0625,0.15631144346725523,0.1563114466663787,Hadamard
0.7254126128138615,0.5596844578040836,0.4503042181361462,0.45030422789647345,CNOT
0.7254126101500725,0.0625,0.20337547226688768,0.2033754756518885,CNOT2
0.7254126128138615,0.0625,0.4021947126035341,0.4021947185105563,CNOT3
0.7254126101500725,0.0625,0.15631144445805883,0.15631144578772704,Hadamard
0.7254126128138615,0.22822815419447212,0.10104156934728067,0.10104156928792499,CNOT
0.7254126113677812,0.2282281526172709,0.2368522189996717,0.23685222204470752,CNOT2
0.7254126128138615,0.22822815375415667,0.33050970270090313,0.33050970732699864,CNOT3
0.7254126101500725,0.0625,0.1563114443651474,0.15631144613079567,Hadamard
0.7254126128138615,0.39395630838894424,0.19855594863066917,0.19855595093143055,CNOT
0.7254126128138615,0.393956310219574,0.44371448246747397,0.44371449055670953,CNOT2
0.7254126128138615,0.22822815375415667,0.2806411807542627,0.2806411831818924,CNOT3
0.7254126131590148,0.0625,0.1563114439353055,0.15631144568344113,Hadamard
0.7254126097152314,0.2282281518405971,0.33614052750319884,0.33614053209885797,CNOT
0.7254126097152314,0.2282281526172709,0.3065791795118413,0.30657918341721213,CNOT2
0.7254126128138615,0.2282281545456941,0.2853817762131782,0.28538178056044483,CNOT3
0.7254126131590148,0.0625,0.1563114449281804,0.15631144617789444,Hadamard
0.7254126097152312,0.7254126097152312,0.1456448645034789,0.14564486564950302,CNOT
0.7254126097152314,0.3939563052345418,0.17093108059287868,0.17093108248746786,CNOT2
0.7254126113677812,0.2282281526172709,0.1840658947101827,0.1840658949054916,CNOT3
0.8592964903249741,0.0625,0.5952926042870642,0.5952926284073701,Hadamard
0.7254126073623882,0.7254126073623882,0.3515137534779697,0.35151375815929264,CNOT
0.7254126097152314,0.2282281518405971,0.3682171672978974,0.3682171728595265,CNOT2
0.7254126101500725,0.3939563052345418,0.19230280884193676,0.19230281427676987,CNOT3
0.7254126112779,0.0625,0.15631144367904995,0.1563114464965602,Hadamard
0.7254126101500725,0.3939563036811942,0.21561285220334872,0.21561285684243273,CNOT
0.7254126128138615,0.0625,0.3778315059568325,0.3778315155099936,CNOT2
0.7254126090703302,0.2282281518405971,0.19103834588856633,0.1910383484150335,CNOT3
0.7254126101500725,0.0625,0.15631144480626988,0.1563114455034395,Hadamard
0.7254126101500725,0.5596844555217915,0.4248778627221421,0.42487787317414305,CNOT
0.7254126101500725,0.3939563052345418,0.0625,0.0625,CNOT2
0.7254126128138615,0.2282281546158996,0.24393226374996033,0.24393226677138058,CNOT3
0.7254126131590148,0.0625,0.15631144452327853,0.1563114450592461,Hadamard
0.7254126128138615,0.3939563083889443,0.2794014435624036,0.2794014461135196,CNOT
0.7254126101500725,0.5596844555217912,0.21153175538538227,0.21153175914280045,CNOT2
0.7254126090703302,0.0625,0.24084346336369455,0.2408434657802716,CNOT3
0.7254126101500725,0.0625,0.15631144443237294,0.15631144517021728,Hadamard
0.7254126128138615,0.5596844606328506,0.2959494445849632,0.29594944856776634,CNOT
0.7254126128138615,0.22822815375415667,0.19666580280165932,0.19666580461772926,CNOT2
0.7254126128138615,0.5596844608426526,0.35201385080142744,0.3520138583617336,CNOT3
0.4583737809072903,0.0625,0.2595994540458519,0.2595994622502198,Hadamard
0.7254126128138615,0.0625,0.23994886245717548,0.23994886366799786,CNOT
0.7254126113677812,0.2282281526172709,0.1578410121976997,0.15784101452060773,CNOT2
0.7254126090703303,0.0625,0.3587076142921887,0.35870762133623224,CNOT3
0.7254126101500725,0.0625,0.15631144477419912,0.15631144478179554,Hadamard
0.7254126113677812,0.2282281526172709,0.22504373574199904,0.22504373695460117,CNOT
0.7254126090703302,0.3939563052345418,0.3484809613482752,0.34848096404483697,CNOT2
0.7254126101500725,0.5596844555217912,0.32559572306760876,0.32559572806861425,CNOT3
0.7254126101500725,0.0625,0.15631144466138003,0.1563114459701647,Hadamard
0.7254126108812813,0.2282281526172709,0.5030190224454916,0.5030190290830006,CNOT
0.7254126128138615,0.22822815431053975,0.4111998937488771,0.41119990096349335,CNOT2
0.7254126128138615,0.22822815392310344,0.2481475651223651,0.24814756966873622,CNOT3
0.7254126101500725,0.0625,0.15631144421684912,0.15631144569465025,Hadamard
0.725412608305379,0.0625,0.09842535089020454,0.09842535298429078,CNOT
0.7254126097152314,0.3939563036811942,0.2553119714698273,0.25531197406174333,CNOT2
0.7254126128138615,0.0625,0.2992765351027178,0.29927654186302816,CNOT3
0.7254126112779,0.0625,0.15631144553505855,0.1563114463083134,Hadamard
0.7254126128138615,0.0625,0.14761446759208696,0.1476144679868785,CNOT
0.7254126128138615,0.5596844592461161,0.19000146158320036,0.19000146289052558,CNOT2
0.7254126113677812,0.22822815209703926,0.08047313415003049,0.08047313425503468,CNOT3
0.7254126112779,0.0625,0.1563114435634032,0.15631144610928754,Hadamard
0.7254126097152314,0.5596844555217915,0.24853413155655854,0.2485341341834436,CNOT
0.7254126090703302,0.5596844555217912,0.33191647084627196,0.33191647576624683,CNOT2
0.7254126101500725,0.2282281518405971,0.12782650114713118,0.12782650189630484,CNOT3
0.7254126112779,0.0625,0.15631144477609732,0.1563114460388053,Hadamard
0.7254126101500725,0.3939563052345418,0.3198760637921628,0.3198760675784582,CNOT
0.7254126097152314,0.2282281518405971,0.34944932651207045,0.3494493298297386,CNOT2
0.7254126090703302,0.2282281526172709,0.1510246795340513,0.15102468219368936,CNOT3
0.7254126101500725,0.0625,0.15631144425323507,0.1563114460504178,Hadamard
0.7254126108812813,0.0625,0.4673206395635637,0.46732064656906697,CNOT
0.7254126128138615,0.0625,0.07511530749094564,0.07511531244184258,CNOT2
0.7254126108812813,0.39395630419407857,0.20547827418384,0.20547827656188458,CNOT3
0.4770988243687769,0.0625,0.5754863257654024,0.5754863482499851,Hadamard
0.7254126097152314,0.2282281526172709,0.24474085545240992,0.2447408597753531,CNOT
0.7254126116397607,0.0625,0.1259214234049162,0.12592142516517013,CNOT2
0.7254126128138615,0.0625,0.3663022784187018,0.36630228572076406,CNOT3
0.7254126112779,0.0625,0.1563114439145789,0.15631144651459966,Hadamard
0.7254126097152314,0.0625,0.33869644794355386,0.338696453895185,CNOT
0.7254126128138615,0.5596844579913333,0.3600211327349576,0.3600211358066554,CNOT2
0.7254126097152314,0.2282281526172709,0.29779692634572935,0.29779692998192686,CNOT3
0.7254126101500725,0.0625,0.15631144427876148,0.15631144540224634,Hadamard
0.7254126128138615,0.5596844603007244,0.13042954464306,0.13042954492705697,CNOT
0.7254126116397607,0.0625,0.17113400009272733,0.17113399954198505,CNOT2
0.7254126128138615,0.22822815419447215,0.2806411809080472,0.2806411848668529,CNOT3
0.7254126101500725,0.0625,0.15631144505115108,0.1563114460488796,Hadamard
0.7254126128138615,0.3939563092317992,0.16796596781838702,0.16796596834763458,CNOT
0.7254126128138615,0.22822815419447215,0.3724561669480464,0.3724561741130195,CNOT2
0.7254126116397606,0.0625,0.22477857806020263,0.22477858067721168,CNOT3
0.7254126112779,0.0625,0.1563114441872249,0.15631144582464068,Hadamard
0.7254126090703302,0.3939563052345418,0.1850705578830849,0.18507056065228789,CNOT
0.7254126101500725,0.3939563036811942,0.12064930780193264,0.12064930866938733,CNOT2
0.7254126090703302,0.2282281526172709,0.22504373526983087,0.22504373998685487,CNOT3
0.7254126101500725,0.0625,0.1563114449130805,0.1563114462193208,Hadamard
0.7254126101500725,0.2282281518405971,0.12272140055645141,0.12272140164108727,CNOT
0.7254126097152314,0.3939563052345418,0.25026775373683313,0.25026775712750726,CNOT2
0.7254126101500725,0.3939563036811942,0.2977462674066563,0.29774627017054145,CNOT3
0.41109551232312846,0.0625,0.5601985177467583,0.5601985393592583,Hadamard
0.7254126128138615,0.2282281545456941,0.21153175549358746,0.2115317577390445,CNOT
0.7254126128138615,0.0625,0.31033075214035116,0.3103307569975034,CNOT2
0.7254126101500725,0.2282281526172709,0.22504373517285148,0.22504373784573362,CNOT3
0.7254126112779,0.0625,0.1563114447446991,0.15631144565662097,Hadamard
0.7254126128138615,0.22822815392310342,0.4040048750121773,0.4040048815759661,CNOT
0.7254126108812813,0.2282281526172709,0.454915293219715,0.4549152986446199,CNOT2
0.7254126101500725,0.3939563036811942,0.23477402079287782,0.23477402309020515,CNOT3
0.7254126112779,0.0625,0.15631144488277876,0.15631144596524743,Hadamard
0.7254126113677812,0.2282281526172709,0.24743116359718514,0.24743116656985725,CNOT
0.7254126128138615,0.5596844608426526,0.3065791779508816,0.30657918511966853,CNOT2
0.7254126097152314,0.3939563052345418,0.07511530756272791,0.07511531522597391,CNOT3
0.7254126101500725,0.0625,0.15631144525101004,0.15631144628624574,Hadamard
0.7254126090703302,0.0625,0.3933151393329006,0.393315146766765,CNOT
0.7254126128138615,0.39395630864899256,0.24258847139423545,0.24258847459872146,CNOT2
0.7254126097152314,0.0625,0.2326298848272412,0.23262988756773392,CNOT3
0.7254126112779,0.0625,0.15631144435240207,0.1563114460395037,Hadamard
0.7254126101500725,0.2282281526172709,0.3929442179145686,0.39294422444136573,CNOT
0.7254126097152314,0.2282281518405971,0.13910099777712676,0.13910099732376385,CNOT2
0.7254126148252154,0.0625,0.179687504757014,0.1796875054371485,CNOT3
0.7254126101500725,0.0625,0.15631144433670374,0.15631144608462183,Hadamard
0.7254126097152312,0.3939563052345418,0.2413257491741551,0.2413257508380141,CNOT
0.7254126097152314,0.2282281526172709,0.3520138532670568,0.3520138594034758,CNOT2
0.7254126113677812,0.2282281526172709,0.14003316411802536,0.14003316455006554,CNOT3
0.7254126101500725,0.0625,0.15631144496980937,0.1563114463146597,Hadamard
0.7254126101500724,0.2282281526172709,0.2722329910824064,0.2722329964493894,CNOT
0.7254126128138615,0.3939563081436577,0.1837111262801668,0.18371112981321486,CNOT2
0.7254126101500725,0.0625,0.15430830760929637,0.15430830911250937,CNOT3
0.7254126101500725,0.0625,0.15631144473104214,0.15631144581773598,Hadamard
0.7254126090703302,0.3939563052345418,0.23152285980807819,0.23152286201009903,CNOT
0.7254126090703302,0.0625,0.12809899095418237,0.12809899046347603,CNOT2
0.7254126090703302,0.3939563052345418,0.14068559856430712,0.14068560078270098,CNOT3
0.7254126101500725,0.0625,0.15631144383830542,0.15631144573000683,Hadamard
0.7254126128138615,0.0625,0.12224167160175795,0.12224167365003738,CNOT
0.7254126128138615,0.22822815442519728,0.11531283575268353,0.1153128360722834,CNOT2
0.7254126108812813,0.39395630419407857,0.2641535058884259,0.26415350622201406,CNOT3
0.7254126101500725,0.0625,0.15631144441642902,0.1563114455512863,Hadamard
0.7254126101500725,0.5596844555217912,0.15784101226035577,0.1578410139999816,CNOT
0.7254126128138615,0.0625,0.30762324329276064,0.3076232479278948,CNOT2
0.7254126097152314,0.0625,0.3981498938742708,0.39814990041704507,CNOT3
0.7254126112779,0.0625,0.15631144402699038,0.15631144618256165,Hadamard
0.7254126128138615,0.39395630875817744,0.17968750505926195,0.17968750721862659,CNOT
0.7254126101500725,0.3939563052345418,0.4289412238460619,0.4289412282906611,CNOT2
0.7254126101500725,0.2282281526172709,0.12782650107009597,0.1278265017630391,CNOT3
0.7254126101500725,0.0625,0.15631144356953416,0.15631144542768766,Hadamard
0.7254126128138615,0.22822815461589957,0.17564881717743003,0.17564881883156752,CNOT
0.7254126108812813,0.2282281526172709,0.19103834688053933,0.19103834923524965,CNOT2
0.7254126128138615,0.0625,0.35232343814584494,0.3523234431343959,CNOT3
0.7254126112779,0.0625,0.15631144438383876,0.15631144519343085,Hadamard
0.7254126097152314,0.2282281526172709,0.34969957209364666,0.34969957832920023,CNOT
0.7254126113677812,0.2282281526172709,0.3137841259737684,0.31378413263298827,CNOT2
0.7254126097152314,0.5596844555217912,0.3011730073643136,0.30117301326955925,CNOT3
0.7254126101500725,0.0625,0.1563114450033753,0.15631144528347435,Hadamard
0.7254126090703302,0.3939563052345418,0.2122570028903519,0.2122570057425901,CNOT
0.7254126128138615,0.0625,0.24310892242844911,0.24310892619847357,CNOT2
0.7254126128138615,0.0625,0.402194713384631,0.4021947175986967,CNOT3
0.7254126101500725,0.0625,0.15631144438514016,0.15631144448515422,Hadamard
0.7254126090703302,0.2282281526172709,0.1323563296897759,0.13235633118990586,CNOT
0.7254126128138615,0.393956310872224,0.16609610134697755,0.16609610450684226,CNOT2
0.7254126128138615,0.22822815432449628,0.23685221904221856,0.23685222123833632,CNOT3
0.7254126112779,0.0625,0.1563114430871675,0.15631144484921203,Hadamard
0.7254126108812813,0.2282281526172709,0.34573245657291535,0.3457324639110801,CNOT
0.7254126128138615,0.228228155436112,0.20029792652890632,0.2002979280727031,CNOT2
0.7254126097152314,0.2282281526172709,0.15318576237202103,0.1531857647468357,CNOT3
0.7254126141487207,0.0625,0.15631144425916876,0.15631144565763358,Hadamard
0.7254126097152312,0.0625,0.3091605724139422,0.3091605793089124,CNOT
0.7254126128138615,0.0625,0.43754835610358495,0.4375483647870589,CNOT2
0.7254126128138615,0.0625,0.1723491226136461,0.17234912383624404,CNOT3
0.7254126112779,0.0625,0.1563114446480521,0.15631144522289148,Hadamard
0.7254126128138615,0.39395630750831334,0.2777962923744465,0.2777962964885739,CNOT
0.7254126116397607,0.5596844592194079,0.5241615721499804,0.5241615804401056,CNOT2
0.7254126101500725,0.3939563052345418,0.08310654811202321,0.08310654791039992,CNOT3
0.7254126101500725,0.0625,0.15631144550858864,0.15631144573582584,Hadamard
0.7254126116397606,0.0625,0.15219143354471676,0.15219143428786372,CNOT
0.7254126097152314,0.2282281526172709,0.13042954477938898,0.1304295447493357,CNOT2
0.7254126101500725,0.0625,0.2732627291741223,0.27326273441860094,CNOT3
0.7254126141487207,0.0625,0.15631144472144004,0.15631144544350453,Hadamard
0.7254126101500725,0.5596844555217915,0.19556539400643919,0.19556539633588807,CNOT
0.7254126113677812,0.3939563052345418,0.39622177239523426,0.396221781561368,CNOT2
0.7254126090703302,0.2282281526172709,0.3824586516784821,0.3824586601776638,CNOT3
0.9243992914688756,0.0625,0.2916206366942721,0.29162064449341935,Hadamard
0.7254126101500725,0.5596844555217915,0.26951797696681784,0.26951797966154306,CNOT
0.7254126128138615,0.393956310872224,0.21150367275775422,0.2115036732979634,CNOT2
0.7254126101500725,0.2282281526172709,0.14003316402503987,0.14003316512991953,CNOT3
0.3391979335914196,0.0625,0.3209323147885837,0.32093231941887723,Hadamard
0.7254126101500725,0.5596844555217915,0.38651138765654325,0.38651139321168226,CNOT
0.7254126128138615,0.22822815442519728,0.1610000706768383,0.1610000719515012,CNOT2
0.7254126128138615,0.22822815442519728,0.1653020656961835,0.16530206647005335,CNOT3
0.7254126101500725,0.0625,0.15631144451111167,0.1563114452962875,Hadamard
0.7254126101500725,0.0625,0.16008539439530173,0.16008539544923794,CNOT
0.7254126097152312,0.2282281526172709,0.3191619550100439,0.31916196022215626,CNOT2
0.7254126128138615,0.22822815419447212,0.29463420510731186,0.2946342071614052,CNOT3
0.7254126101500725,0.0625,0.15631144437540367,0.15631144509377926,Hadamard
0.7254126097152314,0.3939563052345418,0.3813410087055609,0.38134101638794915,CNOT
0.7254126128138615,0.3939563083889443,0.3401410593128732,0.3401410633174384,CNOT2
0.7254126148252154,0.0625,0.26937893465663876,0.2693789374668071,CNOT3
0.7254126101500725,0.0625,0.15631144398055502,0.1563114448054804,Hadamard
0.7254126128138615,0.22822815375415667,0.35584733864842766,0.35584734459457185,CNOT
0.7254126128138615,0.0625,0.19504230398204986,0.195042304058925,CNOT2
0.7254126128138615,0.0625,0.3860646130547187,0.3860646205458585,CNOT3
0.7254126112779,0.0625,0.1563114436219708,0.15631144515223794,Hadamard
0.7254126128138615,0.22822815459168203,0.2002979263716882,0.2002979281848081,CNOT
0.7254126128138615,0.22822815459168205,0.24743116520357844,0.24743116655150624,CNOT2
0.7254126128138615,0.22822815307536803,0.34412777951272033,0.34412778463872373,CNOT3
0.7254126101500725,0.0625,0.15631144466767466,0.15631144569029148,Hadamard
0.7254126128138615,0.22822815390508883,0.16213598758797407,0.1621359891666836,CNOT
0.7254126116397606,0.0625,0.19634443772479562,0.1963444406424257,CNOT2
0.7254126101500725,0.0625,0.21275826004169657,0.21275826266338413,CNOT3
0.7254126131590148,0.0625,0.1563114445336194,0.15631144528201935,Hadamard
0.7254126128138615,0.22822815432449628,0.2433899641730055,0.2433899679003342,CNOT
0.7254126101500725,0.2282281526172709,0.16360090670573543,0.16360090808162647,CNOT2
0.7254126090703302,0.3939563036811942,0.4781805290907771,0.47818054197388193,CNOT3
0.7254126101500725,0.0625,0.1563114441226741,0.1563114456731734,Hadamard
0.7254126128138615,0.22822815375415667,0.27510479758483686,0.275104801268456,CNOT
0.7254126128138615,0.5596844590142509,0.13563400885600518,0.1356340098822576,CNOT2
0.7254126128138615,0.0625,0.21275826014920307,0.21275826241599846,CNOT3
0.7254126101500725,0.0625,0.15631144402627495,0.15631144643444264,Hadamard
0.7254126101500725,0.3939563052345418,0.27940144552813073,0.279401448806942,CNOT
0.7254126101500725,0.2282281518405971,0.10727256079782505,0.10727256136818435,CNOT2
0.7254126128138615,0.3939563083889443,0.3484809603917452,0.3484809694264094,CNOT3
0.7254126112779,0.0625,0.15631144420023652,0.15631144500274238,Hadamard
0.7254126128138615,0.22822815375415667,0.44457187679541177,0.4445718907435239,CNOT
0.7254126097152314,0.0625,0.3245392228348128,0.32453922615706476,CNOT2
0.7254126128138615,0.0625,0.1280989911325451,0.1280989916097977,CNOT3
0.7254126101500725,0.0625,0.1563114449879405,0.15631144680061426,Hadamard
0.7254126090703302,0.0625,0.31987606318705747,0.31987607099902404,CNOT
0.7254126101500725,0.2282281526172709,0.2568414595831139,0.2568414628825968,CNOT2
0.7254126090703302,0.2282281518405971,0.1545736306750987,0.15457363329050988,CNOT3
0.7254126101500725,0.0625,0.15631144504814926,0.15631144626404705,Hadamard
0.7254126128138615,0.22822815442519728,0.36457692673991354,0.36457693053664314,CNOT
0.7254126097152314,0.3939563052345418,0.29074035313690194,0.29074036123699265,CNOT2
0.7254126113677812,0.2282281526172709,0.26288307593969606,0.26288307853696097,CNOT3
0.7254126101500725,0.0625,0.15631144453920648,0.1563114453046801,Hadamard
0.7254126128138615,0.2282281544251973,0.19892880000238986,0.19892880252107645,CNOT
0.7254126128138615,0.22822815375415667,0.3409197518193213,0.34091975712349065,CNOT2
0.7254126128138615,0.0625,0.2881310408655113,0.28813104447811666,CNOT3
0.7254126112779,0.0625,0.15631144366155192,0.15631144503574038,Hadamard
0.7254126097152314,0.7254126097152314,0.31831704110556985,0.3183170469263966,CNOT
0.7254126128138615,0.22822815442519728,0.38476060247819266,0.3847606075966003,CNOT2
0.7254126102035986,0.0625,0.2919965658827631,0.29199657139694646,CNOT3
0.7254126112779,0.0625,0.15631144547761416,0.15631144620287046,Hadamard
0.7254126101500725,0.0625,0.23519052275364943,0.23519052526610595,CNOT
0.7254126128138615,0.22822815419447215,0.11850059715989741,0.11850059886478101,CNOT2
0.7254126101500724,0.2282281518405971,0.2025022277916675,0.20250222964352801,CNOT3
0.7254126101500725,0.0625,0.1563114441654846,0.15631144634849153,Hadamard
0.7254126128138615,0.0625,0.1353896931296973,0.13538969327441125,CNOT
0.7254126101500725,0.0625,0.3126031131617353,0.3126031176453838,CNOT2
0.7254126101500725,0.3939563052345418,0.18614879973617965,0.1861488015313812,CNOT3
0.7254126112779,0.0625,0.15631144362548433,0.15631144501417296,Hadamard
0.7254126101500725,0.2282281518405971,0.35331661826603555,0.3533166237191533,CNOT
0.7254126097152314,0.0625,0.2951619077318076,0.29516190964079403,CNOT2
0.7254126128138615,0.0625,0.16008539363410024,0.1600853958612429,CNOT3
0.7254126101500725,0.0625,0.15631144430001792,0.1563114464411078,Hadamard
0.7254126128138615,0.0625,0.22522066738225255,0.225220671118215,CNOT
0.7254126090703302,0.3939563052345418,0.14236533449933123,0.1423653357553744,CNOT2
0.7254126101500725,0.2282281526172709,0.24814756540517377,0.248147569864041,CNOT3
0.7254126101500725,0.0625,0.1563114437095517,0.15631144562370555,Hadamard
0.7254126097152314,0.0625,0.27559325137865753,0.2755932560681736,CNOT
0.7254126128138615,0.22822815375415667,0.18406589381746985,0.1840658958970357,CNOT2
0.7254126108812813,0.2282281526172709,0.22280640729950082,0.2228064099659393,CNOT3
0.7254126101500725,0.0625,0.1563114446632744,0.15631144533800126,Hadamard
0.7254126128138615,0.22822815375415667,0.41833305959751005,0.4183330648270892,CNOT
0.7254126108812813,0.39395630419407857,0.33076877685802597,0.3307687840783305,CNOT2
0.7254126097152314,0.0625,0.20417203302825346,0.20417203684850588,CNOT3
0.4182621795835859,0.0625,0.5619712226799701,0.5619712464876496,Hadamard
0.7254126128138615,0.3939563083889443,0.2654747103628709,0.26547471619965257,CNOT
0.7254126113677812,0.2282281526172709,0.40400487826841763,0.4040048815180529,CNOT2
0.7254126128138615,0.0625,0.40806442731118703,0.40806443784348406,CNOT3
0.7287390462596247,0.0625,0.6069146185827069,0.6069146411101973,Hadamard
0.7254126090703302,0.0625,0.1765639688672605,0.1765639702935978,CNOT
0.7254126097152314,0.3939563052345418,0.40426736979111083,0.4042673747439932,CNOT2
0.7254126097152312,0.3939563036811942,0.25305302576668265,0.2530530280586239,CNOT3
0.7254126112779,0.0625,0.15631144490015356,0.15631144504389077,Hadamard
0.7254126097152314,0.7254126097152314,0.12592142175296828,0.12592142357964842,CNOT
0.7254126108812813,0.2282281526172709,0.33325368165239283,0.33325368851675696,CNOT2
0.7254126128138615,0.2282281546158996,0.3065791796071016,0.30657918248289423,CNOT3
0.7254126101500725,0.0625,0.15631144411099757,0.1563114469154921,Hadamard
0.7254126097152314,0.5596844555217912,0.2250437377974881,0.22504373928764937,CNOT
0.7254126128138615,0.22822815432449628,0.4330017640629467,0.43300177149223085,CNOT2
0.7254126128138615,0.0625,0.1670721981253413,0.16707220125548813,CNOT3
0.7254126112779,0.0625,0.156311444682284,0.15631144509960188,Hadamard
0.7254126113677811,0.22822815209703926,0.25460049989819633,0.2546005031781304,CNOT
0.7254126097152314,0.5596844555217915,0.21727178176832843,0.21727178298369912,CNOT2
0.7254126116397606,0.0625,0.2282281564248585,0.2282281615045514,CNOT3
0.7254126101500725,0.0625,0.15631144453394014,0.15631144481246234,Hadamard
0.7254126108812813,0.0625,0.23519052270243182,0.23519052458237538,CNOT
0.7254126128138615,0.3939563083889443,0.16184676884397425,0.16184677191384222,CNOT2
0.7254126128138615,0.7254126128138615,0.20992258072721207,0.20992258228869184,CNOT3
0.7254126101500725,0.0625,0.156311443950716,0.1563114458144999,Hadamard
0.7254126097152314,0.2282281518405971,0.19284869615921074,0.19284869815585085,CNOT
0.7254126128138615,0.39395630897083317,0.4537844875153134,0.45378449596856635,CNOT2
0.7254126113677812,0.2282281526172709,0.1578410136081726,0.15784101295960348,CNOT3
0.7254126112779,0.0625,0.15631144400028435,0.15631144563664046,Hadamard
0.7254126116397607,0.5596844604222622,0.09063734000964334,0.090637339762355,CNOT
0.7254126113677811,0.0625,0.24931011623420504,0.24931011936284597,CNOT2
0.7254126090703302,0.0625,0.15053686606990357,0.15053686731831079,CNOT3
0.7254126112779,0.0625,0.15631144529715624,0.1563114459347857,Hadamard
0.7254126097152314,0.2282281518405971,0.355847337898877,0.35584734382876737,CNOT
0.7254126113677812,0.3939563052345418,0.30871129505056427,0.30871129824176935,CNOT2
0.7254126097152314,0.0625,0.24354896737030046,0.2435489723680168,CNOT3
0.7254126112779,0.0625,0.1563114437080017,0.15631144500404018,Hadamard
0.7254126090703302,0.0625,0.1796875049635491,0.17968751264563465,CNOT
0.7254126108812813,0.3939563052345418,0.14564486372705904,0.14564486513207536,CNOT2
0.7254126097152314,0.5596844555217912,0.3409197504379589,0.34091975611478187,CNOT3
0.7254126101500725,0.0625,0.15631144423187313,0.15631144603167418,Hadamard
0.7254126128138615,0.0625,0.18507055854075305,0.1850705591218723,CNOT
0.7254126128138615,0.0625,0.19574859216586196,0.19574859346216164,CNOT2
0.7254126101500725,0.2282281526172709,0.2575232981691302,0.2575233006074349,CNOT3
0.7254126101500725,0.0625,0.15631144543010161,0.1563114455328822,Hadamard
0.7254126097152314,0.5596844555217912,0.277442886060038,0.27744289084837503,CNOT
0.7254126101500725,0.3939563052345418,0.22822815712593356,0.22822816524898212,CNOT2
0.7254126128138615,0.39395630885039457,0.2713930724272057,0.2713930730928452,CNOT3
0.7254126101500725,0.0625,0.1563114446673572,0.15631144546128786,Hadamard
0.7254126128138615,0.39395630885039457,0.2745271796864329,0.27452718581215974,CNOT
0.7254126128138615,0.39395630750831334,0.3759480296784564,0.3759480337961745,CNOT2
0.7254126090703302,0.0625,0.15488562182099747,0.1548856232263317,CNOT3
0.7254126101500725,0.0625,0.15631144521922144,0.1563114452120051,Hadamard
0.7254126128138615,0.22822815510978697,0.25594697241789377,0.25594697567131686,CNOT
0.7254126102035987,0.22822815209703926,0.20250222720810268,0.2025022287235841,CNOT2
0.7254126097152314,0.3939563052345418,0.1803645704299132,0.18036457221856575,CNOT3
0.7254126101500725,0.0625,0.15631144416642634,0.1563114457289326,Hadamard
0.7254126090703302,0.0625,0.37522425155233446,0.37522425813935095,CNOT
0.7254126128138615,0.2282281547544797,0.3604669553973665,0.36046696155088237,CNOT2
0.7254126097152314,0.2282281526172709,0.14055625513239461,0.14055625633375796,CNOT3
0.7254126101500725,0.0625,0.1563114452967832,0.15631144613601977,Hadamard
0.7254126108812813,0.0625,0.20094718478788,0.20094718775616788,CNOT
0.7254126097152314,0.2282281526172709,0.2030144209990099,0.20301442367276917,CNOT2
0.7254126101500725,0.0625,0.2590355768797923,0.25903557876026745,CNOT3
0.7254126112779,0.0625,0.15631144438817804,0.1563114450580157,Hadamard
0.7254126128138615,0.22822815375415667,0.5355067094364064,0.5355067182858815,CNOT
0.7254126128138615,0.228228153460782,0.4337016794550816,0.4337016885475026,CNOT2
0.7254126128138615,0.22822815419447215,0.17555211471142662,0.17555211704055546,CNOT3
0.7254126131590148,0.0625,0.1563114438073554,0.1563114455204634,Hadamard
0.7254126097152314,0.3939563052345418,0.31541105633526484,0.31541106008453484,CNOT
0.7254126128138615,0.22822815442519728,0.11531283614399913,0.11531283569429977,CNOT2
0.7254126101500724,0.3939563036811942,0.22253754286136954,0.2225375450016767,CNOT3
0.7254126101500725,0.0625,0.15631144434823108,0.156311445929222,Hadamard
0.7254126128138615,0.228228155436112,0.22691660857473234,0.2269166127185393,CNOT
0.7254126097152312,0.3939563052345418,0.21157705356185827,0.21157705546953545,CNOT2
0.7254126113677812,0.22822815209703926,0.19666580180173682,0.19666580509613033,CNOT3
0.31145368265874185,0.0625,0.33465565974338746,0.33465566841668604,Hadamard
0.7254126128138615,0.3939563083889443,0.17968750431001662,0.17968750775504566,CNOT
0.7254126128138615,0.22822815392310344,0.17345992285461564,0.17345992429285553,CNOT2
0.7254126128138615,0.3939563091833641,0.39572487511577875,0.39572488436772785,CNOT3
0.7254126101500725,0.0625,0.15631144437556455,0.15631144578788675,Hadamard
0.7254126101500725,0.0625,0.21055790376673741,0.21055790603758998,CNOT
0.7254126097152312,0.3939563052345418,0.20073208674062618,0.20073209625139654,CNOT2
0.7254126128138615,0.22822815436615793,0.34362208338747247,0.3436220890565288,CNOT3
0.7254126112779,0.0625,0.15631144474410985,0.1563114455000904,Hadamard
0.7254126128138615,0.3939563078101777,0.2992765349004652,0.29927654189868924,CNOT
0.7254126116397606,0.22822815437908872,0.2671880977187809,0.2671880997321182,CNOT2
0.7254126101500725,0.2282281518405971,0.3876759714331693,0.38767597893570543,CNOT3
0.2575599683185871,0.0625,0.3605878278452555,0.3605878376805947,Hadamard
0.7254126128138615,0.3939563096944519,0.20404018541085558,0.20404018701741777,CNOT
0.7254126090703302,0.0625,0.21007189356241276,0.21007189526668735,CNOT2
0.7254126128138615,0.0625,0.23017682568539993,0.23017682924568364,CNOT3
0.7254126101500725,0.0625,0.1563114446001403,0.1563114456558457,Hadamard
0.7254126128138615,0.22822815419447212,0.1644608094529898,0.16446080941223123,CNOT
0.7254126113677811,0.0625,0.23718760568167252,0.23718760832836883,CNOT2
0.7254126116397606,0.39395630838894424,0.0625,0.0625,CNOT3
0.9661478316936927,0.0625,0.5433907039031829,0.5433907220331636,Hadamard
0.7254126101500725,0.2282281526172709,0.26003959709554,0.2600396008414174,CNOT
0.7254126128138615,0.0625,0.22086997078871723,0.22086997304074982,CNOT2
0.7254126128138615,0.5596844608426526,0.14820921025131067,0.14820921085951733,CNOT3
0.7254126112779,0.0625,0.15631144363124294,0.15631144595797358,Hadamard
0.7254126097152314,0.3939563052345418,0.1465044473797674,0.1465044484181656,CNOT
0.7254126101500725,0.2282281526172709,0.19171578632807706,0.19171578809381648,CNOT2
0.7254126128138615,0.0625,0.2320772768609313,0.23207727867896966,CNOT3
0.7254126101500725,0.0625,0.15631144430479185,0.15631144563802307,Hadamard
0.7254126101500724,0.2282281518405971,0.382458651498662,0.38245865952393154,CNOT
0.7254126128138615,0.22822815375415667,0.26803366844913834,0.2680336713209779,CNOT2
0.7254126090703302,0.3939563036811942,0.3828417145994333,0.3828417196449424,CNOT3
0.7254126112779,0.0625,0.15631144439786174,0.15631144584197051,Hadamard
0.7254126128138615,0.0625,0.17234912259158663,0.17234912318670598,CNOT
0.7254126113677812,0.5596844563943215,0.3479746711802388,0.347974679437021,CNOT2
0.7254126128138615,0.22822815375415667,0.3440340077175221,0.344034015517129,CNOT3
0.7254126101500725,0.0625,0.1563114443916542,0.15631144475810213,Hadamard
0.7254126148252154,0.0625,0.23062466399259582,0.23062466479652724,CNOT
0.7254126101500725,0.2282281526172709,0.1778252389536087,0.17782523942652317,CNOT2
0.7254126101500725,0.2282281518405971,0.21727178117627213,0.2172717825516136,CNOT3
0.7254126112779,0.0625,0.15631144424880794,0.1563114464469024,Hadamard
0.7254126128138615,0.0625,0.33041866700200534,0.33041867244682427,CNOT
0.7254126128138615,0.22822815432449628,0.3372008532958602,0.33720085852845677,CNOT2
0.7254126128138615,0.22822815335613786,0.09483196258273088,0.09483196141517848,CNOT3
0.7254126112779,0.0625,0.15631144476027797,0.1563114455698824,Hadamard
0.7254126101500725,0.2282281518405971,0.26288307613419115,0.262883080329556,CNOT
0.7254126101500724,0.2282281526172709,0.45878234879712115,0.45878235537413703,CNOT2
0.7254126101500725,0.2282281526172709,0.3165485816100272,0.31654858596710506,CNOT3
0.7254126112779,0.0625,0.15631144348870085,0.1563114461581293,Hadamard
0.7254126148252154,0.0625,0.25218144638888296,0.2521814491364262,CNOT
0.7254126101500725,0.3939563052345418,0.2428142974159872,0.2428142984965939,CNOT2
0.7254126097152314,0.2282281518405971,0.14820920929856146,0.14820921067370046,CNOT3
0.9859348534098098,0.0625,0.39271596024631816,0.39271597001664177,Hadamard
0.7254126128138615,0.22822815510978697,0.09483196082521142,0.09483196140924356,CNOT
0.7254126108812813,0.3939563041940785,0.26937893579675837,0.26937894248559613,CNOT2
0.7254126097152314,0.2282281518405971,0.15171000005664165,0.15171000126944378,CNOT3
0.7254126101500725,0.0625,0.15631144403063807,0.1563114450698032,Hadamard
0.7254126101500725,0.2282281518405971,0.20977978543669398,0.2097797863975369,CNOT
0.7254126148252154,0.0625,0.3029307956166727,0.3029308002403586,CNOT2
0.7254126128138615,0.5596844606328508,0.18746274685700787,0.18746274923479675,CNOT3
0.7254126112779,0.0625,0.1563114431832625,0.1563114452625654,Hadamard
0.7254126113677812,0.2282281526172709,0.33050970108785566,0.33050970664234314,CNOT
0.7254126128138615,0.0625,0.39112442661921043,0.3911244311170754,CNOT2
0.7254126101500725,0.3939563052345418,0.24501938430261358,0.2450193856621213,CNOT3
0.7254126101500725,0.0625,0.15631144537278951,0.1563114453987184,Hadamard
0.7254126128138615,0.5596844604222622,0.15784101332541095,0.15784101409901705,CNOT
0.7254126128138615,0.22822815480789924,0.35051435885395826,0.35051436560392607,CNOT2
0.7254126128138615,0.3939563106179252,0.2992765366528649,0.2992765410789328,CNOT3
0.7254126101500725,0.0625,0.15631144425789817,0.15631144645595718,Hadamard
0.7254126128138615,0.0625,0.4464468621368418,0.4464468708192524,CNOT
0.7254126148252154,0.0625,0.2916495752649212,0.29164958010163733,CNOT2
0.7254126090703302,0.0625,0.38159047894015014,0.38159048485618957,CNOT3
0.7254126101500725,0.0625,0.15631144381640097,0.1563114457299352,Hadamard
0.7254126097152314,0.0625,0.42301999537721063,0.4230200036536398,CNOT
0.7254126097152314,0.2282281526172709,0.316548582363837,0.316548585820076,CNOT2
0.7254126123815592,0.3939563036811942,0.3870773586370645,0.38707736188801656,CNOT3
0.7254126101500725,0.0625,0.15631144382066783,0.15631144476105263,Hadamard
0.7254126148252154,0.39395630885039457,0.20060547817405874,0.2006054788492061,CNOT
0.7254126116397607,0.0625,0.1618467685486754,0.16184677204038936,CNOT2
0.7254126097152314,0.2282281518405971,0.27189018425794087,0.2718901892121031,CNOT3
0.7254126112779,0.0625,0.15631144338028044,0.15631144489440008,Hadamard
0.7254126128138615,0.228228153193495,0.31012569556077246,0.31012570153953506,CNOT
0.7254126097152314,0.0625,0.27903426993061275,0.27903427661474495,CNOT2
0.7254126101500725,0.3939563052345418,0.17113399822483066,0.17113399995537237,CNOT3
0.7254126101500725,0.0625,0.15631144392717464,0.1563114451764767,Hadamard
0.7254126128138615,0.228228153460782,0.4715809459345921,0.4715809541980163,CNOT
0.7254126113677812,0.2282281526172709,0.22691661007748776,0.22691661203695102,CNOT2
0.7254126101500725,0.0625,0.23049361793035036,0.23049361944743468,CNOT3
0.7254126101500725,0.0625,0.15631144385999768,0.15631144498690402,Hadamard
0.7254126128138615,0.3939563096157985,0.15911875462985797,0.15911875590680916,CNOT
0.7254126128138615,0.22822815448541658,0.15784101297901873,0.157841013062535,CNOT2
0.7254126101500725,0.5596844555217912,0.3771441789125928,0.37714418443732617,CNOT3
0.7254126101500725,0.0625,0.15631144372440647,0.15631144507815817,Hadamard
0.7254126101500725,0.0625,0.41406250943184597,0.4140625137629165,CNOT
0.7254126128138615,0.39395630750831334,0.10749767702038253,0.10749767823284057,CNOT2
0.7254126128138615,0.39395631116195173,0.25006058035913015,0.25006058339521076,CNOT3
0.8515532712964909,0.0625,0.2182327656407496,0.2182327709000773,Hadamard
0.7254126128138615,0.22822815522299034,0.18406589266026138,0.18406589612975088,CNOT
0.7254126128138615,0.22822815419447212,0.1728105871125416,0.17281058926609194,CNOT2
0.7254126097152314,0.3939563052345418,0.12064930840689936,0.12064930918319984,CNOT3
0.7254126101500725,0.0625,0.15631144488548804,0.1563114448729711,Hadamard
0.7254126101500725,0.5596844555217915,0.262883074094731,0.26288307843190545,CNOT
0.7254126128138615,0.22822815405794628,0.2360261895444611,0.23602619127146882,CNOT2
0.7254126101500725,0.5596844555217912,0.21269099735317404,0.21269099972902442,CNOT3
0.7254126141487207,0.0625,0.15631144392511465,0.15631144577181041,Hadamard
0.7254126097152314,0.2282281518405971,0.27305830605687176,0.2730583070217465,CNOT
0.7254126128138615,0.22822815419447212,0.23778175422740766,0.23778175744110291,CNOT2
0.7254126128138615,0.22822815379294142,0.18406589471786539,0.18406589627660364,CNOT3
0.7254126101500725,0.0625,0.15631144560442115,0.15631144557047688,Hadamard
0.7254126113677812,0.3939563041940785,0.21007189450822022,0.21007189573058888,CNOT
0.7254126090703302,0.3939563052345418,0.09842535129956718,0.09842535663186715,CNOT2
0.7254126090703302,0.0625,0.2577835950806425,0.2577835989840879,CNOT3
0.7254126101500725,0.0625,0.15631144422150584,0.15631144503941036,Hadamard
0.7254126128138615,0.22822815442519728,0.20395595213803822,0.20395595294220598,CNOT
0.7254126128138615,0.39395630838894424,0.2881310418230182,0.28813104713598925,CNOT2
0.7254126101500725,0.3939563052345418,0.3122275331394654,0.3122275403513772,CNOT3
0.7254126101500725,0.0625,0.1563114448597697,0.15631144447420636,Hadamard
0.7254126128138615,0.22822815419447215,0.31967861950963394,0.31967862392349783,CNOT
0.7254126128138615,0.3939563091833641,0.42057679574487783,0.4205768035669719,CNOT2
0.7254126128138615,0.5596844590142509,0.26951797893252805,0.26951798360678914,CNOT3
0.9880036314803556,0.0625,0.5133135521804648,0.5133135650140345,Hadamard
0.7254126101500725,0.0625,0.17113399966745002,0.17113400071058474,CNOT
0.7254126128138615,0.22822815419447215,0.19238062960829969,0.19238063139789352,CNOT2
0.7254126128138615,0.0625,0.20431460577908497,0.20431460849896704,CNOT3
0.7254126101500725,0.0625,0.15631144371631567,0.15631144575736994,Hadamard
0.7254126128138615,0.39395630784620683,0.31791958925502073,0.3179195927195866,CNOT
0.7254126101500725,0.0625,0.2654747084916548,0.2654747130632045,CNOT2
0.7254126128138615,0.2282281546158996,0.11531283530918389,0.11531283698669878,CNOT3
0.9993989284408322,0.0625,0.47302529358309675,0.4730253034350699,Hadamard
0.7254126116397606,0.0625,0.1709310811680418,0.17093108192039666,CNOT
0.7254126101500725,0.3939563036811942,0.28044367579258583,0.2804436774122149,CNOT2
0.7254126128138615,0.559684459246116,0.17782523774690326,0.17782524034552724,CNOT3
0.7254126112779,0.0625,0.15631144345152623,0.1563114460501857,Hadamard
0.7254126128138615,0.0625,0.0625,0.0625,CNOT
0.7254126128138615,0.22822815419447212,0.5101133601407558,0.5101133682332866,CNOT2
0.7254126116397607,0.0625,0.2105579026465591,0.21055790406438743,CNOT3
0.7254126112779,0.0625,0.15631144354705828,0.15631144528727609,Hadamard
0.725412608305379,0.2282281526172709,0.3078303904327721,0.30783039410058555,CNOT
0.7254126097152314,0.2282281526172709,0.34091975067811103,0.3409197573526432,CNOT2
0.7254126128138615,0.22822815510978697,0.14820921091283507,0.14820921124538042,CNOT3
0.06711209181462126,0.0625,0.4475914418392238,0.44759145384778126,Hadamard
0.7254126128138615,0.22822815375415667,0.1529626457930202,0.15296264702454013,CNOT
0.7254126128138615,0.0625,0.16008539443122438,0.16008539579335435,CNOT2
0.7254126128138615,0.22822815442519728,0.22034020601525456,0.22034020824880574,CNOT3
0.7095239066307022,0.0625,0.6064729646081924,0.6064729865418029,Hadamard
0.7254126128138615,0.22822815419447212,0.17225709974021122,0.17225710064735653,CNOT
0.7254126101500725,0.0625,0.1796875035722847,0.17968750679977102,CNOT2
0.7254126097152312,0.2282281518405971,0.3496995718720617,0.34969957519596406,CNOT3
0.7254126101500725,0.0625,0.15631144465205093,0.15631144623121696,Hadamard
0.7254126097152314,0.2282281526172709,0.36022576005395923,0.3602257675339998,CNOT
0.7254126128138615,0.22822815510978697,0.16658529545869083,0.16658529735574296,CNOT2
0.7254126090703302,0.0625,0.24315173812883717,0.24315174065295922,CNOT3
0.7254126101500725,0.0625,0.15631144456265098,0.15631144540350794,Hadamard
0.7254126128138615,0.0625,0.12809899032455213,0.12809899175658196,CNOT
0.7254126128138615,0.22822815419447215,0.1578410131333503,0.15784101503919135,CNOT2
0.7254126128138615,0.22822815436615793,0.2768244304460221,0.2768244327603822,CNOT3
0.7254126101500725,0.0625,0.15631144397665916,0.156311444568028,Hadamard
0.7254126128138615,0.5596844608426526,0.3191619545007222,0.3191619575828711,CNOT
0.7254126097152314,0.3939563036811942,0.2553119715936206,0.2553119745237912,CNOT2
0.7254126097152314,0.3939563052345418,0.2238220582918903,0.2238220623024279,CNOT3
0.7254126101500725,0.0625,0.1563114438578455,0.15631144503853514,Hadamard
0.7254126097152314,0.0625,0.2777962929530772,0.2777962970808746,CNOT
0.7254126128138615,0.39395630838894424,0.22477857781751334,0.22477858229421288,CNOT2
0.7254126128138615,0.5596844579913333,0.18900287281031228,0.1890028756030707,CNOT3
0.7254126112779,0.0625,0.15631144422087034,0.15631144528192553,Hadamard
0.7254126108812813,0.2282281526172709,0.19795232916730554,0.19795233291405318,CNOT
0.7254126128138615,0.0625,0.2902128159866251,0.29021281958231115,CNOT2
0.7254126128138615,0.22822815419447212,0.22504373743203862,0.22504373974695357,CNOT3
0.7254126101500725,0.0625,0.15631144462694424,0.15631144647733755,Hadamard
0.7254126097152312,0.0625,0.36630227566050555,0.3663022845273539,CNOT
0.7254126090703302,0.5596844555217912,0.24546779329108048,0.245467795184803,CNOT2
0.7254126113677812,0.2282281526172709,0.11957777089762525,0.11957777202794752,CNOT3
0.7254126101500725,0.0625,0.1563114435351718,0.15631144604304767,Hadamard
0.7254126101500725,0.0625,0.40426736747043907,0.4042673729125869,CNOT
0.7254126113677811,0.3939563041940785,0.293699669618258,0.29369967485216203,CNOT2
0.7254126116397606,0.0625,0.32769923943694834,0.3276992408742003,CNOT3
0.7254126112779,0.0625,0.15631144311936573,0.1563114450507725,Hadamard
0.7254126128138615,0.2282281544854166,0.17281058826933454,0.17281058880339403,CNOT
0.7254126101500725,0.0625,0.3113184730944243,0.3113184747440355,CNOT2
0.7254126101500725,0.0625,0.16814284785767708,0.16814284813470246,CNOT3
0.7254126101500725,0.0625,0.15631144406394437,0.15631144571718197,Hadamard
0.7254126090703302,0.3939563036811942,0.2553119721597134,0.2553119720578872,CNOT
0.7254126101500725,0.2282281526172709,0.27510479846547087,0.27510480126690295,CNOT2
0.7254126101500725,0.0625,0.10822429727150297,0.10822429758066324,CNOT3
0.7254126101500725,0.0625,0.15631144499168717,0.15631144602775285,Hadamard
0.7254126101500725,0.0625,0.14068559850653817,0.14068559906356984,CNOT
0.7254126097152314,0.2282281526172709,0.16360090726747356,0.16360090894959928,CNOT2
0.7254126101500725,0.3939563036811942,0.23477401962787478,0.23477402296582187,CNOT3
0.7254126112779,0.0625,0.15631144401439412,0.15631144521150353,Hadamard
0.7254126116397606,0.0625,0.4327456893948061,0.4327456961513806,CNOT
0.7254126128138615,0.0625,0.10194761801651755,0.10194761882840508,CNOT2
0.7254126128138615,0.5596844608426526,0.17555211684956157,0.17555211829584472,CNOT3
0.7254126112779,0.0625,0.1563114439784263,0.15631144508266484,Hadamard
0.7254126109372627,0.3939563036811942,0.3484809617193065,0.3484809663148965,CNOT
0.7254126128138615,0.0625,0.3781930482503789,0.378193056873261,CNOT2
0.7254126128138615,0.22822815419447212,0.16658529539569017,0.16658529699149244,CNOT3
0.7254126131590148,0.0625,0.15631144540875927,0.15631144571166067,Hadamard
0.7254126128138615,0.2282281539050888,0.31012569660309497,0.3101257024610068,CNOT
0.7254126097152314,0.0625,0.14761446744973644,0.14761446890157062,CNOT2
0.7254126128138615,0.22822815419447215,0.47203958316492767,0.47203959020950215,CNOT3
0.7254126131590148,0.0625,0.1563114448787682,0.15631144501121486,Hadamard
0.7254126090703302,0.3939563052345418,0.3047569630285321,0.3047569658004562,CNOT
0.7254126128138615,0.39395630885039457,0.23994886067180649,0.2399488632519613,CNOT2
0.7254126097152314,0.3939563052345418,0.12592142178179908,0.12592142645067841,CNOT3
0.7254126112779,0.0625,0.15631144462189356,0.15631144503927774,Hadamard
0.7254126128138615,0.2282281546158996,0.2126909970421018,0.21269100065474392,CNOT
0.7254126128138615,0.22822815442519728,0.2927613445054389,0.29276134945678534,CNOT2
0.7254126128138615,0.393956310872224,0.08724581220410162,0.08724581186540672,CNOT3
0.7254126131590148,0.0625,0.15631144456727566,0.1563114450828702,Hadamard
0.7254126097152314,0.0625,0.2488069897838859,0.24880699352515517,CNOT
0.7254126128138615,0.22822815530896257,0.3108251022032467,0.31082510782232153,CNOT2
0.7254126097152314,0.2282281526172709,0.3600211297664384,0.3600211360733366,CNOT3
0.6028914863461603,0.0625,0.5973802870621319,0.5973803119636534,Hadamard
0.7254126097152314,0.5596844555217912,0.4129516013508389,0.4129516079291284,CNOT
0.7254126101500725,0.2282281526172709,0.20029792609932845,0.20029792924623377,CNOT2
0.7254126097152312,0.0625,0.3957248751195416,0.3957248796703097,CNOT3
0.7254126101500725,0.0625,0.15631144413353276,0.15631144552072962,Hadamard
0.7254126097152314,0.2282281518405971,0.15457363171470603,0.1545736322516944,CNOT
0.7254126116397606,0.0625,0.219771025410579,0.21977103118905908,CNOT2
0.7254126128138615,0.0625,0.3875874687287197,0.38758747671285126,CNOT3
0.21757823971586046,0.0625,0.3791760831683325,0.3791760967955284,Hadamard
0.7254126128138615,0.22822815436615793,0.31626564632574117,0.31626565089519737,CNOT
0.7254126128138615,0.3939563092317992,0.13538969432757958,0.13538969437542298,CNOT2
0.7254126101500725,0.5596844555217912,0.40969089501993755,0.40969090078153236,CNOT3
0.7254126112779,0.0625,0.1563114443792254,0.15631144530286045,Hadamard
0.7254126113677812,0.2282281526172709,0.32800804945527057,0.3280080512034609,CNOT
0.7254126128138615,0.0625,0.38460293165612197,0.3846029405737139,CNOT2
0.7254126090703302,0.2282281526172709,0.3402446802676085,0.3402446837394755,CNOT3
0.7254126141487207,0.0625,0.15631144391521606,0.15631144616442438,Hadamard
0.7254126128138615,0.0625,0.2777962924112503,0.27779629711998166,CNOT
0.7254126101500724,0.0625,0.22477857885120583,0.22477858121478594,CNOT2
0.7254126097152314,0.3939563052345418,0.12592142199478307,0.12592142427515993,CNOT3
0.7254126101500725,0.0625,0.15631144417414533,0.1563114454275052,Hadamard
0.7254126128138615,0.0625,0.28320044939914674,0.2832004542833671,CNOT
0.7254126090703302,0.2282281526172709,0.20029792582142658,0.2002979285509036,CNOT2
0.7254126101500724,0.5596844555217915,0.36104845286153947,0.3610484579963101,CNOT3
0.7254126101500725,0.0625,0.1563114439248232,0.15631144485509818,Hadamard
0.7254126128138615,0.7254126128138615,0.2697258966088595,0.26972590132723373,CNOT
0.7254126128138615,0.5596844608426524,0.28064117979556774,0.280641184733463,CNOT2
0.7254126128138615,0.22822815461589957,0.13563400887501806,0.13563400892930083,CNOT3
0.7254126112779,0.0625,0.1563114458885709,0.1563114459087266,Hadamard
0.7254126097152314,0.3939563052345418,0.26547470938438045,0.26547471399553824,CNOT
0.7254126128138615,0.22822815375415667,0.48714584884366224,0.4871458572367638,CNOT2
0.7254126128138615,0.0625,0.30026417773008185,0.30026418329089455,CNOT3
0.7254126112779,0.0625,0.15631144403793407,0.1563114459811329,Hadamard
0.7254126128138615,0.0625,0.40042764388966945,0.40042765110021644,CNOT
0.7254126101500725,0.0625,0.22027617563277796,0.220276178257874,CNOT2
0.7254126128138615,0.39395630885039457,0.3076232428777147,0.3076232471733714,CNOT3
0.7254126112779,0.0625,0.15631144407637892,0.1563114458151537,Hadamard
0.7254126090703302,0.2282281518405971,0.261072542462945,0.2610725457292307,CNOT
0.7254126101500725,0.3939563052345418,0.23262988567014475,0.23262988916220514,CNOT2
0.7254126128138615,0.39395630838894424,0.28813104242363735,0.2881310469746838,CNOT3
0.7254126101500725,0.0625,0.156311444230749,0.1563114455528336,Hadamard
0.7254126101500725,0.0625,0.23062466272595045,0.23062466712092128,CNOT
0.7254126128138615,0.22822815442519728,0.3246490116683782,0.324649014380744,CNOT2
0.7254126113677812,0.3939563041940785,0.09842535020034918,0.09842535896306026,CNOT3
0.7254126101500725,0.0625,0.1563114442703807,0.15631144502406752,Hadamard
0.7254126101500725,0.2282281526172709,0.2910512475942367,0.2910512529249023,CNOT
0.7254126097152314,0.0625,0.15032453540875546,0.15032453603983914,CNOT2
0.7254126128138615,0.22822815375415667,0.18406589429026182,0.18406589554268482,CNOT3
0.7254126112779,0.0625,0.15631144478730177,0.15631144498788332,Hadamard
0.7254126097152314,0.3939563052345418,0.284914818069272,0.2849148209962322,CNOT
0.7254126113677812,0.2282281526172709,0.11531283539684187,0.1153128367609095,CNOT2
0.7254126101500725,0.3939563036811942,0.3484809577262996,0.3484809647624069,CNOT3
0.7254126101500725,0.0625,0.15631144438947486,0.15631144562613675,Hadamard
0.7254126128138615,0.22822815437908872,0.20817998656769338,0.20817998897476397,CNOT
0.7254126101500725,0.2282281526172709,0.16360090700012078,0.16360090877278874,CNOT2
0.7254126097152312,0.0625,0.3495495871150988,0.34954959461812024,CNOT3
0.8640813929813198,0.0625,0.2289370134250781,0.22893701803140418,Hadamard
0.7254126101500725,0.0625,0.16008539457138637,0.16008539639408678,CNOT
0.7254126128138615,0.22822815442519728,0.31012569771140075,0.3101257027449531,CNOT2
0.7254126128138615,0.2282281541624517,0.5584753222301437,0.5584753359465437,CNOT3
0.7254126112779,0.0625,0.1563114442597897,0.15631144491306093,Hadamard
0.7254126101500725,0.0625,0.2693789351512448,0.2693789400250627,CNOT
0.7254126128138615,0.22822815442519728,0.2046723561207561,0.20467235796010202,CNOT2
0.7254126097152312,0.0625,0.2073357126795279,0.20733571535184292,CNOT3
0.7254126101500725,0.0625,0.15631144415633427,0.15631144574031303,Hadamard
0.7254126128138615,0.0625,0.35839056525468865,0.3583905719652612,CNOT
0.7254126108812813,0.2282281526172709,0.23017185981654464,0.2301718646960637,CNOT2
0.7254126101500725,0.2282281518405971,0.17782523715351886,0.17782524117300058,CNOT3
0.7254126101500725,0.0625,0.15631144446529915,0.15631144506983935,Hadamard
0.7254126097152312,0.3939563036811942,0.37002928725079426,0.37002928978262867,CNOT
0.7254126128138615,0.0625,0.3401410582339138,0.3401410624314329,CNOT2
0.7254126128138615,0.22822815510978697,0.26838289788504055,0.2683829034157442,CNOT3
0.7254126131590148,0.0625,0.15631144364078717,0.15631144612482487,Hadamard
0.7254126128138615,0.3939563083889443,0.35126508060645134,0.35126508378990307,CNOT
0.7254126128138615,0.39395630885039457,0.2957317451770093,0.29573175047049105,CNOT2
0.7254126128138615,0.39395630885039457,0.40525823888376694,0.40525824561844603,CNOT3
0.7254126101500725,0.0625,0.1563114446790726,0.15631144595282156,Hadamard
0.7254126097152314,0.2282281526172709,0.14438488441123462,0.14438488600381472,CNOT
0.7254126108812813,0.3939563041940785,0.2158665677580766,0.21586656912872307,CNOT2
0.7254126128138615,0.0625,0.15773497307298825,0.15773497416415366,CNOT3
0.7254126112779,0.0625,0.15631144523772272,0.15631144498656457,Hadamard
0.7254126108812813,0.2282281526172709,0.2666211535742331,0.2666211564429332,CNOT
0.7254126128138615,0.39395630885039457,0.3401410622431307,0.3401410642283615,CNOT2
0.7254126097152314,0.5596844555217915,0.09483196121419527,0.0948319618648767,CNOT3
0.7254126131590148,0.0625,0.15631144514710937,0.15631144512457162,Hadamard
0.7254126097152314,0.3939563052345418,0.1796875033379584,0.17968750967600214,CNOT
0.7254126116397606,0.0625,0.39622177250159024,0.39622178063575075,CNOT2
0.7254126128138615,0.5596844604222622,0.3726878553477625,0.37268785879095784,CNOT3
0.9602924273766833,0.0625,0.5489191545935608,0.548919176948401,Hadamard
0.7254126128138615,0.22822815484722592,0.23567486420407996,0.23567486866404952,CNOT
0.7254126128138615,0.22822815428351387,0.1220418307693486,0.12204183133728247,CNOT2
0.7254126101500725,0.0625,0.3981498949959023,0.39814990094207486,CNOT3
0.7254126101500725,0.0625,0.15631144466252506,0.15631144568054262,Hadamard
0.7254126128138615,0.5596844606328508,0.30117300754509435,0.30117301212906966,CNOT
0.7254126101500725,0.2282281526172709,0.22504373701576577,0.22504373798659558,CNOT2
0.7254126128138615,0.5596844606328508,0.18819719364578424,0.18819719430511045,CNOT3
0.7254126101500725,0.0625,0.15631144511238226,0.1563114458317003,Hadamard
0.7254126128138615,0.22822815392310344,0.3253641387146224,0.32536414591275664,CNOT
0.7254126128138615,0.22822815442519728,0.13042954437525028,0.13042954512819727,CNOT2
0.7254126128138615,0.0625,0.33517730472194185,0.3351773097364854,CNOT3
0.7254126112779,0.0625,0.15631144400863273,0.1563114450683511,Hadamard
0.7254126097152314,0.2282281518405971,0.3267569105243932,0.326756916029093,CNOT
0.7254126101500725,0.0625,0.2407387424025161,0.24073874357038236,CNOT2
0.7254126101500725,0.2282281518405971,0.17464984751516555,0.17464984942104872,CNOT3
