0.7254126141487207,0.0625,0.1563114442777389,0.15631144602843317,Hadamard
0.7254126097152314,0.2282281518405971,0.3419661580608923,0.34196616408676417,CNOT
0.7254126097152314,0.2282281526172709,0.32614126530652393,0.3261412703436611,CNOT2
0.7254126108812813,0.0625,0.10365078016332616,0.1036507828775027,CNOT3
0.7254126101500725,0.0625,0.1563114444203283,0.15631144621261334,Hadamard
0.7254126128138615,0.0625,0.22945803117733066,0.22945803522968833,CNOT
0.7254126128138615,0.0625,0.28199424060030015,0.2819942436616779,CNOT2
0.7254126097152314,0.2282281518405971,0.15457363119624395,0.15457363196684276,CNOT3
0.7254126112779,0.0625,0.15631144419291526,0.15631144572891376,Hadamard
0.7254126108812813,0.2282281526172709,0.30990355468283315,0.30990355799659985,CNOT
0.7254126101500725,0.2282281518405971,0.28758685400254835,0.28758685895215697,CNOT2
0.7254126128138615,0.0625,0.33869644725752635,0.33869645280120364,CNOT3
0.7254126112779,0.0625,0.156311443647202,0.15631144568472571,Hadamard
0.7254126128138615,0.22822815379294142,0.26288307488331053,0.26288307933848887,CNOT
0.7254126128138615,0.22822815461589957,0.2076860171262902,0.20768601891936544,CNOT2
0.7254126090703302,0.0625,0.18507055750827964,0.18507056015919698,CNOT3
0.18166727335232025,0.0625,0.39538375357907435,0.3953837667269065,Hadamard
0.7254126128138615,0.2282281541624517,0.4131084569069292,0.41310846542731305,CNOT
0.7254126128138615,0.0625,0.2153039448046732,0.2153039470094693,CNOT2
0.7254126090703302,0.2282281518405971,0.2722329937395721,0.2722329956782673,CNOT3
0.7254126101500725,0.0625,0.15631144387802437,0.1563114447345309,Hadamard
0.7254126097152314,0.2282281518405971,0.1966658035301935,0.196665803570669,CNOT
0.7254126128138615,0.22822815461589957,0.2039559513459593,0.2039559542900421,CNOT2
0.7254126097152314,0.3939563036811942,0.2950201977143706,0.2950202018515461,CNOT3
0.7254126101500725,0.0625,0.1563114444270008,0.15631144562649524,Hadamard
0.7254126113677812,0.22822815209703926,0.3265263429274708,0.32652635061025015,CNOT
0.7254126128138615,0.22822815543611197,0.3078303899534842,0.3078303958243537,CNOT2
0.7254126128138615,0.0625,0.38758747166902774,0.3875874787350535,CNOT3
0.7254126112779,0.0625,0.15631144505216732,0.15631144557386858,Hadamard
0.7254126101500725,0.3939563036811942,0.30848787406485967,0.30848787792344967,CNOT
0.7254126128138615,0.22822815375415667,0.165302065217273,0.16530206614106452,CNOT2
0.7254126101500725,0.2282281518405971,0.1443848831200988,0.14438488542840466,CNOT3
0.7254126101500725,0.0625,0.156311444971464,0.15631144628015237,Hadamard
0.7254126128138615,0.22822815459168205,0.33708744900254267,0.33708745648162824,CNOT
0.7254126090703302,0.2282281518405971,0.4672956802000724,0.46729568633460644,CNOT2
0.7254126097152314,0.5596844555217912,0.4384783978723156,0.4384784055103864,CNOT3
0.7254126101500725,0.0625,0.15631144444495682,0.15631144545508982,Hadamard
0.7254126128138615,0.0625,0.31033075157240425,0.310330755881292,CNOT
0.7254126108812813,0.0625,0.1927117775684043,0.19271177922377122,CNOT2
0.7254126128138615,0.559684459246116,0.364576925956645,0.36457692990034474,CNOT3
0.7254126101500725,0.0625,0.1563114442594144,0.15631144469002584,Hadamard
0.7254126097152314,0.2282281526172709,0.32839042075729824,0.32839042495249243,CNOT
0.7254126101500724,0.2282281526172709,0.3201158166813624,0.32011582285446444,CNOT2
0.7254126090703302,0.5596844555217912,0.5292247125282112,0.5292247249039642,CNOT3
0.7254126101500725,0.0625,0.15631144506546368,0.15631144560388316,Hadamard
0.7254126101500724,0.3939563052345418,0.27326273065673595,0.2732627342969073,CNOT
0.7254126128138615,0.22822815459168203,0.17981104396160041,0.17981104555780975,CNOT2
0.7254126097152314,0.3939563052345418,0.17968750460818145,0.17968751024683477,CNOT3
0.25590692133890136,0.0625,0.36136751790947197,0.36136753114442804,Hadamard
0.7254126128138615,0.0625,0.23614740516611854,0.2361474071661441,CNOT
0.7254126101500725,0.2282281526172709,0.27539106510891415,0.27539107012383374,CNOT2
0.7254126097152314,0.2282281526172709,0.490207771638908,0.4902077806231358,CNOT3
0.7254126112779,0.0625,0.1563114450233688,0.15631144572576172,Hadamard
0.7254126128138615,0.39395630961579853,0.3588388420897236,0.35883884936268956,CNOT
0.7254126101500725,0.2282281518405971,0.16026801623615913,0.160268017670211,CNOT2
0.7254126128138615,0.3939563083249034,0.2493101175051728,0.2493101189757699,CNOT3
0.5724161617865664,0.0625,0.5930501488974557,0.5930501722004329,Hadamard
0.7254126128138615,0.0625,0.29927653630226964,0.299276540177851,CNOT
0.7254126097152314,0.3939563036811942,0.20718357432080053,0.2071835778067856,CNOT2
0.7254126097152314,0.3939563036811942,0.1371886273638092,0.13718862788140015,CNOT3
0.7254126101500725,0.0625,0.15631144539999475,0.1563114454622408,Hadamard
0.7254126128138615,0.0625,0.28077305072929587,0.28077305279587994,CNOT
0.7254126148252154,0.0625,0.3515137566403486,0.3515137583784224,CNOT2
0.7254126128138615,0.39395630750831334,0.28813104162249514,0.28813104446978566,CNOT3
0.3251478078381758,0.0625,0.536950453860604,0.5369504695171248,Hadamard
0.7254126128138615,0.0625,0.2968750076198382,0.29687501434891306,CNOT
0.7254126128138615,0.22822815419447212,0.1545736310933181,0.1545736321028105,CNOT2
0.7254126128138615,0.3939563092317992,0.21561285167347807,0.21561285574992575,CNOT3
0.7254126101500725,0.0625,0.15631144473394865,0.15631144592605475,Hadamard
0.7254126108812813,0.0625,0.43313884697993793,0.43313885404537783,CNOT
0.7254126101500725,0.5596844555217912,0.24507473845149746,0.24507474180903582,CNOT2
0.7254126128138615,0.22822815442519728,0.1545736313058903,0.15457363353237394,CNOT3
0.8116940936951562,0.0625,0.6031277542134782,0.6031277742931652,Hadamard
0.7254126128138615,0.22822815461589957,0.3020286373536757,0.302028639560295,CNOT
0.7254126128138615,0.2282281546158996,0.3409197513086675,0.3409197573128836,CNOT2
0.7254126090703302,0.0625,0.2560956619382663,0.256095666741082,CNOT3
0.8278490058351169,0.0625,0.19996281590407303,0.19996281954680853,Hadamard
0.7254126128138615,0.2282281543244963,0.15457363050340284,0.15457363241180344,CNOT
0.7254126097152312,0.3939563052345418,0.21591698443390636,0.21591698740589516,CNOT2
0.7254126113677812,0.2282281526172709,0.2546004996653183,0.25460050296972603,CNOT3
0.7254126101500725,0.0625,0.15631144448785567,0.15631144497918098,Hadamard
0.7254126128138615,0.0625,0.2127582586375602,0.21275826186558877,CNOT
0.7254126090703302,0.2282281518405971,0.38245865108263233,0.382458658467557,CNOT2
0.7254126101500724,0.0625,0.19574859267829492,0.19574859398862504,CNOT3
0.7254126112779,0.0625,0.15631144444652414,0.15631144479447642,Hadamard
0.7254126113677812,0.2282281526172709,0.3761391354623433,0.37613914407905596,CNOT
0.7254126101500724,0.5596844555217915,0.28615857156603824,0.2861585774643731,CNOT2
0.7254126128138615,0.0625,0.32260550660993526,0.3226055104960593,CNOT3
0.7254126101500725,0.0625,0.15631144367049138,0.15631144489331256,Hadamard
0.7254126128138615,0.3939563083889443,0.21275825889750957,0.2127582605342711,CNOT
0.7254126097152314,0.3939563052345418,0.1869055904112923,0.1869055913513441,CNOT2
0.7254126128138615,0.2282281539050888,0.34091975268667957,0.3409197575658858,CNOT3
0.7254126112779,0.0625,0.15631144444522138,0.15631144579214168,Hadamard
0.7254126097152312,0.0625,0.11626608454104473,0.11626608868198948,CNOT
0.7254126128138615,0.22822815419447212,0.1529626467266189,0.15296264543351598,CNOT2
0.7254126097152314,0.2282281526172709,0.5006395874261385,0.5006395942999287,CNOT3
0.7254126101500725,0.0625,0.15631144334787073,0.15631144541335074,Hadamard
0.7254126090703302,0.3939563052345418,0.32769923865900696,0.3276992410619088,CNOT
0.7254126097152312,0.0625,0.24310892190369746,0.24310892543772383,CNOT2
0.7254126102035986,0.0625,0.23737618357610957,0.23737618794184312,CNOT3
0.47199717041432454,0.0625,0.25242306124077846,0.2524230686745561,Hadamard
0.7254126128138615,0.0625,0.1406855982675862,0.1406855993784915,CNOT
0.7254126090703302,0.2282281526172709,0.4235519251189633,0.42355192928189006,CNOT2
0.7254126128138615,0.39395630750831334,0.37777229240113164,0.37777229830441067,CNOT3
0.7254126101500725,0.0625,0.15631144460978724,0.15631144627297022,Hadamard
0.7254126113677812,0.2282281526172709,0.1857372879029786,0.18573728984256613,CNOT
0.7254126128138615,0.0625,0.2992765370612823,0.29927654010813787,CNOT2
0.7254126148252154,0.39395630864899256,0.30293079679718227,0.3029308009361271,CNOT3
0.7254126112779,0.0625,0.15631144420983842,0.15631144522310775,Hadamard
0.7254126128138615,0.22822815432449628,0.24743116400035983,0.24743116632653767,CNOT
0.7254126097152314,0.0625,0.3211903837950645,0.32119038915213965,CNOT2
0.7254126101500724,0.3939563052345418,0.23062466234254073,0.2306246646816244,CNOT3
0.7254126101500725,0.0625,0.15631144475527964,0.15631144622720972,Hadamard
0.7254126113677811,0.5596844555217915,0.3108251014302456,0.31082510826220133,CNOT
0.7254126108812813,0.5596844555217912,0.17281058778438707,0.1728105893715506,CNOT2
0.7254126108812813,0.0625,0.26415350347315975,0.2641535087020893,CNOT3
0.9995328285338987,0.0625,0.47154504791832436,0.47154506544422786,Hadamard
0.7254126108812814,0.22822815209703926,0.21431530288319747,0.2143153053658092,CNOT
0.7254126128138615,0.22822815419447212,0.09483196036879823,0.09483196115960488,CNOT2
0.7254126128138615,0.5596844579913333,0.14820920956476172,0.1482092110569912,CNOT3
0.7254126112779,0.0625,0.15631144361586938,0.1563114453293647,Hadamard
0.7254126101500725,0.2282281518405971,0.20029792599789153,0.2002979279446674,CNOT
0.7254126097152314,0.2282281518405971,0.24743116507489607,0.2474311683994891,CNOT2
0.7254126113677812,0.2282281526172709,0.2799003948175023,0.2799003995410141,CNOT3
0.7254126101500725,0.0625,0.15631144486585755,0.15631144493426075,Hadamard
0.7254126128138615,0.39395630838894424,0.15307427289984327,0.15307427494402132,CNOT
0.7254126128138615,0.22822815419447212,0.16026801712636624,0.1602680171901352,CNOT2
0.7254126128138615,0.39395630923179914,0.1329701064829789,0.13297010764463357,CNOT3
0.7254126112779,0.0625,0.15631144396824465,0.15631144604599667,Hadamard
0.7254126128138615,0.7254126128138615,0.12809898964549582,0.1280989911294071,CNOT
0.7254126097152314,0.2282281526172709,0.2494640853124448,0.24946408938951936,CNOT2
0.7254126101500725,0.3939563036811942,0.3731538705101964,0.37315387537662503,CNOT3
0.9056662430248998,0.0625,0.5812848831264038,0.5812849042949344,Hadamard
0.7254126097152314,0.2282281518405971,0.2875868528588229,0.28758685764879544,CNOT
0.7254126128138615,0.0625,0.35289461424505747,0.35289461730233646,CNOT2
0.7254126101500725,0.0625,0.1530742726887503,0.15307427421267095,CNOT3
0.7254126112779,0.0625,0.15631144503239086,0.1563114447683085,Hadamard
0.7254126090703302,0.0625,0.32819930143905834,0.32819930778206624,CNOT
0.7254126101500725,0.2282281526172709,0.13111230712975247,0.13111230786616834,CNOT2
0.7254126128138615,0.39395630875817744,0.3179195911163815,0.3179195979597976,CNOT3
0.7254126112779,0.0625,0.15631144431582034,0.15631144563524296,Hadamard
0.7254126128138615,0.22822815390508883,0.16530206534106423,0.16530206773846454,CNOT
0.7254126128138615,0.0625,0.2767411807667656,0.27674118712352475,CNOT2
0.7254126128138615,0.22822815432449628,0.15457363146904055,0.15457363342043762,CNOT3
0.7254126101500725,0.0625,0.1563114441565561,0.156311445281887,Hadamard
0.7254126101500725,0.2282281526172709,0.09483196082087991,0.09483196208000699,CNOT
0.7254126102035986,0.22822815209703926,0.3065791810046786,0.3065791847960062,CNOT2
0.7254126128138615,0.22822815510978697,0.19103834676936132,0.1910383468120379,CNOT3
0.7254126101500725,0.0625,0.1563114437801127,0.15631144569299293,Hadamard
0.7254126113677812,0.3939563052345418,0.29021281482605055,0.2902128183199939,CNOT
0.7254126128138615,0.393956310872224,0.3079476531939318,0.3079476572521298,CNOT2
0.7254126128138615,0.22822815375415667,0.20250222743701168,0.2025022298755699,CNOT3
0.7254126101500725,0.0625,0.15631144459238722,0.156311445927119,Hadamard
0.7254126128138615,0.22822815419447212,0.17618579320658245,0.1761857966648817,CNOT
0.7254126128138615,0.0625,0.26798450037513155,0.26798450241579463,CNOT2
0.7254126128138615,0.22822815419447212,0.37042781272828135,0.37042781662930235,CNOT3
0.7254126101500725,0.0625,0.15631144350060824,0.1563114453098658,Hadamard
0.7254126128138615,0.22822815375415667,0.20768601679649012,0.20768601996067626,CNOT
0.7254126128138615,0.22822815432449628,0.26440525513326507,0.2644052571348461,CNOT2
0.7254126108812813,0.0625,0.26065944907534866,0.26065945388575895,CNOT3
0.7254126112779,0.0625,0.15631144357610866,0.15631144590598145,Hadamard
0.7254126108812813,0.2282281526172709,0.21269099728849405,0.2126909993191513,CNOT
0.7254126113677812,0.0625,0.3452991344848083,0.3452991364842511,CNOT2
0.7254126090703302,0.3939563052345418,0.30475696395882323,0.30475696416691384,CNOT3
0.7254126101500725,0.0625,0.15631144439535138,0.15631144564780514,Hadamard
0.7254126097152312,0.0625,0.4619345262782691,0.4619345366211016,CNOT
0.7254126101500725,0.0625,0.10194761879676306,0.10194761951977599,CNOT2
0.7254126097152314,0.2282281526172709,0.23567486439463473,0.23567486791367978,CNOT3
0.7254126112779,0.0625,0.1563114455972409,0.15631144601650676,Hadamard
0.7254126101500725,0.0625,0.3213406333984648,0.3213406373963183,CNOT
0.7254126101500725,0.2282281518405971,0.4679011473951564,0.4679011575172543,CNOT2
0.7254126108812813,0.3939563052345418,0.23519052292881432,0.2351905260428753,CNOT3
0.7254126101500725,0.0625,0.15631144479792775,0.15631144556293464,Hadamard
0.7254126128138615,0.2282281546158996,0.27710839986073543,0.2771084035340817,CNOT
0.7254126128138615,0.0625,0.13718862827974554,0.13718862924027253,CNOT2
0.7254126128138615,0.0625,0.27903426996726133,0.27903427498109923,CNOT3
0.5918865936590219,0.0625,0.5958953137326595,0.5958953341004422,Hadamard
0.7254126101500725,0.3939563052345418,0.39371615346462396,0.3937161614773247,CNOT
0.7254126097152314,0.2282281518405971,0.35797580539475177,0.35797581104925996,CNOT2
0.7254126097152314,0.2282281518405971,0.22614344098126393,0.22614344541313192,CNOT3
0.7254126112779,0.0625,0.15631144426553265,0.15631144629344168,Hadamard
0.7254126097152314,0.3939563036811942,0.41057846229686407,0.41057846835960005,CNOT
0.7254126128138615,0.0625,0.3505874057073014,0.35058740935896066,CNOT2
0.7254126128138615,0.22822815442519728,0.14820921118411431,0.14820921139549537,CNOT3
0.7254126101500725,0.0625,0.1563114435358146,0.15631144624579782,Hadamard
0.7254126101500724,0.2282281526172709,0.23567486374862037,0.23567486703330182,CNOT
0.7254126128138615,0.0625,0.1927117793006972,0.19271177736011064,CNOT2
0.7254126128138615,0.5596844592194079,0.4902077742953703,0.4902077803621725,CNOT3
0.7254126112779,0.0625,0.15631144381350126,0.156311444506804,Hadamard
0.7254126101500725,0.3939563052345418,0.4252555248606181,0.42525553264652416,CNOT
0.7254126128138615,0.393956310872224,0.27779629201263134,0.27779629905451375,CNOT2
0.7254126097152312,0.0625,0.22229441989915114,0.22229442114155692,CNOT3
0.7254126112779,0.0625,0.15631144420937376,0.15631144495320307,Hadamard
0.7254126097152314,0.3939563036811942,0.26976321322739555,0.26976321684460147,CNOT
0.7254126090703302,0.3939563036811942,0.417063799845075,0.4170638079873457,CNOT2
0.7254126128138615,0.22822815432449628,0.3534565131758186,0.3534565176123486,CNOT3
0.7254126141487207,0.0625,0.15631144415328863,0.15631144608678924,Hadamard
0.7254126108812813,0.22822815209703926,0.2628830768702898,0.26288308063518695,CNOT
0.7254126101500725,0.0625,0.23062466520910743,0.23062466637884715,CNOT2
0.7254126128138615,0.22822815437908872,0.24338996416893033,0.24338996700066834,CNOT3
0.7070480347102872,0.0625,0.6063858062361857,0.6063858239376803,Hadamard
0.7254126090703303,0.3939563036811942,0.19574859306147388,0.19574859540258313,CNOT
0.7254126090703302,0.3939563052345418,0.21613167348996531,0.21613167628842064,CNOT2
0.7254126097152314,0.3939563036811942,0.27559325374416477,0.27559325855642935,CNOT3
0.7254126112779,0.0625,0.1563114439580548,0.15631144639879385,Hadamard
0.7254126128138615,0.559684459246116,0.1628544177267728,0.1628544182773528,CNOT
0.7254126101500725,0.0625,0.2553119726969425,0.25531197586265764,CNOT2
0.7254126101500725,0.3939563052345418,0.3211903833745941,0.321190385995097,CNOT3
0.7254126112779,0.0625,0.1563114442019095,0.15631144568932126,Hadamard
0.7254126113677811,0.22822815209703926,0.15859155914585998,0.1585915600276785,CNOT
0.7254126128138615,0.39395631082950455,0.13493608864042775,0.13493608930865092,CNOT2
0.7254126101500725,0.2282281518405971,0.13235632950852028,0.13235633103472322,CNOT3
0.7254126112779,0.0625,0.15631144358103427,0.15631144623288534,Hadamard
0.7254126113677812,0.3939563041940785,0.1162660847833615,0.11626609194011003,CNOT
0.7254126128138615,0.0625,0.4404660296837867,0.4404660355189395,CNOT2
0.7254126090703302,0.3939563052345418,0.3481525594474246,0.3481525636354287,CNOT3
0.7254126101500725,0.0625,0.1563114444040074,0.15631144552322898,Hadamard
0.7254126128138615,0.22822815510978697,0.3575262138422273,0.35752622028742376,CNOT
0.7254126128138615,0.7254126128138615,0.17968750359333094,0.1796875088552073,CNOT2
0.7254126101500725,0.2282281526172709,0.28758685395089145,0.2875868587899135,CNOT3
0.7254126101500725,0.0625,0.15631144385359702,0.1563114458566538,Hadamard
0.7254126116397607,0.39395631021957395,0.16796596750224813,0.16796596854548282,CNOT
0.7254126128138615,0.22822815442519728,0.16530206588313817,0.16530206675656334,CNOT2
0.7254126128138615,0.3939563083889443,0.21055790325145493,0.2105579043696271,CNOT3
0.7254126101500725,0.0625,0.1563114431186388,0.15631144611392114,Hadamard
0.7254126108812813,0.22822815209703926,0.31791030616789256,0.3179103091857127,CNOT
0.7254126128138615,0.0625,0.21977102681955948,0.2197710279906003,CNOT2
0.7254126097152312,0.2282281526172709,0.33050970002824664,0.3305097067937301,CNOT3
0.7254126141487207,0.0625,0.15631144459575513,0.15631144604280067,Hadamard
0.7254126113677812,0.0625,0.3171173671783838,0.31711737204414314,CNOT
0.7254126108812813,0.2282281526172709,0.24743116505247134,0.2474311661058703,CNOT2
0.7254126090703302,0.0625,0.29573174531022783,0.2957317511612836,CNOT3
0.7254126101500725,0.0625,0.1563114440411156,0.15631144551436318,Hadamard
0.7254126108812813,0.39395630419407857,0.2161316742864139,0.21613167745409484,CNOT
0.7254126128138615,0.22822815477684444,0.35201385267818824,0.3520138582023703,CNOT2
0.7254126090703302,0.2282281526172709,0.3725105444237191,0.37251055066309074,CNOT3
0.7254126101500725,0.0625,0.15631144445931605,0.15631144479508394,Hadamard
0.7254126090703302,0.2282281518405971,0.33998590625357056,0.3399859144646803,CNOT
0.7254126097152314,0.2282281518405971,0.29174137967515223,0.29174138369780733,CNOT2
0.7254126101500725,0.3939563052345418,0.23017682568894987,0.23017682929581554,CNOT3
0.7254126101500725,0.0625,0.15631144473373657,0.1563114458226038,Hadamard
0.7254126113677812,0.0625,0.13297010803636566,0.132970108711329,CNOT
0.7254126101500725,0.0625,0.23477401938149486,0.2347740236207837,CNOT2
0.725412608305379,0.3939563041940785,0.2247785783053284,0.22477857960268469,CNOT3
0.1936359539666624,0.0625,0.4948516472464036,0.49485166579948925,Hadamard
0.7254126097152314,0.0625,0.11104065384002633,0.11104066028892326,CNOT
0.7254126128138615,0.39395630838894424,0.2881310414590599,0.28813104606914985,CNOT2
0.7254126128138615,0.22822815375415667,0.4286275178919533,0.42862753003827253,CNOT3
0.9839679954591977,0.0625,0.520664170926485,0.5206641852454748,Hadamard
0.7254126108812813,0.2282281526172709,0.490207772663766,0.4902077802251082,CNOT
0.7254126128138615,0.393956310872224,0.3813410059924416,0.38134101752972743,CNOT2
0.7254126128138615,0.22822815510978697,0.2183883419376034,0.21838834611560656,CNOT3
0.7254126112779,0.0625,0.1563114450885168,0.15631144564888205,Hadamard
0.7254126097152314,0.2282281518405971,0.36760249772136755,0.3676025035958444,CNOT
0.7254126101500725,0.3939563052345418,0.2992765367055503,0.29927654075294896,CNOT2
0.7254126128138615,0.39395630885039457,0.2626680486542532,0.2626680508250443,CNOT3
0.7254126101500725,0.0625,0.15631144393334206,0.1563114460035478,Hadamard
0.7254126090703302,0.2282281518405971,0.25626154655528416,0.25626155010379736,CNOT
0.7254126128138615,0.22822815461589957,0.2485341336060082,0.24853413324377333,CNOT2
0.7254126128138615,0.22822815461589957,0.13910099698059833,0.13910099868992198,CNOT3
0.7254126101500725,0.0625,0.15631144306882486,0.15631144518055318,Hadamard
0.7254126113677812,0.2282281526172709,0.21585110813196168,0.2158511100139354,CNOT
0.7254126101500725,0.0625,0.20830238144918975,0.2083023823601542,CNOT2
0.7254126097152314,0.3939563052345418,0.33712424444059824,0.3371242501131706,CNOT3
0.7254126101500725,0.0625,0.1563114442142315,0.15631144635578081,Hadamard
0.7254126097152314,0.0625,0.22822815648682518,0.2282281610249288,CNOT
0.7254126101500725,0.0625,0.3221367936118608,0.3221367981076553,CNOT2
0.7254126128138615,0.22822815442519728,0.2715991266637149,0.2715991300667683,CNOT3
0.7254126112779,0.0625,0.15631144403958694,0.1563114452901071,Hadamard
0.7254126097152312,0.2282281526172709,0.09483196173587,0.09483196136293413,CNOT
0.7254126097152314,0.22822815268172847,0.2977969288935346,0.29779693216237946,CNOT2
0.7254126128138615,0.22822815419447212,0.29779692567772553,0.29779693241993166,CNOT3
0.7254126112779,0.0625,0.15631144501501892,0.156311445223852,Hadamard
0.7254126128138615,0.22822815436615793,0.11531283558480454,0.11531283737297297,CNOT
0.7254126128138615,0.22822815448541658,0.48690653405092243,0.4869065418746943,CNOT2
0.7254126097152314,0.3939563052345418,0.18062852383360595,0.18062852723936684,CNOT3
0.7254126101500725,0.0625,0.15631144411258102,0.15631144597261168,Hadamard
0.7254126101500725,0.2282281526172709,0.31576538742910176,0.31576539310978535,CNOT
0.7254126128138615,0.2282281545456941,0.41380733326582336,0.41380733915040224,CNOT2
0.7254126101500725,0.2282281526172709,0.24814756714544528,0.24814757108464083,CNOT3
0.7254126112779,0.0625,0.1563114438645874,0.15631144468062316,Hadamard
0.7254126073623882,0.2282281518405971,0.4221813617973535,0.42218137043645904,CNOT
0.7254126101500725,0.3939563052345418,0.31260311199354907,0.3126031169130456,CNOT2
0.7254126101500725,0.3939563052345418,0.08877001507271548,0.08877001740518539,CNOT3
0.7254126101500725,0.0625,0.15631144376517475,0.15631144509626366,Hadamard
0.7254126128138615,0.22822815448541658,0.1545736322860528,0.15457363335555638,CNOT
0.7254126128138615,0.5596844611700114,0.1391009965176136,0.139100998486061,CNOT2
0.7254126090703302,0.2282281526172709,0.1391009980139561,0.13910099808637832,CNOT3
0.7254126101500725,0.0625,0.15631144436265904,0.15631144618111453,Hadamard
0.7254126128138615,0.22822815375415667,0.1636009082250575,0.16360090836599295,CNOT
0.7254126116397606,0.0625,0.5102095595392958,0.5102095724014846,CNOT2
0.7254126128138615,0.39395630750831334,0.33712424521913464,0.3371242505304404,CNOT3
0.7254126101500725,0.0625,0.15631144302274588,0.15631144531053168,Hadamard
0.7254126128138615,0.3939563095536889,0.18480135575307544,0.18480135661872604,CNOT
0.7254126097152314,0.2282281518405971,0.4461273153104021,0.44612732237836794,CNOT2
0.7254126090703302,0.0625,0.17113399882937286,0.17113400062105452,CNOT3
0.7254126112779,0.0625,0.15631144463786506,0.1563114455657272,Hadamard
0.7254126128138615,0.22822815375415667,0.24743116461663694,0.24743116799300705,CNOT
0.7254126090703302,0.2282281526172709,0.11014520930459218,0.11014521048180713,CNOT2
0.7254126128138615,0.22822815432449628,0.33050970163100724,0.33050970631498594,CNOT3
0.7254126101500725,0.0625,0.1563114440893309,0.15631144598838487,Hadamard
0.7254126090703302,0.3939563052345418,0.42184024248302887,0.42184025049113477,CNOT
0.7254126128138615,0.5596844605860044,0.14223871668488178,0.14223871736652463,CNOT2
0.7254126128138615,0.0625,0.11626608463298584,0.11626608884979646,CNOT3
0.7254126101500725,0.0625,0.15631144465258567,0.15631144476791647,Hadamard
0.7254126128138615,0.22822815558097587,0.14003316402488947,0.14003316611172587,CNOT
0.7254126128138615,0.22822815456617462,0.28143479913699043,0.2814348035440858,CNOT2
0.7254126101500725,0.0625,0.1406855987743304,0.1406855988975307,CNOT3
0.6890592755685436,0.0625,0.6055564176709766,0.6055564372457687,Hadamard
0.7254126090703302,0.0625,0.44371448025452453,0.4437144896164331,CNOT
0.7254126101500724,0.0625,0.20198111275589187,0.20198111484557899,CNOT2
0.7254126128138615,0.39395630897083317,0.33664046085817556,0.3366404682918759,CNOT3
0.7254126131590148,0.0625,0.15631144379419926,0.1563114460366178,Hadamard
0.7254126101500725,0.2282281526172709,0.31967862159715676,0.31967862360440624,CNOT
0.7254126097152314,0.0625,0.16480673731660794,0.1648067374813097,CNOT2
0.7254126128138615,0.0625,0.25531197187516497,0.25531197477713324,CNOT3
0.7254126112779,0.0625,0.15631144372102454,0.156311445436548,Hadamard
0.7254126097152314,0.2282281526172709,0.2671880963241967,0.267188098928553,CNOT
0.7254126097152314,0.2282281518405971,0.14820921125718345,0.14820921178799124,CNOT2
0.7254126148252154,0.0625,0.3628416606233028,0.362841664661439,CNOT3
0.7254126101500725,0.0625,0.1563114443700865,0.15631144564942073,Hadamard
0.7254126097152314,0.2282281526172709,0.26288307552065415,0.2628830810066357,CNOT
0.7254126113677812,0.2282281526172709,0.13910099725160163,0.13910099880957993,CNOT2
0.7254126101500724,0.3939563052345418,0.2881310420493486,0.28813104614939355,CNOT3
0.7254126101500725,0.0625,0.15631144461538984,0.15631144610164743,Hadamard
0.7254126128138615,0.22822815419447215,0.38245864997793233,0.3824586576455634,CNOT
0.7254126101500725,0.2282281526172709,0.14388640367913388,0.14388640482695997,CNOT2
0.7254126101500724,0.3939563052345418,0.1957485928226726,0.19574859415592935,CNOT3
0.7254126101500725,0.0625,0.15631144382284623,0.15631144545785486,Hadamard
0.7254126128138615,0.22822815442519728,0.32664427996955797,0.32664428462808826,CNOT
0.7254126097152314,0.3939563036811942,0.2777962949086412,0.2777962961767715,CNOT2
0.7254126128138615,0.22822815510978697,0.09483196080708708,0.09483196063969618,CNOT3
0.7254126101500725,0.0625,0.15631144496172406,0.1563114458256357,Hadamard
0.7254126097152314,0.2282281526172709,0.13910099626561784,0.13910099842872148,CNOT
0.7254126128138615,0.0625,0.11104065449129424,0.1110406614510896,CNOT2
0.7254126128138615,0.0625,0.23262988450311614,0.23262988760627074,CNOT3
0.7254126101500725,0.0625,0.1563114446866669,0.1563114453147668,Hadamard
0.7254126101500725,0.2282281518405971,0.2707680315000712,0.2707680359663265,CNOT
0.7254126101500724,0.2282281518405971,0.13757290337221695,0.13757290414123663,CNOT2
0.7254126128138615,0.0625,0.2819942398103179,0.2819942431166982,CNOT3
0.7254126101500725,0.0625,0.15631144320651497,0.1563114451713991,Hadamard
0.7254126128138615,0.22822815419447215,0.17993279254242467,0.1799327945743993,CNOT
0.7254126097152314,0.3939563052345418,0.30765479127501566,0.30765479456989103,CNOT2
0.7254126090703302,0.3939563052345418,0.3091605745139131,0.3091605779073424,CNOT3
0.7254126101500725,0.0625,0.15631144516861653,0.15631144637434977,Hadamard
0.7254126128138615,0.0625,0.30335298602004285,0.30335298956999857,CNOT
0.7254126128138615,0.5596844578040836,0.2115317563265471,0.2115317594681259,CNOT2
0.7254126128138615,0.22822815461589957,0.38476060171985266,0.3847606056305189,CNOT3
0.7254126101500725,0.0625,0.15631144457167012,0.15631144636197813,Hadamard
0.7254126128138615,0.5596844604222622,0.43782546477118495,0.4378254706432513,CNOT
0.7254126128138615,0.39395630885039457,0.3519726824308484,0.351972687165839,CNOT2
0.7254126148252154,0.0625,0.3096981441873395,0.3096981477540731,CNOT3
0.753914932532401,0.0625,0.16177724637324886,0.16177725096330542,Hadamard
0.7254126128138615,0.7254126128138615,0.22822815642315708,0.22822816194406687,CNOT
0.7254126128138615,0.22822815428351387,0.42198158082023945,0.42198158531870295,CNOT2
0.7254126101500725,0.2282281526172709,0.380366104390937,0.38036611211484184,CNOT3
0.7254126112779,0.0625,0.15631144428673727,0.15631144571633648,Hadamard
0.7254126108812813,0.3939563052345418,0.1563114436477355,0.15631144425005114,CNOT
0.7254126101500725,0.3939563052345418,0.22477857833393575,0.22477857985331598,CNOT2
0.7254126128138615,0.22822815442519728,0.1778252388333137,0.17782523990370247,CNOT3
0.7254126112779,0.0625,0.15631144488594345,0.15631144595780994,Hadamard
0.7254126128138615,0.22822815442519728,0.19000146333184023,0.19000146388225858,CNOT
0.7254126101500725,0.2282281518405971,0.367449682066119,0.3674496892410043,CNOT2
0.7254126097152314,0.7254126097152314,0.37522424819344824,0.3752242573409017,CNOT3
0.9953992271891043,0.0625,0.42282489577360227,0.4228249086854119,Hadamard
0.7254126101500725,0.3939563052345418,0.26752720331105007,0.26752720778852623,CNOT
0.7254126097152314,0.0625,0.23843607252574783,0.2384360747026103,CNOT2
0.7254126128138615,0.5596844608426526,0.4575702117789233,0.4575702175827458,CNOT3
0.7254126131590148,0.0625,0.15631144530358607,0.15631144549985315,Hadamard
0.7254126128138615,0.22822815390508885,0.15457363115606676,0.15457363264957835,CNOT
0.7254126097152314,0.2282281518405971,0.15296264535636234,0.1529626458271162,CNOT2
0.7254126113677811,0.2282281526172709,0.3858976739626429,0.3858976796950171,CNOT3
0.7254126112779,0.0625,0.15631144539191724,0.15631144517023235,Hadamard
0.7254126128138615,0.0625,0.0625,0.0625,CNOT
0.7254126128138615,0.0625,0.19228882991133225,0.192288831091598,CNOT2
0.7254126097152314,0.5596844555217912,0.49951086076345425,0.49951086672705564,CNOT3
0.7254126101500725,0.0625,0.1563114451611816,0.156311446103736,Hadamard
0.7254126128138615,0.2282281547544797,0.2118442008388219,0.21184420222847106,CNOT
0.7254126101500725,0.0625,0.14564486417693895,0.14564486527115555,CNOT2
0.7254126128138615,0.22822815442519728,0.22504373556017962,0.22504373779456857,CNOT3
0.7254126112779,0.0625,0.15631144426586496,0.15631144518043252,Hadamard
0.7254126128138615,0.22822815432449628,0.3655888037918486,0.36558881001463384,CNOT
0.7254126113677812,0.3939563041940785,0.15911875488296162,0.1591187561816067,CNOT2
0.7254126128138615,0.22822815419447215,0.2250437365208859,0.2250437380357849,CNOT3
0.7254126101500725,0.0625,0.1563114430457503,0.1563114461564552,Hadamard
0.7254126128138615,0.39395630838894424,0.13773150026590947,0.13773150140727008,CNOT
0.7254126116397607,0.39395630961579853,0.0937645380797935,0.09376453693778425,CNOT2
0.7254126128138615,0.39395630838894424,0.1259214208017023,0.1259214237719204,CNOT3
0.7254126101500725,0.0625,0.1563114443883844,0.156311445633245,Hadamard
0.7254126113677812,0.2282281526172709,0.45691265757025656,0.456912666013802,CNOT
0.7254126097152314,0.0625,0.26547471019094726,0.265474712037547,CNOT2
0.7254126097152314,0.2282281526172709,0.4361521339178077,0.43615213882710263,CNOT3
0.7254126112779,0.0625,0.15631144443843525,0.15631144575932793,Hadamard
0.7254126097152314,0.0625,0.15554250704018463,0.1555425093030509,CNOT
0.7254126097152312,0.5596844555217915,0.2520873800714698,0.25208738609499626,CNOT2
0.7254126090703302,0.2282281526172709,0.19370918144985783,0.19370918203726717,CNOT3
0.7254126101500725,0.0625,0.15631144589569612,0.1563114458431239,Hadamard
0.7254126097152314,0.2282281526172709,0.4131084595824484,0.41310847019230246,CNOT
0.7254126128138615,0.0625,0.34014105771815123,0.3401410633980424,CNOT2
0.7254126101500725,0.2282281518405971,0.20029792531055113,0.20029792766465063,CNOT3
0.7254126112779,0.0625,0.15631144408206987,0.15631144582476672,Hadamard
0.7254126097152314,0.2282281518405971,0.2749133053358187,0.274913309458344,CNOT
0.7254126097152312,0.3939563036811942,0.0872458124351096,0.08724581257979903,CNOT2
0.7254126097152314,0.0625,0.21806214000365204,0.21806214246085903,CNOT3
0.7254126112779,0.0625,0.15631144423653293,0.15631144518188372,Hadamard
0.7254126128138615,0.22822815419447212,0.24743116449178496,0.24743116595095166,CNOT
0.7254126128138615,0.0625,0.1869055895830308,0.18690559213812585,CNOT2
0.7254126128138615,0.3939563083889443,0.24664726053417124,0.2466472629383966,CNOT3
0.7254126101500725,0.0625,0.15631144412265635,0.15631144620338522,Hadamard
0.7254126101500725,0.2282281518405971,0.47567441240763747,0.47567442440696395,CNOT
0.7254126101500724,0.2282281518405971,0.282040268311166,0.28204027261782655,CNOT2
0.7254126128138615,0.22822815419447212,0.10321499553546935,0.10321499607213006,CNOT3
0.7254126112779,0.0625,0.15631144393878554,0.15631144531950275,Hadamard
0.7254126090703302,0.3939563036811942,0.29687500428581637,0.2968750093326391,CNOT
0.7254126128138615,0.22822815442519728,0.1728105880769298,0.17281058980454983,CNOT2
0.7254126128138615,0.22822815375415667,0.18406589425217973,0.18406589645221544,CNOT3
0.7254126131590148,0.0625,0.15631144484242296,0.15631144529596902,Hadamard
0.7254126128138615,0.3939563083249034,0.3673084299187783,0.367308436993027,CNOT
0.7254126113677812,0.0625,0.39526010533492223,0.3952601113620376,CNOT2
0.7254126102035987,0.0625,0.37099821534333033,0.3709982210601639,CNOT3
0.7254126112779,0.0625,0.15631144447109124,0.15631144558233795,Hadamard
0.7254126113677812,0.2282281526172709,0.3286604676997633,0.32866047269611626,CNOT
0.7254126101500724,0.0625,0.0625,0.0625,CNOT2
0.7254126108812813,0.2282281526172709,0.2707680307016765,0.27076803456547816,CNOT3
0.7254126112779,0.0625,0.15631144449981016,0.1563114453833807,Hadamard
0.7254126090703302,0.2282281518405971,0.15457363244256486,0.15457363288548048,CNOT
0.7254126097152314,0.3939563036811942,0.34368552932845553,0.3436855348418081,CNOT2
0.7254126101500725,0.3939563052345418,0.23866721876198876,0.23866722265280826,CNOT3
0.7254126131590148,0.0625,0.15631144449592038,0.15631144512141562,Hadamard
0.7254126128138615,0.5596844578040836,0.2002979264096526,0.20029792968053903,CNOT
0.7254126108812813,0.0625,0.37522425158876477,0.3752242564584683,CNOT2
0.7254126148252154,0.3939563104459807,0.4401146663634644,0.44011467368273655,CNOT3
0.7254126101500725,0.0625,0.15631144408520367,0.15631144558940518,Hadamard
0.7254126128138615,0.0625,0.1711340003849242,0.17113400096024428,CNOT
0.7254126128138615,0.0625,0.22733858385364655,0.227338584588147,CNOT2
0.7254126090703302,0.2282281526172709,0.32702862732919197,0.3270286298178109,CNOT3
0.7254126101500725,0.0625,0.1563114436918235,0.1563114447676317,Hadamard
0.7254126128138615,0.0625,0.2788820012990502,0.27888200502231564,CNOT
0.7254126128138615,0.22822815375415667,0.21269099721270043,0.21269099889658538,CNOT2
0.7254126128138615,0.5596844578040836,0.13910099721895666,0.13910099790088687,CNOT3
0.7254126112779,0.0625,0.15631144419147178,0.15631144551580994,Hadamard
0.7254126128138615,0.0625,0.19763402515724857,0.1976340269511221,CNOT
0.7254126108812813,0.2282281526172709,0.25299999117230043,0.25299999364041453,CNOT2
0.7254126097152314,0.2282281518405971,0.40139992461372725,0.4013999315425016,CNOT3
0.19939155764473623,0.0625,0.3874426487191243,0.38744266362077306,Hadamard
0.7254126090703302,0.2282281526172709,0.35797580520251604,0.35797580964930237,CNOT
0.7254126128138615,0.22822815442519728,0.3305097019227313,0.33050971101992094,CNOT2
0.7254126148252154,0.0625,0.10822429686987745,0.10822429827120852,CNOT3
0.7254126101500725,0.0625,0.15631144464131838,0.15631144568888306,Hadamard
0.7254126128138615,0.228228155436112,0.13910099673456172,0.13910099783897376,CNOT
0.7254126097152312,0.3939563036811942,0.24258847108795026,0.24258847358571306,CNOT2
0.7254126148252154,0.0625,0.36284165859017026,0.3628416669443435,CNOT3
0.7254126112779,0.0625,0.1563114449176336,0.15631144585533754,Hadamard
0.7254126113677812,0.2282281526172709,0.19000146107516386,0.19000146248558417,CNOT
0.7254126128138615,0.0625,0.26322945603506415,0.2632294576247826,CNOT2
0.7254126108812813,0.0625,0.1250484583666243,0.12504845912924395,CNOT3
0.7254126101500725,0.0625,0.15631144451447035,0.1563114464755912,Hadamard
0.7254126128138615,0.0625,0.267527202751742,0.2675272067915727,CNOT
0.7254126128138615,0.39395630897083317,0.12592142196534525,0.12592142517210236,CNOT2
0.7254126108812813,0.22822815209703926,0.2600395973891839,0.2600395998909384,CNOT3
0.7254126112779,0.0625,0.1563114445410462,0.15631144554640958,Hadamard
0.7254126097152314,0.5596844555217912,0.12982782214306404,0.12982782164231713,CNOT
0.7254126097152314,0.2282281526172709,0.44033161068490057,0.44033161635653184,CNOT2
0.7254126101500724,0.0625,0.3952601053054007,0.39526011040957426,CNOT3
0.7254126101500725,0.0625,0.15631144406010455,0.15631144527042365,Hadamard
0.7254126101500725,0.0625,0.22822815848779995,0.2282281650778212,CNOT
0.7254126128138615,0.393956310219574,0.127163919528381,0.12716392060512294,CNOT2
0.7254126128138615,0.5596844590142509,0.377611127065834,0.3776111321893951,CNOT3
0.7254126112779,0.0625,0.15631144496146887,0.15631144523218354,Hadamard
0.7254126090703302,0.5596844555217912,0.1653020657918343,0.165302067089731,CNOT
0.7254126128138615,0.39395630885039457,0.48868650375217104,0.48868651190008816,CNOT2
0.7254126097152314,0.3939563052345418,0.16008539381887096,0.16008539472064762,CNOT3
0.2838464119706237,0.0625,0.34806239769684516,0.348062409045184,Hadamard
0.7254126128138615,0.39395630841234064,0.22522066748326236,0.225220669549397,CNOT
0.7254126101500725,0.2282281518405971,0.339140112105363,0.3391401184156437,CNOT2
0.7254126128138615,0.22822815437908872,0.10494278075931235,0.10494278145127854,CNOT3
0.7254126101500725,0.0625,0.15631144523703838,0.15631144584280354,Hadamard
0.7254126116397607,0.0625,0.11626608500025562,0.11626608827098836,CNOT
0.7254126128138615,0.39395630838894424,0.16480673751221453,0.1648067437752177,CNOT2
0.7254126128138615,0.39395630885039457,0.2881310416804936,0.2881310457248687,CNOT3
0.7254126101500725,0.0625,0.15631144411250641,0.15631144569008376,Hadamard
0.7254126097152314,0.3939563052345418,0.15032453347372318,0.15032453654996872,CNOT
0.7254126108812813,0.22822815209703926,0.24546779146503966,0.2454677958681945,CNOT2
0.7254126128138615,0.0625,0.2451724129326131,0.2451724159358053,CNOT3
0.7254126131590148,0.0625,0.1563114445557484,0.15631144568853395,Hadamard
0.7254126097152314,0.2282281526172709,0.17345992326780002,0.1734599248838169,CNOT
0.7254126108812814,0.39395630419407857,0.31541105471524605,0.31541106020261844,CNOT2
0.7254126101500725,0.3939563036811942,0.3324528758332477,0.3324528820284278,CNOT3
0.7254126101500725,0.0625,0.15631144456123672,0.15631144499433183,Hadamard
0.7254126101500725,0.3939563052345418,0.18690559098149376,0.18690559285486164,CNOT
0.7254126128138615,0.22822815428351387,0.17844649313825076,0.17844649455652067,CNOT2
0.7254126108812813,0.39395630419407857,0.34848096293157077,0.3484809656506502,CNOT3
0.7254126112779,0.0625,0.15631144475846986,0.15631144566978414,Hadamard
0.7254126097152312,0.3939563036811942,0.17113400007171956,0.1711340009296397,CNOT
0.7254126097152314,0.2282281526172709,0.3520138551886272,0.35201385942944396,CNOT2
0.7254126128138615,0.22822815461589957,0.35101278640830963,0.35101279120377854,CNOT3
0.7254126101500725,0.0625,0.1563114440243409,0.1563114465789627,Hadamard
0.7254126101500725,0.2282281518405971,0.2628830763249861,0.26288307987104365,CNOT
0.7254126128138615,0.39395630873231585,0.2127582594575056,0.2127582635715588,CNOT2
0.7254126128138615,0.0625,0.3211903835560739,0.3211903914471274,CNOT3
0.7254126101500725,0.0625,0.1563114439012181,0.15631144511063,Hadamard
0.7254126128138615,0.0625,0.12809899110213663,0.12809899256674587,CNOT
0.7254126128138615,0.5596844590142509,0.5292247123893894,0.5292247248962008,CNOT2
0.7254126113677812,0.2282281526172709,0.5523825100211556,0.5523825190248035,CNOT3
0.7254126101500725,0.0625,0.15631144405186315,0.15631144456356777,Hadamard
0.7254126128138615,0.22822815436615795,0.19840121093664895,0.19840121207601627,CNOT
0.7254126090703302,0.3939563052345418,0.27310628773600326,0.27310629140114673,CNOT2
0.7254126097152314,0.3939563052345418,0.5009194013962729,0.5009194102184018,CNOT3
0.7254126101500725,0.0625,0.15631144489133958,0.15631144599049468,Hadamard
0.7254126128138615,0.22822815432449628,0.19000146220167694,0.19000146441223273,CNOT
0.7254126116397606,0.0625,0.13773149935157641,0.13773150166367576,CNOT2
0.7254126097152312,0.2282281518405971,0.21727178163068783,0.21727178403594788,CNOT3
0.7254126112779,0.0625,0.156311444359692,0.1563114466912302,Hadamard
0.7254126128138615,0.22822815442519728,0.28064118039317776,0.28064118425439954,CNOT
0.7254126097152314,0.0625,0.38325582169262434,0.38325582452067025,CNOT2
0.7254126097152314,0.0625,0.2726601360446065,0.27266013994539423,CNOT3
0.7254126101500725,0.0625,0.1563114447598867,0.15631144511784384,Hadamard
0.7254126128138615,0.39395630875817744,0.22822815583805048,0.22822815920722164,CNOT
0.7254126128138615,0.22822815448541658,0.3253641351901044,0.3253641403953771,CNOT2
0.7254126097152314,0.0625,0.3211903817830413,0.3211903859327459,CNOT3
0.7254126101500725,0.0625,0.15631144451943513,0.15631144580031806,Hadamard
0.7254126101500725,0.3939563052345418,0.0625,0.0625,CNOT
0.7254126090703302,0.3939563052345418,0.1316253249438602,0.1316253251146574,CNOT2
0.7254126128138615,0.3939563083889443,0.3378747777077101,0.33787478224330747,CNOT3
0.7254126112779,0.0625,0.1563114456590251,0.15631144566932226,Hadamard
0.7254126128138615,0.0625,0.31260311214404113,0.3126031171097165,CNOT
0.7254126128138615,0.3939563083889443,0.20012078430598879,0.20012078674803055,CNOT2
0.7254126128138615,0.22822815437908875,0.17782523789027493,0.17782523993610466,CNOT3
0.7254126112779,0.0625,0.1563114433657968,0.15631144474138425,Hadamard
0.7254126101500724,0.3939563052345418,0.3240321601809073,0.3240321645976745,CNOT
0.7254126097152312,0.2282281518405971,0.15784101243555965,0.15784101500028025,CNOT2
0.7254126101500724,0.0625,0.3831345884272165,0.38313459418557794,CNOT3
0.7254126101500725,0.0625,0.15631144411663356,0.1563114454916648,Hadamard
0.7254126101500724,0.2282281526172709,0.1793194409570288,0.17931944235678487,CNOT
0.7254126097152312,0.2282281526172709,0.46438951314474236,0.4643895248014235,CNOT2
0.7254126097152314,0.2282281518405971,0.17937009742090998,0.17937010028356798,CNOT3
0.7254126101500725,0.0625,0.15631144408762637,0.15631144503024205,Hadamard
0.7254126113677812,0.0625,0.19143293944238923,0.19143294185015053,CNOT
0.7254126113677812,0.2282281526172709,0.34024468079562514,0.3402446865913438,CNOT2
0.7254126090703302,0.5596844555217915,0.21727178048276102,0.21727178372838635,CNOT3
0.7254126131590148,0.0625,0.15631144519201132,0.15631144596766605,Hadamard
0.7254126108812813,0.2282281526172709,0.15056379133751185,0.1505637933191954,CNOT
0.7254126101500725,0.5596844555217915,0.16658529468639247,0.16658529532603852,CNOT2
0.7254126101500725,0.3939563052345418,0.14761446764830205,0.14761446965430697,CNOT3
0.7254126101500725,0.0625,0.15631144435578642,0.15631144528712718,Hadamard
0.7254126101500724,0.2282281518405971,0.3348699607294991,0.33486996533674707,CNOT
0.7254126128138615,0.22822815456617462,0.18713667341073803,0.18713667583082072,CNOT2
0.7254126090703302,0.0625,0.4425769432409801,0.4425769471654627,CNOT3
0.7254126141487207,0.0625,0.15631144441915917,0.15631144529950058,Hadamard
0.7254126128138615,0.22822815419447212,0.27076803207362643,0.2707680372529556,CNOT
0.7254126128138615,0.3939563083889443,0.19271177950814658,0.19271177800070366,CNOT2
0.7254126128138615,0.0625,0.27452718147817134,0.2745271847463241,CNOT3
0.7254126101500725,0.0625,0.1563114437947259,0.15631144526841453,Hadamard
0.7254126128138615,0.0625,0.2755932527143172,0.2755932548125738,CNOT
0.7254126128138615,0.0625,0.3134505854308687,0.3134505892477168,CNOT2
0.7254126128138615,0.0625,0.09970021889877198,0.09970021873232196,CNOT3
0.7254126101500725,0.0625,0.15631144514255674,0.1563114447170852,Hadamard
0.7254126097152314,0.2282281518405971,0.1545736313671473,0.15457363260099466,CNOT
0.7254126108812813,0.2282281526172709,0.19840121031495478,0.19840121227747928,CNOT2
0.7254126128138615,0.2282281545456941,0.13042954483789876,0.13042954473533622,CNOT3
0.7254126101500725,0.0625,0.1563114445572965,0.15631144632297894,Hadamard
0.7254126116397606,0.3939563104459807,0.2009471863426725,0.20094718748115517,CNOT
0.7254126101500724,0.0625,0.12592142144958515,0.1259214271459389,CNOT2
0.7254126123815593,0.3939563036811942,0.3076547910825474,0.3076547991807858,CNOT3
0.7254126101500725,0.0625,0.15631144430410226,0.156311444901252,Hadamard
0.7254126128138615,0.0625,0.3328003530406313,0.3328003594915708,CNOT
0.7254126097152314,0.2282281518405971,0.22504373722560397,0.22504374024179466,CNOT2
0.7254126101500725,0.2282281526172709,0.19795233192762862,0.19795233149970512,CNOT3
0.7254126101500725,0.0625,0.15631144465496685,0.15631144496557803,Hadamard
0.7254126113677812,0.7254126113677812,0.18934284002007015,0.18934284479772842,CNOT
0.7254126128138615,0.0625,0.147614468916824,0.14761446990123217,CNOT2
0.7254126128138615,0.22822815442519728,0.10589097976350428,0.10589098113999809,CNOT3
0.7254126112779,0.0625,0.15631144483102843,0.1563114449818386,Hadamard
0.7254126097152314,0.2282281518405971,0.2749133058244193,0.2749133121169103,CNOT
0.7254126101500725,0.2282281518405971,0.12782650057385994,0.12782650034944015,CNOT2
0.7254126101500725,0.0625,0.21613167457371635,0.2161316753947411,CNOT3
0.7254126112779,0.0625,0.1563114450729465,0.15631144591896473,Hadamard
0.7254126101500725,0.5596844555217915,0.11531283533725292,0.11531283651442005,CNOT
0.7254126128138615,0.22822815432449628,0.28758685356991587,0.28758685754756685,CNOT2
0.7254126128138615,0.22822815419447212,0.24743116336345428,0.2474311646245996,CNOT3
0.7254126101500725,0.0625,0.1563114438473683,0.15631144638594724,Hadamard
0.7254126128138615,0.0625,0.21613167396546734,0.21613167669722705,CNOT
0.7254126097152312,0.2282281518405971,0.2158511085598712,0.21585111046845978,CNOT2
0.7254126128138615,0.3939563081436577,0.2572626518853295,0.25726265178914925,CNOT3
0.7254126101500725,0.0625,0.15631144512537953,0.15631144607226174,Hadamard
0.7254126128138615,0.0625,0.18690558914508534,0.18690559259024322,CNOT
0.7254126097152314,0.0625,0.5255790873418495,0.5255791011955082,CNOT2
0.7254126101500725,0.3939563052345418,0.18507055789996038,0.18507055855382526,CNOT3
0.2800041276137736,0.0625,0.34990802291745804,0.3499080323779947,Hadamard
0.7254126128138615,0.22822815375415667,0.26791089425733067,0.2679108962541864,CNOT
0.7254126128138615,0.3939563081158925,0.26349415948005006,0.2634941621948569,CNOT2
0.7254126148252154,0.0625,0.22822815700332502,0.2282281645323101,CNOT3
0.7254126141487207,0.0625,0.1563114454471975,0.1563114450888961,Hadamard
0.7254126108812813,0.3939563041940785,0.22104630909022135,0.22104631102669528,CNOT
0.7254126090703302,0.0625,0.30857738776524557,0.3085773929601949,CNOT2
0.7254126101500725,0.0625,0.152191432188524,0.15219143725733525,CNOT3
0.7254126101500725,0.0625,0.15631144449885015,0.15631144541882613,Hadamard
0.7254126128138615,0.5596844604222622,0.42798691529129773,0.4279869233649468,CNOT
0.7254126097152314,0.0625,0.23477402004840608,0.23477402264815744,CNOT2
0.7254126128138615,0.5596844603007245,0.2115317561517644,0.21153175939014823,CNOT3
0.7254126101500725,0.0625,0.15631144481656722,0.15631144535718594,Hadamard
0.7254126101500725,0.3939563052345418,0.2208699700931439,0.2208699715285995,CNOT
0.7254126128138615,0.22822815510978697,0.15457363090758647,0.15457363158561607,CNOT2
0.7254126097152314,0.2282281526172709,0.39740585641969883,0.39740586191696203,CNOT3
0.7254126101500725,0.0625,0.15631144348825982,0.15631144554330906,Hadamard
0.7254126128138615,0.22822815456617462,0.09483196131275773,0.09483196150937714,CNOT
0.7254126097152314,0.2282281526172709,0.2833390093083506,0.2833390090243659,CNOT2
0.7254126101500725,0.2282281518405971,0.3505143568435457,0.3505143630257685,CNOT3
0.7254126101500725,0.0625,0.15631144368692876,0.15631144519506218,Hadamard
0.7254126128138615,0.2282281546158996,0.24743116324784556,0.24743116866618362,CNOT
0.7254126128138615,0.39395630750831334,0.22822815734641874,0.2282281640347123,CNOT2
0.7254126097152312,0.5596844555217915,0.27510479826436984,0.27510480091965595,CNOT3
0.7254126101500725,0.0625,0.15631144414686438,0.15631144478136016,Hadamard
0.7254126097152314,0.2282281526172709,0.4032439627490972,0.4032439704800101,CNOT
0.7254126097152312,0.3939563036811942,0.13307976387885445,0.1330797650532331,CNOT2
0.7254126090703302,0.2282281518405971,0.40861749511615575,0.4086175031944229,CNOT3
0.7254126101500725,0.0625,0.1563114444131506,0.15631144564398652,Hadamard
0.7254126097152314,0.0625,0.3816880739649093,0.3816880795613688,CNOT
0.7254126102035986,0.0625,0.19574859290048394,0.19574859480472157,CNOT2
0.7254126097152314,0.3939563052345418,0.12064930852550745,0.12064930799596467,CNOT3
0.7254126101500725,0.0625,0.15631144404862501,0.15631144578788336,Hadamard
0.7254126128138615,0.5596844608426526,0.2955138436248995,0.29551384552970794,CNOT
0.7254126101500725,0.3939563052345418,0.275593251933563,0.2755932560142237,CNOT2
0.7254126128138615,0.2282281544251973,0.3206305741524293,0.3206305792655208,CNOT3
0.7254126101500725,0.0625,0.15631144316077367,0.15631144518202666,Hadamard
0.7254126097152314,0.0625,0.3126031111191111,0.3126031151593269,CNOT
0.7254126101500725,0.2282281518405971,0.3174693280348804,0.31746933070239475,CNOT2
0.7254126097152312,0.2282281518405971,0.2234389214680679,0.22343892281747968,CNOT3
0.7254126101500725,0.0625,0.15631144446657422,0.15631144587285,Hadamard
0.7254126097152314,0.3939563052345418,0.31033075172000263,0.3103307555285031,CNOT
0.7254126128138615,0.3939563095089594,0.32394793649567954,0.32394794139022615,CNOT2
0.7254126128138615,0.22822815419447212,0.2230600553840958,0.2230600585513736,CNOT3
0.7254126112779,0.0625,0.156311444789087,0.156311446011446,Hadamard
0.7254126097152312,0.3939563036811942,0.21007189527536715,0.21007189557055592,CNOT
0.7254126128138615,0.22822815375415667,0.36408979674886577,0.3640898051082362,CNOT2
0.7254126101500725,0.0625,0.3731538685761934,0.3731538762475176,CNOT3
0.7254126101500725,0.0625,0.15631144433429825,0.15631144520581802,Hadamard
0.7254126128138615,0.22822815375415667,0.2612773679802742,0.26127737031117126,CNOT
0.7254126128138615,0.22822815461589957,0.3520138529909412,0.35201386112165395,CNOT2
0.7254126128138615,0.0625,0.2654747093254717,0.26547471293317837,CNOT3
0.7254126112779,0.0625,0.15631144535333452,0.15631144577868958,Hadamard
0.7254126128138615,0.39395630781017765,0.17083016754124214,0.17083017011112087,CNOT
0.7254126128138615,0.0625,0.42094731177578737,0.4209473201456098,CNOT2
0.7254126128138615,0.0625,0.3260614445049364,0.3260614490360013,CNOT3
0.5667450112389715,0.0625,0.5921707131033102,0.5921707273683378,Hadamard
0.7254126090703303,0.3939563052345418,0.2626680491777727,0.26266805297270024,CNOT
0.7254126101500725,0.2282281526172709,0.3191619541373571,0.3191619597653474,CNOT2
0.7254126113677812,0.22822815209703926,0.22504373676361192,0.22504373928011587,CNOT3
0.7254126112779,0.0625,0.15631144360194676,0.15631144563275917,Hadamard
0.7254126128138615,0.22822815432449628,0.38874094963102657,0.3887409553695104,CNOT
0.7254126128138615,0.22822815461589957,0.2644052553205003,0.26440525937459913,CNOT2
0.7254126097152314,0.7254126097152314,0.1711340000064981,0.17113399999890905,CNOT3
0.7254126112779,0.0625,0.1563114436876777,0.15631144509367523,Hadamard
0.7254126108812814,0.22822815209703926,0.30657917820480385,0.30657918447305865,CNOT
0.7254126128138615,0.5596844603007244,0.09483196102949387,0.09483196070674649,CNOT2
0.7254126128138615,0.22822815375415667,0.36457692561999366,0.3645769314154819,CNOT3
0.7254126112779,0.0625,0.1563114449229801,0.15631144532141156,Hadamard
0.7254126128138615,0.3939563095089594,0.1600853955926799,0.16008539665390936,CNOT
0.7254126128138615,0.39395630838894424,0.24931011564469224,0.24931012015330123,CNOT2
0.7254126128138615,0.0625,0.17455971491975886,0.17455971663172046,CNOT3
0.7254126101500725,0.0625,0.156311445075975,0.15631144509601622,Hadamard
0.7254126128138615,0.39395630885039457,0.2985756749046985,0.2985756774984324,CNOT
0.725412608305379,0.2282281526172709,0.24743116309147858,0.2474311657124049,CNOT2
0.7254126097152312,0.2282281518405971,0.1984012096283363,0.19840121345904382,CNOT3
0.7254126101500725,0.0625,0.1563114438396964,0.15631144621258494,Hadamard
0.7254126128138615,0.22822815419447212,0.20250222731616624,0.20250222982176,CNOT
0.7254126113677812,0.5596844555217915,0.4023442230500239,0.4023442308627497,CNOT2
0.7254126128138615,0.22822815375415667,0.4361521329065692,0.4361521384819884,CNOT3
0.7254126101500725,0.0625,0.1563114439516066,0.15631144532131713,Hadamard
0.7254126097152314,0.5596844555217912,0.1676608996044388,0.16766090022443697,CNOT
0.7254126097152314,0.0625,0.32403215948518893,0.3240321629757105,CNOT2
0.7254126128138615,0.559684458215216,0.4052287584563976,0.40522876549401166,CNOT3
0.7254126101500725,0.0625,0.15631144392379495,0.15631144551386805,Hadamard
0.7254126123815592,0.2282281518405971,0.2025022260804759,0.2025022307706277,CNOT
0.7254126128138615,0.22822815461589957,0.19666580321702443,0.19666580416896662,CNOT2
0.7254126097152312,0.3939563052345418,0.2619321552515507,0.26193216012836207,CNOT3
0.7254126101500725,0.0625,0.1563114447433468,0.15631144570413918,Hadamard
0.7254126128138615,0.22822815419447212,0.1032149952595592,0.10321499605107198,CNOT
0.7254126128138615,0.22822815419447215,0.30657918001222145,0.30657918321583966,CNOT2
0.7254126113677812,0.2282281526172709,0.3311560455980743,0.3311560517081737,CNOT3
0.7254126112779,0.0625,0.15631144418030685,0.15631144529375451,Hadamard
0.7254126128138615,0.22822815442519728,0.2749133059309153,0.27491331122809337,CNOT
0.7254126128138615,0.22822815419447212,0.2025022267554449,0.2025022294290583,CNOT2
0.7254126128138615,0.228228155109787,0.15457363162382914,0.15457363378198893,CNOT3
0.7254126101500725,0.0625,0.15631144445170747,0.1563114458947212,Hadamard
0.7254126113677812,0.2282281526172709,0.21269099797384253,0.21269100053023599,CNOT
0.7254126101500724,0.3939563036811942,0.23006544156966915,0.23006544270851598,CNOT2
0.7254126101500725,0.2282281518405971,0.24743116329924456,0.24743116498339696,CNOT3
0.7254126101500725,0.0625,0.15631144341788591,0.15631144551644632,Hadamard
0.7254126101500725,0.0625,0.14761446804501077,0.14761446898776426,CNOT
0.7254126128138615,0.39395630885039457,0.16796596712743384,0.16796596800195923,CNOT2
0.7254126101500725,0.0625,0.2923715554696845,0.2923715591503863,CNOT3
0.7254126101500725,0.0625,0.15631144429416505,0.15631144518935033,Hadamard
0.7254126102035986,0.2282281526172709,0.18406589466853263,0.18406589551616082,CNOT
0.7254126128138615,0.3939563083889443,0.23994886200414742,0.23994886282260258,CNOT2
0.7254126101500725,0.0625,0.3537004606138726,0.3537004622025147,CNOT3
0.7254126112779,0.0625,0.15631144463786234,0.15631144588200818,Hadamard
0.7254126116397606,0.39395630784620683,0.16184676890712235,0.16184677405144693,CNOT
0.7254126128138615,0.0625,0.30000789352978363,0.3000078964576916,CNOT2
0.7254126128138615,0.39395630784620683,0.16008539382565792,0.16008539589792192,CNOT3
0.7254126101500725,0.0625,0.1563114443183593,0.15631144524674756,Hadamard
0.7254126090703302,0.0625,0.10774007854771821,0.10774007930009519,CNOT
0.7254126101500725,0.2282281526172709,0.16823845044864377,0.16823845143053565,CNOT2
0.7254126101500725,0.0625,0.1259214222764189,0.12592143245175197,CNOT3
0.7254126112779,0.0625,0.1563114448825007,0.1563114449380267,Hadamard
0.7254126102035986,0.3939563041940785,0.1465044469121606,0.14650444867721996,CNOT
0.7254126128138615,0.3939563083249034,0.16008539443201175,0.16008539627688564,CNOT2
0.7254126128138615,0.3939563083889443,0.14537956144714306,0.14537956276267638,CNOT3
0.7254126101500725,0.0625,0.15631144462391905,0.1563114448903303,Hadamard
0.7254126108812813,0.2282281526172709,0.24338996331506355,0.24338996846648067,CNOT
0.7254126090703302,0.2282281526172709,0.31082510466975277,0.310825107473233,CNOT2
0.7254126073623882,0.2282281518405971,0.1976515667355141,0.19765156915963897,CNOT3
0.7254126101500725,0.0625,0.15631144307469624,0.15631144500057373,Hadamard
0.7254126128138615,0.3939563083249034,0.4327596397653238,0.43275965125351595,CNOT
0.7254126113677812,0.0625,0.21806213988643683,0.21806214221849216,CNOT2
0.7254126128138615,0.22822815419447212,0.47278651839905333,0.4727865267035009,CNOT3
0.7254126112779,0.0625,0.15631144473110514,0.1563114456423939,Hadamard
0.7254126128138615,0.0625,0.3149596195190675,0.3149596270439975,CNOT
0.7254126128138615,0.39395630838894424,0.19504230291247757,0.19504230439858056,CNOT2
0.7254126128138615,0.0625,0.2923715566109888,0.29237156199521375,CNOT3
0.7254126112779,0.0625,0.1563114445026374,0.15631144539139447,Hadamard
0.7254126097152314,0.2282281526172709,0.357526215911639,0.3575262180446752,CNOT
0.7254126128138615,0.22822815419447215,0.24098019129619877,0.2409801936656702,CNOT2
0.7254126128138615,0.22822815442519728,0.2097797838442352,0.20977978591961022,CNOT3
0.7254126112779,0.0625,0.15631144363920163,0.15631144594689783,Hadamard
0.7254126128138615,0.22822815335287647,0.4093666193324754,0.40936662524557527,CNOT
0.7254126128138615,0.2282281552229903,0.3225369176334147,0.3225369237876846,CNOT2
0.7254126101500725,0.0625,0.4470851560232432,0.4470851646263489,CNOT3
0.7254126101500725,0.0625,0.156311444836662,0.15631144516218723,Hadamard
0.7254126148252154,0.0625,0.3663022778212712,0.366302284166669,CNOT
0.7254126128138615,0.2282281546158996,0.40522875530648805,0.4052287653656491,CNOT2
0.7254126097152312,0.2282281526172709,0.31916195502628303,0.31916195797286057,CNOT3
0.7254126112779,0.0625,0.15631144471888564,0.15631144598217223,Hadamard
0.7254126090703302,0.3939563052345418,0.1796875032250127,0.1796875074190786,CNOT
0.7254126128138615,0.2282281545456941,0.3424195964386042,0.3424195996355439,CNOT2
0.7254126101500725,0.5596844555217912,0.39294422043421584,0.3929442251576538,CNOT3
0.7254126101500725,0.0625,0.15631144437302114,0.15631144578085748,Hadamard
0.7254126116397606,0.0625,0.3571102372283854,0.35711024372670613,CNOT
0.7254126116397607,0.39395631021957395,0.2306246629977654,0.2306246660138725,CNOT2
0.7254126128138615,0.22822815456617462,0.28629778268280426,0.28629778807428613,CNOT3
0.7254126112779,0.0625,0.15631144517316875,0.1563114452906958,Hadamard
0.7254126108812813,0.0625,0.46557234467695563,0.4655723503908259,CNOT
0.7254126128138615,0.0625,0.14698748219174707,0.14698748430828257,CNOT2
0.7254126128138615,0.22822815484722594,0.3522125657347751,0.35221257216308377,CNOT3
0.7254126112779,0.0625,0.15631144518247547,0.15631144477326964,Hadamard
0.7254126128138615,0.5596844606328508,0.33400823282685554,0.3340082358772712,CNOT
0.7254126113677812,0.3939563052345418,0.31222753480544635,0.31222753765342104,CNOT2
0.7254126128138615,0.2282281541624517,0.09483196016086465,0.09483196110090769,CNOT3
0.7254126101500725,0.0625,0.15631144399382638,0.15631144517097384,Hadamard
0.7254126128138615,0.22822815392310342,0.42128928052472625,0.4212892857801598,CNOT
0.7254126101500725,0.2282281526172709,0.20029792575833774,0.200297928901673,CNOT2
0.7254126097152314,0.3939563052345418,0.2604930485023452,0.2604930505342704,CNOT3
0.7254126101500725,0.0625,0.15631144481982392,0.1563114463424216,Hadamard
0.7254126128138615,0.22822815375415667,0.15170999893522494,0.1517099998187526,CNOT
0.7254126090703302,0.2282281526172709,0.1976515691460464,0.1976515715369186,CNOT2
0.7254126090703302,0.2282281518405971,0.2187785357216991,0.21877853846689183,CNOT3
0.7254126101500725,0.0625,0.15631144394914098,0.15631144507001576,Hadamard
0.7254126097152314,0.2282281526172709,0.14299886915579546,0.14299887087862587,CNOT
0.7254126097152312,0.0625,0.23207727509042983,0.23207727884486418,CNOT2
0.7254126101500725,0.2282281526172709,0.2959494452611704,0.29594944754114816,CNOT3
0.7254126112779,0.0625,0.15631144504318453,0.1563114460360252,Hadamard
0.7254126101500725,0.2282281526172709,0.17782523882803272,0.17782523968107516,CNOT
0.7254126128138615,0.3939563083889443,0.1476144667704847,0.14761446888181373,CNOT2
0.7254126128138615,0.22822815428351387,0.0948319611369556,0.09483196120576218,CNOT3
0.7254126101500725,0.0625,0.1563114447986748,0.15631144675117561,Hadamard
0.7254126097152314,0.3939563052345418,0.23062466347221391,0.23062466582589497,CNOT
0.7254126128138615,0.22822815329382823,0.22504373663029287,0.22504373933151178,CNOT2
0.7254126101500725,0.3939563052345418,0.28813104056487415,0.2881310465553878,CNOT3
0.7254126101500725,0.0625,0.15631144434260402,0.15631144520209297,Hadamard
0.7254126128138615,0.22822815392310342,0.3645769257770327,0.3645769314934369,CNOT
0.7254126128138615,0.0625,0.12592142115372484,0.12592142636163312,CNOT2
0.7254126097152312,0.3939563052345418,0.12224167244789806,0.12224167236261754,CNOT3
0.7254126112779,0.0625,0.1563114433006798,0.15631144623506613,Hadamard
0.7254126148252154,0.0625,0.2040401864503108,0.20404018772922397,CNOT
0.7254126128138615,0.22822815419447215,0.3754055644565179,0.3754055690792528,CNOT2
0.7254126101500725,0.3939563036811942,0.21007189403060111,0.21007189767044251,CNOT3
0.7254126101500725,0.0625,0.15631144369448108,0.1563114458088375,Hadamard
0.7254126090703302,0.3939563052345418,0.2208699705100995,0.2208699712025798,CNOT
0.7254126128138615,0.393956310219574,0.31987606635897187,0.31987607102075244,CNOT2
0.7254126097152314,0.3939563052345418,0.28813104290964675,0.28813104533388745,CNOT3
0.7254126112779,0.0625,0.1563114435607962,0.15631144589243107,Hadamard
0.7254126128138615,0.0625,0.4048707433376729,0.4048707504999123,CNOT
0.7254126128138615,0.22822815419447212,0.43100129123346625,0.43100129838644335,CNOT2
0.7254126101500725,0.2282281518405971,0.3029209375547987,0.3029209411565955,CNOT3
0.7254126101500725,0.0625,0.1563114448500616,0.1563114464571108,Hadamard
0.7254126101500725,0.3939563036811942,0.14068559945158748,0.1406856007029636,CNOT
0.7254126090703303,0.2282281518405971,0.3314233169975071,0.3314233212728023,CNOT2
0.7254126128138615,0.22822815375415667,0.09483196176095533,0.09483196180748858,CNOT3
0.7254126112779,0.0625,0.1563114447611702,0.15631144527224317,Hadamard
0.7254126108812813,0.0625,0.3332096576360049,0.3332096642236545,CNOT
0.7254126128138615,0.3939563083889443,0.14376215524820327,0.14376215825719352,CNOT2
0.7254126128138615,0.22822815428351387,0.3110702350299126,0.311070238121057,CNOT3
0.7254126101500725,0.0625,0.1563114441769538,0.15631144600792002,Hadamard
0.7254126128138615,0.0625,0.17656396918963194,0.17656396953821862,CNOT
0.7254126128138615,0.22822815543611197,0.37268785293459317,0.37268785953196176,CNOT2
0.7254126123815592,0.0625,0.4167989778436171,0.4167989827913111,CNOT3
0.7254126112779,0.0625,0.15631144502016875,0.1563114448665884,Hadamard
0.7254126128138615,0.39395630885039457,0.3238765154523876,0.32387651999198913,CNOT
0.7254126128138615,0.5596844608426526,0.2046723568093847,0.20467235890613586,CNOT2
0.7254126101500724,0.3939563036811942,0.21591698547088284,0.21591698639938212,CNOT3
