0.2968750026498871,0.29687500174623077,0.2968750026498871,0.29687500140935913,"Hadamard,create"
0.0625,0.39395630607315035,0.0625,0.45225138296358447,"CNOT,create"
0.0625,0.0625,0.0625,0.10822429618476559,CNOT2
0.2968750014093587,0.2968750028619757,0.2968750014093587,0.29687500388675137,Hadamard2
0.2968750037383939,0.29687500444150217,0.2968750037383939,0.2790342679011847,"CNOT,Entanglement"
0.2968750039187551,0.16429765058187826,0.2968750039187551,0.37251277051025933,"Hadamard,Entanglement"
0.2968750057850902,0.2968750018681785,0.2968750057850902,0.15219143052991108,CNOT3
0.2968750043225087,0.2968750022867538,0.2968750043225087,0.296875004939019,Hadamard3
0.0625,0.2968750026498871,0.0625,0.2797679923114764,CNOT4
0.2968750026498871,0.29687500174623077,0.2968750026498871,0.29687500140935913,Hadamard4
0.2968750026498871,0.2282281537143502,0.2968750026498871,0.3875874649821508,CNOT5
0.2968750026498871,0.29687500174623077,0.2968750026498871,0.29687500140935913,Hadamard5
0.2968750040266943,0.2282281543767376,0.2968750040266943,0.4025204897424571,CNOT6
0.2968750026498871,0.29687500174623077,0.2968750026498871,0.29687500140935913,Hadamard6
0.2968750026498871,0.0625,0.2968750026498871,0.2573756923518457,CNOT7
0.2968750036725408,0.2968750034924606,0.2968750036725408,0.29687500246954346,Hadamard7
0.5312500099574412,0.29687500357963514,0.5312500099574412,0.3266893966159452,CNOT8
0.3861165454095668,0.38611654605828294,0.3861165454095668,0.3627378241014535,Hadamard8
0.29687500174623077,0.2282281537143502,0.29687500174623077,0.1837111247005876,CNOT9
0.2968750026498871,0.29687500174623077,0.2968750026498871,0.29687500140935913,"Hadamard,create"
0.5312500108011775,0.43307941996934984,0.5312500108011775,0.38313458386552796,"CNOT,create"
0.0625,0.0625,0.0625,0.4454035267178297,CNOT2
0.2968750014093587,0.2968750028619757,0.2968750014093587,0.29687500388675137,Hadamard2
0.29687500061738636,0.29687500212901363,0.29687500061738636,0.20050658533216345,"CNOT,Entanglement"
0.20327590820174118,0.29687500237444364,0.20327590820174118,0.26620119609904547,"Hadamard,Entanglement"
0.2968750026498871,0.2968750013805168,0.2968750026498871,0.12224167064821939,CNOT3
0.2968750026498871,0.29687500174623077,0.2968750026498871,0.29687500140935913,Hadamard3
0.0625,0.0625,0.0625,0.1621597788274424,CNOT4
0.2968750030278987,0.3748327051913458,0.2968750030278987,0.18722300298760586,Hadamard4
0.2968750026498871,0.2282281537143502,0.2968750026498871,0.4161992085365707,CNOT5
0.31335369725640827,0.27914650300242216,0.31335369725640827,0.2844857257655049,Hadamard5
0.29687500371208336,0.3939563070984183,0.29687500371208336,0.20760389683107103,CNOT6
0.29687500237060027,0.2968750020261981,0.29687500237060027,0.2968750049876584,Hadamard6
0.2968750026498871,0.2282281537143502,0.2968750026498871,0.13718862537495224,CNOT7
0.2968750026498871,0.29687500174623077,0.2968750026498871,0.29687500140935913,Hadamard7
0.5312500107533583,0.29687500129995736,0.5312500107533583,0.24931011512386433,CNOT8
0.2968750026498871,0.29687500174623077,0.2968750026498871,0.29687500140935913,Hadamard8
0.2968750026498871,0.0625,0.2968750026498871,0.19733254905992184,CNOT9
0.2968750026498871,0.29687500174623077,0.2968750026498871,0.29687500140935913,"Hadamard,create"
0.2968750039532983,0.22822815281676986,0.2968750039532983,0.1702665067881552,"CNOT,create"
0.0625,0.2282281530753687,0.0625,0.30309998845018976,CNOT2
0.2968750014093587,0.2968750028619757,0.2968750014093587,0.29687500388675137,Hadamard2
0.29687500225426977,0.29687500321211346,0.29687500225426977,0.27903426815134874,"CNOT,Entanglement"
0.2968750036165528,0.29687500334960004,0.2968750036165528,0.2968750012347725,"Hadamard,Entanglement"
0.5312500052949828,0.2968750013628692,0.5312500052949828,0.39783752178137055,CNOT3
0.2968750036165528,0.29687500334960004,0.2968750036165528,0.2968750012347725,Hadamard3
0.0625,0.29687500231662767,0.0625,0.15219143065040455,CNOT4
0.38352465062271696,0.29687500308377013,0.38352465062271696,0.33332901046415764,Hadamard4
0.2968750026498871,0.2968750026498871,0.2968750026498871,0.2968750026498871,CNOT5
0.2968750036165528,0.29687500334960004,0.2968750036165528,0.2968750012347725,Hadamard5
0.2968750033672436,0.22822815394049037,0.2968750033672436,0.38159047791807693,CNOT6
0.2968750026498871,0.29687500174623077,0.2968750026498871,0.29687500140935913,Hadamard6
0.29687500174623077,0.22822815512081654,0.29687500174623077,0.30026417338495326,CNOT7
0.2968750036165528,0.29687500334960004,0.2968750036165528,0.2968750012347725,Hadamard7
0.0625,0.2968750026498871,0.0625,0.18287003244468472,CNOT8
0.2968750026498871,0.29687500174623077,0.2968750026498871,0.29687500140935913,Hadamard8
0.2968750026498871,0.2282281530753687,0.2968750026498871,0.32403215472755054,CNOT9
0.2968750036165528,0.29687500334960004,0.2968750036165528,0.2968750012347725,"Hadamard,create"
0.7656250093643142,0.22822815436592678,0.7656250093643142,0.22253754034911324,"CNOT,create"
0.0625,0.22822815396639612,0.0625,0.2548245437864062,CNOT2
0.2968750026498871,0.29687500174623077,0.2968750026498871,0.29687500140935913,Hadamard2
0.29687500259559113,0.0625,0.29687500259559113,0.24372091215166544,"CNOT,Entanglement"
0.29687500251526855,0.17356771773592944,0.29687500251526855,0.3695583797512539,"Hadamard,Entanglement"
0.5312500105139206,0.39395630611902105,0.5312500105139206,0.3973525832453607,CNOT3
0.2968750036165528,0.29687500334960004,0.2968750036165528,0.2968750012347725,Hadamard3
0.29687500223315233,0.2968750024690895,0.29687500223315233,0.36385936395984053,CNOT4
0.3791089413837895,0.29687500488619817,0.3791089413837895,0.3313324119560022,Hadamard4
0.2968750026498871,0.2968750026498871,0.2968750026498871,0.2790342666671044,CNOT5
0.296875002810403,0.39055214815330724,0.296875002810403,0.24896545385180685,Hadamard5
0.0625,0.2282281528042911,0.0625,0.3134505815971992,CNOT6
0.29687500098986336,0.2968750008703839,0.29687500098986336,0.29687500690283725,Hadamard6
0.2968750026498871,0.0625,0.2968750026498871,0.18371112540915263,CNOT7
0.2968750026498871,0.29687500174623077,0.2968750026498871,0.29687500140935913,Hadamard7
0.5312500090990977,0.29687500475898576,0.5312500090990977,0.5577173546728605,CNOT8
0.2968750026498871,0.29687500174623077,0.2968750026498871,0.29687500140935913,Hadamard8
0.2968750026498871,0.0625,0.2968750026498871,0.20788407397294012,CNOT9
0.13685726045159857,0.13685725998060216,0.13685726045159857,0.36227422356415795,"Hadamard,create"
0.29687500430160196,0.2968750038344221,0.29687500430160196,0.501830912929798,"CNOT,create"
0.5312500047809359,0.22822815432115479,0.5312500047809359,0.15856688147529957,CNOT2
0.2968750036165528,0.29687500334960004,0.2968750036165528,0.2968750012347725,Hadamard2
0.5312500044652244,0.3939563056085822,0.5312500044652244,0.15219142998379717,"CNOT,Entanglement"
0.29687500200054295,0.36644880686028575,0.29687500200054295,0.20508107832339909,"Hadamard,Entanglement"
0.29687500342166145,0.29687500175193093,0.29687500342166145,0.25094196450981743,CNOT3
0.2968750026498871,0.29687500174623077,0.2968750026498871,0.29687500140935913,Hadamard3
0.2968750026498871,0.2968750033321075,0.2968750026498871,0.2968750039788882,CNOT4
0.30522182679536014,0.2968750002690552,0.30522182679536014,0.30010383080920616,Hadamard4
0.29687500174623077,0.2282281537143502,0.29687500174623077,0.4161992110881315,CNOT5
0.2968750033968026,0.29687500123477173,0.2968750033968026,0.2968750012347723,Hadamard5
0.29687500295466107,0.3939563100431975,0.29687500295466107,0.29774626475310917,CNOT6
0.29687500380769155,0.2968750043241307,0.29687500380769155,0.29687500461693245,Hadamard6
0.2968750026498871,0.3939563061507374,0.2968750026498871,0.33652019903028335,CNOT7
0.2968750036165528,0.29687500334960004,0.2968750036165528,0.2968750012347725,Hadamard7
0.29687500166965014,0.39395631032094114,0.29687500166965014,0.32668939619817106,CNOT8
0.2968750026498871,0.29687500174623077,0.2968750026498871,0.29687500140935913,Hadamard8
0.2968750026498871,0.2282281530753687,0.2968750026498871,0.10822429469096953,CNOT9
0.2968750026498871,0.29687500174623077,0.2968750026498871,0.29687500140935913,"Hadamard,create"
0.531250008541975,0.22822815365856827,0.531250008541975,0.20050658683635347,"CNOT,create"
0.29687500271873046,0.29687500304178177,0.29687500271873046,0.36385936427764654,CNOT2
0.2968750014093587,0.2968750028619757,0.2968750014093587,0.29687500388675137,Hadamard2
0.2968750026498871,0.5312500012347727,0.2968750026498871,0.20050658535324062,"CNOT,Entanglement"
0.2968750026498871,0.29687500174623077,0.2968750026498871,0.29687500140935913,"Hadamard,Entanglement"
0.2968750026498871,0.0625,0.2968750026498871,0.35126507497130766,CNOT3
0.27268848637015464,0.2968750015782868,0.27268848637015464,0.2879259545349585,Hadamard3
0.7656250089642584,0.2968750013628692,0.7656250089642584,0.15219143220534756,CNOT4
0.2968750036165528,0.29687500334960004,0.2968750036165528,0.2968750012347725,Hadamard4
0.2968750026498871,0.4330794161196987,0.2968750026498871,0.33517729951746345,CNOT5
0.29687500430996566,0.29687500415844836,0.29687500430996566,0.3655985609626945,Hadamard5
0.2968750029271477,0.29687500224165336,0.2968750029271477,0.262668045552398,CNOT6
0.18564914276227534,0.37022970873866146,0.18564914276227534,0.35068466856025793,Hadamard6
0.2968750026498871,0.0625,0.2968750026498871,0.3808208783637451,CNOT7
0.2968750026498871,0.29687500174623077,0.2968750026498871,0.29687500140935913,Hadamard7
0.29687500100343556,0.2968750029696976,0.29687500100343556,0.1469874828411282,CNOT8
0.2968750036725408,0.2968750034924606,0.2968750036725408,0.29687500246954346,Hadamard8
0.2968750026498871,0.0625,0.2968750026498871,0.2968750026498871,CNOT9
0.2968750014093587,0.2968750028619757,0.2968750014093587,0.29687500388675137,"Hadamard,create"
0.29687500374378817,0.22822815333846336,0.29687500374378817,0.3418631774049221,"CNOT,create"
0.2968750057116854,0.2968750038122733,0.2968750057116854,0.13718862461881182,CNOT2
0.2968750014093587,0.2968750028619757,0.2968750014093587,0.29687500388675137,Hadamard2
0.2968750036229332,0.2968750024690895,0.2968750036229332,0.36872569719258397,"CNOT,Entanglement"
0.2968750036165528,0.29687500334960004,0.2968750036165528,0.2968750012347725,"Hadamard,Entanglement"
0.29687500250333604,0.2968750033947324,0.29687500250333604,0.3211903793096486,CNOT3
0.2968750036165528,0.29687500334960004,0.2968750036165528,0.2968750012347725,Hadamard3
0.29687500223315233,0.0625,0.29687500223315233,0.0625,CNOT4
0.2968750024336181,0.38736262737972393,0.2968750024336181,0.15294095077064235,Hadamard4
0.2968750026498871,0.2968750026498871,0.2968750026498871,0.31345058032093404,CNOT5
0.2968750036165528,0.29687500334960004,0.2968750036165528,0.2968750012347725,Hadamard5
0.5312500054911662,0.5312500061985498,0.5312500054911662,0.3709982136803825,CNOT6
0.29687500321249427,0.29687500260460364,0.29687500321249427,0.2968750033968033,Hadamard6
0.2968750026498871,0.2282281537143502,0.2968750026498871,0.20050658470575744,CNOT7
0.2968750036165528,0.29687500334960004,0.2968750036165528,0.2968750012347725,Hadamard7
0.5312500092274592,0.0625,0.5312500092274592,0.23477401791090277,CNOT8
0.2968750036725408,0.2968750034924606,0.2968750036725408,0.29687500246954346,Hadamard8
0.29687500174623077,0.3939563074287004,0.29687500174623077,0.31831703580812687,CNOT9
0.2968750026498871,0.29687500174623077,0.2968750026498871,0.29687500140935913,"Hadamard,create"
0.0625,0.22822815394049037,0.0625,0.38758746657786924,"CNOT,create"
0.5312500106350813,0.39395630788098074,0.5312500106350813,0.4407142828671846,CNOT2
0.29687500455715954,0.2968750026343317,0.29687500455715954,0.2968750066012955,Hadamard2
0.0625,0.29687500189184846,0.0625,0.15219142989712586,"CNOT,Entanglement"
0.29687500140935835,0.2968750030245595,0.29687500140935835,0.2968750014636736,"Hadamard,Entanglement"
0.2968750026498871,0.0625,0.2968750026498871,0.13853672348995985,CNOT3
0.19928377290468582,0.29687500295167146,0.19928377290468582,0.2651576975595261,Hadamard3
0.5312500122444135,0.5312500024695437,0.5312500122444135,0.3467486650912833,CNOT4
0.2968750026498871,0.29687500174623077,0.2968750026498871,0.29687500140935913,Hadamard4
0.2968750026498871,0.4330794161196987,0.2968750026498871,0.4791417837565558,CNOT5
0.2968750026498871,0.29687500174623077,0.2968750026498871,0.29687500140935913,Hadamard5
0.5312500047753113,0.4330794159543248,0.5312500047753113,0.34848095783824956,CNOT6
0.2968750036165528,0.29687500334960004,0.2968750036165528,0.2968750012347725,Hadamard6
0.2968750026498871,0.0625,0.2968750026498871,0.15219143046321887,CNOT7
0.2968750031078813,0.2968750030076238,0.2968750031078813,0.19396031140556705,Hadamard7
0.29687500000000094,0.0625,0.29687500000000094,0.31951111247981107,CNOT8
0.2968750026498871,0.29687500174623077,0.2968750026498871,0.29687500140935913,Hadamard8
0.2968750026498871,0.2968750026498871,0.2968750026498871,0.1893428365891511,CNOT9
0.2968750026498871,0.29687500174623077,0.2968750026498871,0.29687500140935913,"Hadamard,create"
0.5312500052997742,0.4330794161196987,0.5312500052997742,0.3378747732321489,"CNOT,create"
0.5312500144823091,0.39395630793279224,0.5312500144823091,0.23843607117643295,CNOT2
0.2968750026498871,0.2968750028619757,0.2968750026498871,0.29687500388675137,Hadamard2
0.29687500369065445,0.29687500174623077,0.29687500369065445,0.4921412982364453,"CNOT,Entanglement"
0.2968750036165528,0.29687500334960004,0.2968750036165528,0.2968750012347725,"Hadamard,Entanglement"
0.5312500081776892,0.29687500251424037,0.5312500081776892,0.11249873754930019,CNOT3
0.2968750026498871,0.29687500174623077,0.2968750026498871,0.29687500140935913,Hadamard3
0.5312500080244257,0.3939563075444066,0.5312500080244257,0.11199162036154098,CNOT4
0.2968750036165528,0.29687500334960004,0.2968750036165528,0.2968750012347725,Hadamard4
0.2968750026498871,0.2968750026498871,0.2968750026498871,0.23843606845961487,CNOT5
0.2968750036165528,0.29687500334960004,0.2968750036165528,0.2968750012347725,Hadamard5
0.5312500089145433,0.22822815532728077,0.5312500089145433,0.18690559017706798,CNOT6
0.2968750026498871,0.29687500174623077,0.2968750026498871,0.29687500140935913,Hadamard6
0.2968750026498871,0.3939563074287004,0.2968750026498871,0.3418631725494076,CNOT7
0.2968750026498871,0.29687500174623077,0.2968750026498871,0.29687500140935913,Hadamard7
0.5312500084350993,0.0625,0.5312500084350993,0.15707412778316948,CNOT8
0.2968750026498871,0.29687500174623077,0.2968750026498871,0.29687500140935913,Hadamard8
0.29687500174623077,0.43307941593479193,0.29687500174623077,0.20050658470575788,CNOT9
0.2968750026498871,0.29687500174623077,0.2968750026498871,0.29687500140935913,"Hadamard,create"
0.29687500602325045,0.22822815352924272,0.29687500602325045,0.2923715535493143,"CNOT,create"
0.0625,0.0625,0.0625,0.11901208965129534,CNOT2
0.15453820279271632,0.3809215026531516,0.15453820279271632,0.21109013853589348,Hadamard2
0.2968750042545065,0.2968750039482747,0.2968750042545065,0.16215977923871483,"CNOT,Entanglement"
0.29687500360078883,0.09384128342765993,0.29687500360078883,0.3861886713432214,"Hadamard,Entanglement"
0.29687500457134974,0.29687500339959927,0.29687500457134974,0.3575866663550317,CNOT3
0.2968750014093587,0.2968750028619757,0.2968750014093587,0.29687500388675137,Hadamard3
0.2968750026498871,0.29687500319137716,0.2968750026498871,0.27903426709974033,CNOT4
0.2968750026498871,0.29687500174623077,0.2968750026498871,0.29687500140935913,Hadamard4
0.29687500174623077,0.43307941593479193,0.29687500174623077,0.23843606758650038,CNOT5
0.2968750036165528,0.29687500334960004,0.2968750036165528,0.2968750012347725,Hadamard5
0.0625,0.2282281537143502,0.0625,0.21124251048139686,CNOT6
0.2968750036165528,0.29687500334960004,0.2968750036165528,0.2968750012347725,Hadamard6
0.2968750026498871,0.2282281537143502,0.2968750026498871,0.2466472577457311,CNOT7
0.2968750036165528,0.29687500334960004,0.2968750036165528,0.2968750012347725,Hadamard7
0.5312500088394732,0.0625,0.5312500088394732,0.2779767988450713,CNOT8
0.2968750026498871,0.29687500174623077,0.2968750026498871,0.29687500140935913,Hadamard8
0.29687500174623077,0.2282281537143502,0.29687500174623077,0.44476241938587074,CNOT9
0.2968750014093587,0.2968750028619757,0.2968750014093587,0.29687500388675137,"Hadamard,create"
0.29687500422425855,0.2968750029696976,0.29687500422425855,0.17656396771146268,"CNOT,create"
0.5312500039857462,0.43307941647206244,0.5312500039857462,0.3838986429078545,CNOT2
0.2968750014093587,0.2968750028619757,0.2968750014093587,0.29687500388675137,Hadamard2
0.5312500148480901,0.3939563119172312,0.5312500148480901,0.1730711307990667,"CNOT,Entanglement"
0.29687500360756947,0.3861493888475271,0.29687500360756947,0.334521858788481,"Hadamard,Entanglement"
0.2968750037558394,0.39395631161792594,0.2968750037558394,0.27674117955940536,CNOT3
0.2968750036165528,0.29687500334960004,0.2968750036165528,0.2968750012347725,Hadamard3
0.2968750016302326,0.2968750050218888,0.2968750016302326,0.41298560826057984,CNOT4
0.2968750022544997,0.39137225403224224,0.2968750022544997,0.13838057201518053,Hadamard4
0.2968750026498871,0.2282281530753687,0.2968750026498871,0.2005065843135695,CNOT5
0.2968750013011593,0.2968750008896402,0.2968750013011593,0.19626663002390488,Hadamard5
0.296875004749795,0.22822815359309775,0.296875004749795,0.3638593672555662,CNOT6
0.2968750026498871,0.29687500174623077,0.2968750026498871,0.29687500140935913,Hadamard6
0.29687500174623077,0.0625,0.29687500174623077,0.15219143042682853,CNOT7
0.29687500369271613,0.296875003504115,0.29687500369271613,0.3546835558417538,Hadamard7
0.29687500157298685,0.0625,0.29687500157298685,0.3628416567556824,CNOT8
0.2968750026498871,0.29687500174623077,0.2968750026498871,0.29687500140935913,Hadamard8
0.2968750026498871,0.43307941593479193,0.2968750026498871,0.2428142926484151,CNOT9
0.2968750036165528,0.29687500334960004,0.2968750036165528,0.2968750012347725,"Hadamard,create"
0.0625,0.39395630635667195,0.0625,0.3638593668379786,"CNOT,create"
0.29687500611898054,0.22822815464834056,0.29687500611898054,0.3183170383472667,CNOT2
0.2968750026498871,0.29687500174623077,0.2968750026498871,0.29687500140935913,Hadamard2
0.29687500471193695,0.2968750026498871,0.29687500471193695,0.26732862361169885,"CNOT,Entanglement"
0.2968750014093587,0.2968750028619757,0.2968750014093587,0.29687500388675137,"Hadamard,Entanglement"
0.2968750026498871,0.0625,0.2968750026498871,0.26632738420968693,CNOT3
0.2968750014093587,0.2968750028619757,0.2968750014093587,0.29687500388675137,Hadamard3
0.0625,0.0625,0.0625,0.27903426921528296,CNOT4
0.2968750026498871,0.29687500174623077,0.2968750026498871,0.29687500140935913,Hadamard4
0.2968750026498871,0.2968750026498871,0.2968750026498871,0.318317038547182,CNOT5
0.2968750033968026,0.29687500123477173,0.2968750033968026,0.2968750012347723,Hadamard5
0.2968750026498871,0.4330794190354444,0.2968750026498871,0.33517730277872154,CNOT6
0.2968750036725408,0.2968750034924606,0.2968750036725408,0.29687500246954346,Hadamard6
0.2968750026498871,0.43307941593479193,0.2968750026498871,0.3709982127262402,CNOT7
0.2968750036165528,0.29687500334960004,0.2968750036165528,0.2968750012347725,Hadamard7
0.29687500280276385,0.0625,0.29687500280276385,0.23006543889234582,CNOT8
0.2968750026498871,0.29687500174623077,0.2968750026498871,0.29687500140935913,Hadamard8
0.29687500174623077,0.43307942004129024,0.29687500174623077,0.32668939760748,CNOT9
0.2968750036165524,0.2968750000000006,0.2968750036165524,0.29687500140935885,"Hadamard,create"
0.0625,0.22822815453055748,0.0625,0.1837111247902397,"CNOT,create"
0.5312500024695437,0.3939563056085822,0.5312500024695437,0.40553197137883146,CNOT2
0.2968750036165524,0.2968750000000006,0.2968750036165524,0.29687500140935885,Hadamard2
0.2968750033321075,0.29687500212901363,0.2968750033321075,0.2673286257341424,"CNOT,Entanglement"
0.2968750026498871,0.29687500174623077,0.2968750026498871,0.29687500140935913,"Hadamard,Entanglement"
0.29687500398120426,0.3939563056085822,0.29687500398120426,0.20404018427327397,CNOT3
0.28704668637578246,0.2968750034252166,0.28704668637578246,0.2931633403885914,Hadamard3
0.29687500294961455,0.0625,0.29687500294961455,0.19718258657130405,CNOT4
0.2968750026498871,0.29687500174623077,0.2968750026498871,0.29687500140935913,Hadamard4
0.2968750026498871,0.4330794161196987,0.2968750026498871,0.3240321553347084,CNOT5
0.2968750026498871,0.29687500174623077,0.2968750026498871,0.29687500140935913,Hadamard5
0.0625,0.29687500224165336,0.0625,0.4315883338590532,CNOT6
0.2968750036165528,0.29687500334960004,0.2968750036165528,0.2968750012347725,Hadamard6
0.29687500174623077,0.2282281537143502,0.29687500174623077,0.2344201317323268,CNOT7
0.0836074400641117,0.39328355678235727,0.0836074400641117,0.3682108860831076,Hadamard7
0.531250006160273,0.0625,0.531250006160273,0.3789445972383913,CNOT8
0.2968750026498871,0.29687500174623077,0.2968750026498871,0.29687500140935913,Hadamard8
0.2968750026498871,0.4330794161196987,0.2968750026498871,0.4161992109258182,CNOT9
0.2968750036165528,0.29687500334960004,0.2968750036165528,0.2968750012347725,"Hadamard,create"
0.2968750013628692,0.2968750013628692,0.2968750013628692,0.18934283684488015,"CNOT,create"
0.0625,0.0625,0.0625,0.28044367524385955,CNOT2
0.2968750026498871,0.29687500174623077,0.2968750026498871,0.29687500140935913,Hadamard2
0.5312500052997742,0.0625,0.5312500052997742,0.29687500246954274,"CNOT,Entanglement"
0.2968750046345094,0.26758076794664565,0.2968750046345094,0.32100575019970157,"Hadamard,Entanglement"
0.531250008801815,0.2968750020688432,0.531250008801815,0.33517729935798213,CNOT3
0.2968750029988961,0.2968750019850217,0.2968750029988961,0.29687500633132147,Hadamard3
0.0625,0.2968750026498871,0.0625,0.2968750027690479,CNOT4
0.2968750036165528,0.29687500334960004,0.2968750036165528,0.2968750012347725,Hadamard4
0.29687500174623077,0.2282281530753687,0.29687500174623077,0.38082087672776554,CNOT5
0.2033967984569777,0.2968750059474663,0.2033967984569777,0.21257395933823592,Hadamard5
0.2968750029696976,0.22822815456931053,0.2968750029696976,0.3687257026531207,CNOT6
0.2968750036165528,0.29687500334960004,0.2968750036165528,0.2968750012347725,Hadamard6
0.2968750026498871,0.4330794161196987,0.2968750026498871,0.38082087719566704,CNOT7
0.2968750026498871,0.29687500174623077,0.2968750026498871,0.29687500140935913,Hadamard7
0.5312500052997742,0.29687500349924906,0.5312500052997742,0.08724581121491001,CNOT8
0.2968750036165528,0.29687500334960004,0.2968750036165528,0.2968750012347725,Hadamard8
0.2968750026498871,0.2968750026498871,0.2968750026498871,0.26266804386454706,CNOT9
0.2968750026498871,0.29687500174623077,0.2968750026498871,0.29687500140935913,"Hadamard,create"
0.0625,0.2282281539404904,0.0625,0.34588445766319176,"CNOT,create"
0.0625,0.0625,0.0625,0.24830249545916008,CNOT2
0.2968750014093587,0.2968750028619757,0.2968750014093587,0.29687500388675137,Hadamard2
0.0625,0.0625,0.0625,0.3815904799509329,"CNOT,Entanglement"
0.2968750036165528,0.29687500334960004,0.2968750036165528,0.2968750012347725,"Hadamard,Entanglement"
0.2968750029246522,0.29687500243584264,0.2968750029246522,0.16796596582016507,CNOT3
0.2968750026793947,0.2968750032338624,0.2968750026793947,0.2968750058937284,Hadamard3
0.7656250149628889,0.3939563061507374,0.7656250149628889,0.4225833317572419,CNOT4
0.29687500157147995,0.20484258986613516,0.29687500157147995,0.3573944844301679,Hadamard4
0.2968750026498871,0.2282281530753687,0.2968750026498871,0.32403215395008156,CNOT5
0.2968750036165528,0.29687500334960004,0.2968750036165528,0.2968750012347725,Hadamard5
0.2968750013628692,0.2968750026498871,0.2968750013628692,0.34674866263670645,CNOT6
0.2968750026498871,0.29687500174623077,0.2968750026498871,0.29687500140935913,Hadamard6
0.29687500174623077,0.2282281530753687,0.29687500174623077,0.18287003067199553,CNOT7
0.29687500235497577,0.2968750006151823,0.29687500235497577,0.39327432447241123,Hadamard7
0.0625,0.29687500445995874,0.0625,0.20404018398118473,CNOT8
0.2968750026498871,0.29687500174623077,0.2968750026498871,0.29687500140935913,Hadamard8
0.29687500174623077,0.0625,0.29687500174623077,0.4897012774860788,CNOT9
0.2968750026498871,0.29687500174623077,0.2968750026498871,0.29687500140935913,"Hadamard,create"
0.29687500271933864,0.29687500538673073,0.29687500271933864,0.32668939607067876,"CNOT,create"
0.5312500101248352,0.39395630968595685,0.5312500101248352,0.2755932492939539,CNOT2
0.2968750036725408,0.2968750034924606,0.2968750036725408,0.29687500246954346,Hadamard2
0.0625,0.0625,0.0625,0.34674866403299714,"CNOT,Entanglement"
0.2968750036675565,0.23045953046398446,0.2968750036675565,0.2739376192624846,"Hadamard,Entanglement"
0.5312500081776892,0.2968750039482746,0.5312500081776892,0.39783752178137055,CNOT3
0.2968750026498871,0.29687500174623077,0.2968750026498871,0.29687500140935913,Hadamard3
0.0625,0.0625,0.0625,0.1621597776974399,CNOT4
0.2968750026498871,0.29687500174623077,0.2968750026498871,0.29687500140935913,Hadamard4
0.2968750026498871,0.43307942004129024,0.2968750026498871,0.19271177390642694,CNOT5
0.2514962934540891,0.334793379613675,0.2514962934540891,0.32425677253169555,Hadamard5
0.2968750026498871,0.3939563056085822,0.2968750026498871,0.2576707841753808,CNOT6
0.2968750026498871,0.29687500174623077,0.2968750026498871,0.29687500140935913,Hadamard6
0.2968750026498871,0.3939563074287004,0.2968750026498871,0.2509419614395379,CNOT7
0.2968750036165528,0.29687500334960004,0.2968750036165528,0.2968750012347725,Hadamard7
0.296875000000001,0.0625,0.296875000000001,0.2386672186036339,CNOT8
0.2968750026498871,0.29687500174623077,0.2968750026498871,0.29687500140935913,Hadamard8
0.2968750026498871,0.2282281537143502,0.2968750026498871,0.4225833269509364,CNOT9
0.2968750030245599,0.29687500123477206,0.2968750030245599,0.29687500388675137,"Hadamard,create"
0.2968750016711199,0.2968750032330151,0.2968750016711199,0.11249873827485109,"CNOT,create"
0.2968750027463716,0.29687500547002194,0.2968750027463716,0.2840843065162484,CNOT2
0.2968750026498871,0.29687500174623077,0.2968750026498871,0.29687500140935913,Hadamard2
0.2968750042726981,0.0625,0.2968750042726981,0.352323436630261,"CNOT,Entanglement"
0.2968750014093587,0.2968750028619757,0.2968750014093587,0.29687500388675137,"Hadamard,Entanglement"
0.531250005305635,0.2968750027655841,0.531250005305635,0.08724581046324066,CNOT3
0.2968750026498871,0.29687500174623077,0.2968750026498871,0.29687500140935913,Hadamard3
0.2968750050343813,0.29687500123477184,0.2968750050343813,0.0625,CNOT4
0.3858558651830839,0.2968750044547346,0.3858558651830839,0.33438824251618826,Hadamard4
0.29687500174623077,0.2282281530753687,0.29687500174623077,0.3815904733738808,CNOT5
0.29687500443040216,0.29687500126303945,0.29687500443040216,0.32651479102516767,Hadamard5
0.29687500174623077,0.3939563074287004,0.29687500174623077,0.0625,CNOT6
0.29687500298482705,0.29687500148914375,0.29687500298482705,0.2968750013704098,Hadamard6
0.29687500174623077,0.29687500174623077,0.29687500174623077,0.30026417576432574,CNOT7
0.2968750026498871,0.29687500174623077,0.2968750026498871,0.29687500140935913,Hadamard7
0.5312500034924615,0.0625,0.5312500034924615,0.1893428374745598,CNOT8
0.2968750024854949,0.2968750038912082,0.2968750024854949,0.2968750064046574,Hadamard8
0.29687500174623077,0.2282281537143502,0.29687500174623077,0.3973525821728755,CNOT9
0.2968750026498871,0.29687500174623077,0.2968750026498871,0.29687500140935913,"Hadamard,create"
0.29687500469265604,0.2968750016099915,0.29687500469265604,0.346605462033572,"CNOT,create"
0.0625,0.2282281528042911,0.0625,0.545460822777341,CNOT2
0.2968750014093587,0.2968750028619757,0.2968750014093587,0.29687500388675137,Hadamard2
0.5312500088027948,0.29687500189184846,0.5312500088027948,0.36872569657574883,"CNOT,Entanglement"
0.2968750026498871,0.29687500174623077,0.2968750026498871,0.29687500140935913,"Hadamard,Entanglement"
0.0625,0.0625,0.0625,0.21613167578112658,CNOT3
0.2968750036165528,0.29687500334960004,0.2968750036165528,0.2968750012347725,Hadamard3
0.2968750041737305,0.3939563069574004,0.2968750041737305,0.38656643373794114,CNOT4
0.29687500198456374,0.23895697516475847,0.29687500198456374,0.3398354736451217,Hadamard4
0.2968750026498871,0.29687500174623077,0.2968750026498871,0.3266893961981713,CNOT5
0.29687500566542474,0.13437908062415904,0.29687500566542474,0.33448510832994716,Hadamard5
0.2968750025193251,0.22822815392161858,0.2968750025193251,0.3838986429078545,CNOT6
0.2968750030863817,0.29687500280728885,0.2968750030863817,0.29687500742140016,Hadamard6
0.2968750026498871,0.2282281537143502,0.2968750026498871,0.41269561338345334,CNOT7
0.2968750036165528,0.29687500334960004,0.2968750036165528,0.2968750012347725,Hadamard7
0.5312500096805286,0.29687500292212826,0.5312500096805286,0.16796596603012426,CNOT8
0.2968750036725408,0.2968750034924606,0.2968750036725408,0.29687500246954346,Hadamard8
0.2968750026498871,0.2282281537143502,0.2968750026498871,0.2282281537143502,CNOT9
0.2968750026498871,0.29687500174623077,0.2968750026498871,0.2968750012347725,"Hadamard,create"
0.0625,0.0625,0.0625,0.30335298199080085,"CNOT,create"
0.0625,0.3939563078432372,0.0625,0.324032155484112,CNOT2
0.29687500358900365,0.2968750034924603,0.29687500358900365,0.2968750014636736,Hadamard2
0.2968750040671687,0.2968750047809793,0.2968750040671687,0.2116513984818143,"CNOT,Entanglement"
0.35390443951122963,0.29687500454436244,0.35390443951122963,0.22751274143116654,"Hadamard,Entanglement"
0.0625,0.0625,0.0625,0.1800845911854827,CNOT3
0.2968750044403611,0.2968750024452839,0.2968750044403611,0.2968750071061166,Hadamard3
0.2968750064592295,0.29687500189184846,0.2968750064592295,0.2968750022413541,CNOT4
0.2968750026498871,0.29687500174623077,0.2968750026498871,0.29687500140935913,Hadamard4
0.29687500174623077,0.2282281530753687,0.29687500174623077,0.2509419641527852,CNOT5
0.2968750036165528,0.29687500334960004,0.2968750036165528,0.2968750012347725,Hadamard5
0.2968750060694577,0.2968750025193251,0.2968750060694577,0.25894055388792425,CNOT6
0.29687500321249427,0.29687500260460364,0.29687500321249427,0.2968750033968033,Hadamard6
0.29687500174623077,0.0625,0.29687500174623077,0.1521914304632185,CNOT7
0.29687500321249427,0.29687500260460364,0.29687500321249427,0.2968750033968033,Hadamard7
0.2968750023703324,0.39395630946999105,0.2968750023703324,0.2755932511664466,CNOT8
0.2968750026498871,0.29687500174623077,0.2968750026498871,0.29687500140935913,Hadamard8
0.2968750026498871,0.3939563074287004,0.2968750026498871,0.2282281537143502,CNOT9
0.2968750014093587,0.2968750028619757,0.2968750014093587,0.29687500388675137,"Hadamard,create"
0.2968750026498871,0.2968750026498871,0.2968750026498871,0.40768008589155474,"CNOT,create"
0.5312500125271171,0.22822815483436779,0.5312500125271171,0.19504230270396633,CNOT2
0.2968750026498871,0.29687500174623077,0.2968750026498871,0.29687500140935913,Hadamard2
0.29687500189184846,0.0625,0.29687500189184846,0.2790342689247933,"CNOT,Entanglement"
0.2968750036045118,0.15200742447296495,0.2968750036045118,0.37599661389213285,"Hadamard,Entanglement"
0.5312500136087605,0.2968750026498871,0.5312500136087605,0.2902128121617138,CNOT3
0.2968750026498871,0.29687500174623077,0.2968750026498871,0.29687500140935913,Hadamard3
0.0625,0.5865784390161954,0.0625,0.36872569842957426,CNOT4
0.2709661193351916,0.29687500269827233,0.2709661193351916,0.28731307132004436,Hadamard4
0.2968750026498871,0.29687500174623077,0.2968750026498871,0.2790342668416909,CNOT5
0.16942487605646478,0.2968750058335979,0.16942487605646478,0.18392516663031974,Hadamard5
0.0625,0.3939563080167241,0.0625,0.2923715536319835,CNOT6
0.10162964403072847,0.3916385067842187,0.10162964403072847,0.36695280157255794,Hadamard6
0.2968750026498871,0.2968750026498871,0.2968750026498871,0.4719344102956862,CNOT7
0.2968750009961093,0.2968750000708548,0.2968750009961093,0.2954830473673408,Hadamard7
0.0625,0.2968750041570536,0.0625,0.16558158794271985,CNOT8
0.2968750026498871,0.29687500174623077,0.2968750026498871,0.29687500140935913,Hadamard8
0.2968750026498871,0.2968750026498871,0.2968750026498871,0.1200796957430497,CNOT9
