0.17655997199399726,0.17655997067143592,0.17655997199399726,0.21152653319779183,"Hadamard,create"
0.29687500372950737,0.29687500135868183,0.29687500372950737,0.24931011442271425,"CNOT,create"
0.2968750029170796,0.4330794197960746,0.2968750029170796,0.1329701054503747,CNOT2
0.2968750031154286,0.29687500319646276,0.2968750031154286,0.36872569977873554,Hadamard2
0.2968750026498871,0.0625,0.2968750026498871,0.3134505806395105,"CNOT,Entanglement"
0.2968750034636639,0.29687500000000105,0.2968750034636639,0.3687256994829792,"Hadamard,Entanglement"
0.0625,0.5312500037836969,0.0625,0.2040401829286367,CNOT3
0.2957629774320721,0.2957629788733074,0.2957629774320721,0.3672727680730829,Hadamard3
0.0625,0.5865784387710953,0.0625,0.2790342678446381,CNOT4
0.2953949256869355,0.29539492548128776,0.2953949256869355,0.36679188336920554,Hadamard4
0.29687500174623077,0.2282281530753687,0.29687500174623077,0.3808208783637451,CNOT5
0.2968750036165528,0.2968750036165528,0.2968750036165528,0.36872569769350866,Hadamard5
0.2968750056324183,0.29687500233133574,0.2968750056324183,0.3638593663762943,CNOT6
0.183066590410382,0.18306658910059576,0.183066590410382,0.22002784047154517,Hadamard6
0.2968750026498871,0.2282281537143502,0.2968750026498871,0.3952600994391611,CNOT7
0.24860698905914153,0.24860698905914153,0.24860698905914153,0.3056604994873278,Hadamard7
0.2968750013805168,0.2968750013805168,0.2968750013805168,0.26972589239757555,CNOT8
0.2968750026498871,0.2968750023419485,0.2968750026498871,0.36872569489290197,Hadamard8
0.29687500187375343,0.3939563067864801,0.29687500187375343,0.15219143111975347,CNOT9
0.2501408770090251,0.2501408756667899,0.2501408770090251,0.3076646186005239,"Hadamard,create"
0.29687500338753314,0.4330794198100942,0.29687500338753314,0.2573756939639481,"CNOT,create"
0.29687500415003104,0.29687500415003104,0.29687500415003104,0.24664725694132136,CNOT2
0.2968750026498871,0.29687500351922946,0.2968750026498871,0.3687256978103541,Hadamard2
0.0625,0.2968750050218888,0.0625,0.5755137783934664,"CNOT,Entanglement"
0.2968750026498871,0.2968750026498871,0.2968750026498871,0.3687256979174608,"Hadamard,Entanglement"
0.5312500034924615,0.0625,0.5312500034924615,0.32668939720975787,CNOT3
0.1349834890308665,0.13498348859430903,0.1349834890308665,0.15720424324850168,Hadamard3
0.29687500174623077,0.29687500174623077,0.29687500174623077,0.3638593635261838,CNOT4
0.268157453912573,0.26815745300088656,0.268157453912573,0.3312044126447653,Hadamard4
0.2968750026498871,0.2968750026498871,0.2968750026498871,0.20050658470575766,CNOT5
0.2968750026498871,0.2968750026498871,0.2968750026498871,0.3687256979174608,Hadamard5
0.5312500081337099,0.2282281541160872,0.5312500081337099,0.27326273003365376,CNOT6
0.1351703435909659,0.13517034366722466,0.1351703435909659,0.15744837972178338,Hadamard6
0.2968750041999911,0.0625,0.2968750041999911,0.1521914312308507,CNOT7
0.13674878538167157,0.136748784931116,0.13674878538167157,0.15951071380307735,Hadamard7
0.0625,0.393956305331862,0.0625,0.36972391269708,CNOT8
0.0807097877447078,0.08070978785384716,0.0807097877447078,0.08629223453057815,Hadamard8
0.2968750034363822,0.22822815317146214,0.2968750034363822,0.2054782708051104,CNOT9
0.2968750026498871,0.2968750026498871,0.2968750026498871,0.3687256979174608,"Hadamard,create"
0.5312500094999719,0.22822815519934436,0.5312500094999719,0.29021281315215625,"CNOT,create"
0.0625,0.2282281528042911,0.0625,0.1082242953240673,CNOT2
0.06426294574017535,0.06426294574017535,0.06426294574017535,0.0648033996027763,Hadamard2
0.0625,0.2968750047809794,0.0625,0.5000059847567742,"CNOT,Entanglement"
0.29687500199313366,0.2968750041999911,0.29687500199313366,0.36872569930869886,"Hadamard,Entanglement"
0.29687500189184846,0.29687500189184846,0.29687500189184846,0.24664725738425747,CNOT3
0.2968750019931334,0.2968750019931334,0.2968750019931334,0.3687256966391316,Hadamard3
0.0625,0.0625,0.0625,0.48868649496496847,CNOT4
0.2968750026498871,0.2968750026498871,0.2968750026498871,0.3687256979174608,Hadamard4
0.29687500174623077,0.29687500174623077,0.29687500174623077,0.23843607005604117,CNOT5
0.2968750050281762,0.2968750032736881,0.2968750050281762,0.36872569489290197,Hadamard5
0.5312500091796317,0.2282281528042911,0.5312500091796317,0.10822429565686655,CNOT6
0.2968750026498871,0.2968750026498871,0.2968750026498871,0.3687256987352449,Hadamard6
0.2968750026498871,0.2282281537143502,0.2968750026498871,0.3250453019159405,CNOT7
0.09779173128624155,0.09779173164376645,0.09779173128624155,0.10861086960088076,Hadamard7
0.0625,0.5865784384883779,0.0625,0.16796596471814296,CNOT8
0.2968750026498871,0.2968750026498871,0.2968750026498871,0.3687256979174608,Hadamard8
0.296875000000001,0.29687500187375343,0.296875000000001,0.29687500354056395,CNOT9
0.29687500199313366,0.29687500199313366,0.29687500199313366,0.368725696639132,"Hadamard,create"
0.0625,0.22822815317833597,0.0625,0.33245287428649506,"CNOT,create"
0.0625,0.2282281538367108,0.0625,0.16008539314406184,CNOT2
0.06322708617439626,0.06322708616818647,0.06322708617439626,0.06344998386565363,Hadamard2
0.29687500325700744,0.5312500066145895,0.29687500325700744,0.15219143093222975,"CNOT,Entanglement"
0.2968750041999911,0.2968750026498871,0.2968750041999911,0.3687256988901477,"Hadamard,Entanglement"
0.2968750042145843,0.29687500206858114,0.2968750042145843,0.40553197006328773,CNOT3
0.16153398351989873,0.16153398338691388,0.16153398351989873,0.191894135241093,Hadamard3
0.2968750041737305,0.2968750041737305,0.2968750041737305,0.2626680463984784,CNOT4
0.2968750036725408,0.2968750036725408,0.2968750036725408,0.36872569713308506,Hadamard4
0.2968750026498871,0.2968750026498871,0.2968750026498871,0.2626680472380041,CNOT5
0.29687500199313366,0.29687500199313366,0.29687500199313366,0.3687256984279037,Hadamard5
0.0625,0.22822815299258187,0.0625,0.16008539122090926,CNOT6
0.2968750036165528,0.2968750036165528,0.2968750036165528,0.36872569769350866,Hadamard6
0.2968750026498871,0.2282281537143502,0.2968750026498871,0.17083016628306327,CNOT7
0.2968750058268611,0.29687500156376684,0.2968750058268611,0.36872569769350866,Hadamard7
0.2968750028555032,0.2968750028555032,0.2968750028555032,0.2871244787649672,CNOT8
0.102406768588712,0.10240676876626251,0.102406768588712,0.11464070640562496,Hadamard8
0.2968750041999911,0.22822815481043923,0.2968750041999911,0.3808208780233452,CNOT9
0.26108264658883845,0.2610826477669995,0.26108264658883845,0.321960732667932,"Hadamard,create"
0.2968750046522358,0.2282281549978441,0.2968750046522358,0.31831703770941805,"CNOT,create"
0.2968750013628692,0.2968750013628692,0.2968750013628692,0.2871244764450791,CNOT2
0.21364677164240345,0.21364677334615742,0.21364677164240345,0.2599827754173536,Hadamard2
0.2968750047882317,0.29687500442750936,0.2968750047882317,0.4872472439989035,"CNOT,Entanglement"
0.29549669492671116,0.29549669498546793,0.29549669492671116,0.3669248543837483,"Hadamard,Entanglement"
0.2968750042765582,0.2968750024097694,0.2968750042765582,0.1469874815919488,CNOT3
0.12380830850465577,0.12380830873964316,0.12380830850465577,0.14260316614272506,Hadamard3
0.2968750042539446,0.2968750024690895,0.2968750042539446,0.30309998738590255,CNOT4
0.2968750026498871,0.29687500351922946,0.2968750026498871,0.3687256978103541,Hadamard4
0.2968750026498871,0.3939563074287004,0.2968750026498871,0.1521914308190413,CNOT5
0.27536376142885827,0.27536376142885827,0.27536376142885827,0.34061990718726837,Hadamard5
0.29687500174623077,0.3939563061507374,0.29687500174623077,0.21613167225584276,CNOT6
0.2968750026498871,0.2968750026498871,0.2968750026498871,0.3687256979174608,Hadamard6
0.2968750026498871,0.2968750026498871,0.2968750026498871,0.33809584734159637,CNOT7
0.2968750025703599,0.2968750036077051,0.2968750025703599,0.3687256975427882,Hadamard7
0.29687500189184846,0.29687500189184846,0.29687500189184846,0.36385936494168764,CNOT8
0.2968750026498871,0.2968750026498871,0.2968750026498871,0.3687256979174608,Hadamard8
0.2968750041999911,0.39395630368119555,0.2968750041999911,0.27903426596745606,CNOT9
0.06289095348365036,0.06289095348288809,0.06289095348365036,0.06301080533858003,"Hadamard,create"
0.0625,0.0625,0.0625,0.08724580992543315,"CNOT,create"
0.2968750011786005,0.2968750011786005,0.2968750011786005,0.28408430792327466,CNOT2
0.29687500199313366,0.29687500199313366,0.29687500199313366,0.3687256984279037,Hadamard2
0.5312500082523658,0.0625,0.5312500082523658,0.42258332895090506,"CNOT,Entanglement"
0.2968750026498871,0.29687500351922946,0.2968750026498871,0.3687256978103541,"Hadamard,Entanglement"
0.531250003665057,0.0625,0.531250003665057,0.36385936613834446,CNOT3
0.29486005705615226,0.294860058506205,0.29486005705615226,0.3660930459601982,Hadamard3
0.5312500058477947,0.0625,0.5312500058477947,0.368725696667116,CNOT4
0.2968750041999911,0.2968750026498871,0.2968750041999911,0.3687256988901477,Hadamard4
0.2968750026498871,0.2282281537143502,0.2968750026498871,0.19733254937372838,CNOT5
0.07549956723580586,0.07549956723580586,0.07549956723580586,0.07948475325335978,Hadamard5
0.5312500052997742,0.2282281537143502,0.5312500052997742,0.3240321556456321,CNOT6
0.27956804692638665,0.2795680468252772,0.27956804692638665,0.3461130712976598,Hadamard6
0.2968750026498871,0.3939563074287004,0.2968750026498871,0.33517729721929557,CNOT7
0.12077043995174296,0.12077043945251154,0.12077043995174296,0.13863399813641386,Hadamard7
0.0625,0.29687500197548305,0.0625,0.1280989888559134,CNOT8
0.2968750050281762,0.2968750032736881,0.2968750050281762,0.36872569489290197,Hadamard8
0.29687500149407464,0.2282281532734463,0.29687500149407464,0.39526009866619527,CNOT9
0.21206938508407427,0.21206938508623138,0.21206938508407427,0.25792181971125594,"Hadamard,create"
0.29687500511761883,0.29687500511761883,0.29687500511761883,0.17745121159259086,"CNOT,create"
0.2968750040130443,0.2968750033341734,0.2968750040130443,0.3484809589804369,CNOT2
0.2544201544935093,0.2544201544935093,0.2544201544935093,0.3132557662645156,Hadamard2
0.0625,0.29687500189184846,0.0625,0.3997334703827698,"CNOT,Entanglement"
0.2968750041999911,0.2968750026498871,0.2968750041999911,0.3687256988901477,"Hadamard,Entanglement"
0.29687500082657226,0.3939563094752243,0.29687500082657226,0.4447624263292006,CNOT3
0.2968750036165528,0.2968750036165528,0.2968750036165528,0.36872569769350866,Hadamard3
0.2968750042752608,0.0625,0.2968750042752608,0.3669749327150698,CNOT4
0.2964796472616167,0.29647964870478094,0.2964796472616167,0.3682091472934386,Hadamard4
0.2968750026498871,0.3939563074287004,0.2968750026498871,0.21613167077242143,CNOT5
0.2968750036165528,0.2968750036165528,0.2968750036165528,0.36872569769350866,Hadamard5
0.0625,0.22822815299258187,0.0625,0.16008539267248795,CNOT6
0.2968750050281762,0.2968750032736881,0.2968750050281762,0.36872569489290197,Hadamard6
0.2968750026498871,0.2968750026498871,0.2968750026498871,0.4225833274690768,CNOT7
0.09879753878833888,0.09879753914913529,0.09879753878833888,0.10992502041338398,Hadamard7
0.2968750041737305,0.3939563095837404,0.2968750041737305,0.3351772987607437,CNOT8
0.14061086361126657,0.14061086363016562,0.14061086361126657,0.16455676117017187,Hadamard8
0.29687500425933067,0.2968750039394638,0.29687500425933067,0.3875874659295051,CNOT9
0.08035193986044437,0.08035193982732768,0.08035193986044437,0.08582468339090173,"Hadamard,create"
0.5312500067261612,0.3939563058467801,0.5312500067261612,0.08724581060492577,"CNOT,create"
0.29687500602325045,0.22822815494124987,0.29687500602325045,0.23442013397643205,CNOT2
0.11990152956136321,0.1199015292075844,0.11990152956136321,0.13749871288938215,Hadamard2
0.5312500107751376,0.29687500147205537,0.5312500107751376,0.1521914305939877,"CNOT,Entanglement"
0.29687500199313366,0.29687500199313366,0.29687500199313366,0.368725696639132,"Hadamard,Entanglement"
0.0625,0.2968750026498871,0.0625,0.44476242128353066,CNOT3
0.2968750026498871,0.29687500351922946,0.2968750026498871,0.3687257000015146,Hadamard3
0.531250009415488,0.2968750032330151,0.531250009415488,0.1521914314304489,CNOT4
0.2624625474115238,0.2624625474115238,0.2624625474115238,0.32376365904046445,Hadamard4
0.29687500174623077,0.433079415958826,0.29687500174623077,0.2573756923596426,CNOT5
0.29687500351922946,0.29687500199313366,0.29687500351922946,0.36872569658383625,Hadamard5
0.0625,0.4330794160477748,0.0625,0.14650444499107018,CNOT6
0.29687500351922946,0.29687500199313366,0.29687500351922946,0.36872569658383625,Hadamard6
0.29687500174623077,0.29687500174623077,0.29687500174623077,0.4872472404779179,CNOT7
0.08621067284101867,0.08621067292757346,0.08621067284101867,0.09347948727605253,Hadamard7
0.2968750013805168,0.0625,0.2968750013805168,0.451203733487403,CNOT8
0.27946180455678327,0.2794618027006118,0.27946180455678327,0.3459742545881289,Hadamard8
0.29687500187375343,0.22822815429514948,0.29687500187375343,0.38082087517160523,CNOT9
0.2929562823117159,0.2929562825820897,0.2929562823117159,0.3636056440027962,"Hadamard,create"
0.2968750026498871,0.2282281537143502,0.2968750026498871,0.2923715532338635,"CNOT,create"
0.29687500174623077,0.29687500174623077,0.29687500174623077,0.26266804386454623,CNOT2
0.2319908047801088,0.23199080578074635,0.2319908047801088,0.28395040916845116,Hadamard2
0.5312500037836969,0.0625,0.5312500037836969,0.3638593639905278,"CNOT,Entanglement"
0.2968750041999911,0.2968750026498871,0.2968750041999911,0.3687256988901477,"Hadamard,Entanglement"
0.0625,0.3939563101958178,0.0625,0.18320762933740437,CNOT3
0.2968750019931334,0.2968750019931334,0.2968750019931334,0.3687256966391316,Hadamard3
0.29687500657870863,0.0625,0.29687500657870863,0.34674866358955453,CNOT4
0.29687500199313366,0.29687500199313366,0.29687500199313366,0.368725696639132,Hadamard4
0.29687500174623077,0.2282281530753687,0.29687500174623077,0.3240321558897256,CNOT5
0.19164651747876502,0.19164651842208086,0.19164651747876502,0.2312380573058941,Hadamard5
0.0625,0.4330794179328145,0.0625,0.21055789980125428,CNOT6
0.2968750041999911,0.2968750026498871,0.2968750041999911,0.3687256988901477,Hadamard6
0.2968750026498871,0.2282281537143502,0.2968750026498871,0.4562449840082306,CNOT7
0.2774033239271211,0.27740332305211207,0.2774033239271211,0.3432847247118928,Hadamard7
0.0625,0.2968750013628692,0.0625,0.3351773011326061,CNOT8
0.2968750026498871,0.2968750026498871,0.2968750026498871,0.3687257006578357,Hadamard8
0.2968750036123356,0.2968750027807147,0.2968750036123356,0.32668939708148126,CNOT9
0.2967515966961968,0.29675159722746225,0.2967515966961968,0.36856446184276204,"Hadamard,create"
0.29687500264988714,0.2968750026498871,0.29687500264988714,0.1893428367086111,"CNOT,create"
0.5312500114717336,0.0625,0.5312500114717336,0.3638593668810761,CNOT2
0.2968750026498871,0.2968750026498871,0.2968750026498871,0.3687256979174608,Hadamard2
0.5312500081794462,0.29687500220000074,0.5312500081794462,0.2790342690909065,"CNOT,Entanglement"
0.29687500199313366,0.2968750041999911,0.29687500199313366,0.36872569930869886,"Hadamard,Entanglement"
0.0625,0.2968750032570959,0.0625,0.36630227635298523,CNOT3
0.28661951133240543,0.28661951242571954,0.28661951133240543,0.3553262538575976,Hadamard3
0.29687500855845156,0.0625,0.29687500855845156,0.5000059868334986,CNOT4
0.2968750026498871,0.2968750042898173,0.2968750026498871,0.36872569791746074,Hadamard4
0.2968750026498871,0.4330794161196987,0.2968750026498871,0.10822429444080806,CNOT5
0.2968750037697106,0.29687500270467887,0.2968750037697106,0.36872569995028204,Hadamard5
0.5312500091104728,0.22822815457819,0.5312500091104728,0.0872458109474051,CNOT6
0.2915184285612179,0.2915184285612179,0.2915184285612179,0.36172699598417546,Hadamard6
0.2968750026498871,0.2282281537143502,0.2968750026498871,0.34588446019433283,CNOT7
0.2968750026498871,0.2968750026498871,0.2968750026498871,0.3687256979174608,Hadamard7
0.0625,0.2968750026498871,0.0625,0.30026417587764154,CNOT8
0.2968750026498871,0.2968750026498871,0.2968750026498871,0.3687256979174608,Hadamard8
0.29687500149407464,0.2282281518405978,0.29687500149407464,0.3365201997535958,CNOT9
0.11188350002239046,0.11188350002239046,0.11188350002239046,0.1270226529613668,"Hadamard,create"
0.0625,0.22822815384387457,0.0625,0.09571001695058426,"CNOT,create"
0.2968750029696976,0.22822815394049037,0.2968750029696976,0.1950423010014108,CNOT2
0.2968750026498871,0.2968750026498871,0.2968750026498871,0.3687256987352449,Hadamard2
0.0625,0.29687500189184846,0.0625,0.3669749327133468,"CNOT,Entanglement"
0.2968750026498871,0.2968750026498871,0.2968750026498871,0.3687257006578357,"Hadamard,Entanglement"
0.29687500189184846,0.29687500189184846,0.29687500189184846,0.24664725870119367,CNOT3
0.22648120521968015,0.2264812047798469,0.22648120521968015,0.2767517699980084,Hadamard3
0.0625,0.29687500317405213,0.0625,0.2448387078869773,CNOT4
0.15498590752890212,0.15498590752890212,0.15498590752890212,0.18333866138785176,Hadamard4
0.2968750026498871,0.2968750026498871,0.2968750026498871,0.18934283597176443,CNOT5
0.2968750026498871,0.2968750042898173,0.2968750026498871,0.36872569791746074,Hadamard5
0.2968750013628692,0.3939563056085822,0.2968750013628692,0.3351772995551854,CNOT6
0.2968750026498871,0.2968750026498871,0.2968750026498871,0.3687256979174608,Hadamard6
0.29687500174623077,0.29687500174623077,0.29687500174623077,0.24664725587197747,CNOT7
0.2968750025703599,0.2968750036077051,0.2968750025703599,0.3687256975427882,Hadamard7
0.29687500189184846,0.29687500189184846,0.29687500189184846,0.3266893968860063,CNOT8
0.25481020677603705,0.2548102067760371,0.25481020677603705,0.31376539439239465,Hadamard8
0.29687500187375343,0.2968750032188404,0.29687500187375343,0.23843606833353667,CNOT9
0.2968750031154286,0.29687500319646276,0.2968750031154286,0.36872569977873554,"Hadamard,create"
0.5312500027257384,0.3939563056085822,0.5312500027257384,0.08724580987855336,"CNOT,create"
0.5312500100439254,0.2282281528042911,0.5312500100439254,0.23442013433806513,CNOT2
0.19551730419938626,0.19551730509522358,0.19551730419938626,0.23629548365288192,Hadamard2
0.0625,0.2968750026498871,0.0625,0.2178501139492753,"CNOT,Entanglement"
0.2968750019931334,0.2968750019931334,0.2968750019931334,0.3687256966391316,"Hadamard,Entanglement"
0.0625,0.3939563076191358,0.0625,0.3638593648893636,CNOT3
0.2968750026498871,0.2968750026498871,0.2968750026498871,0.3687256987352449,Hadamard3
0.2968750022869754,0.29687500243584264,0.2968750022869754,0.21165139931923996,CNOT4
0.18414656162301457,0.1841465614466468,0.18414656162301457,0.22143889192344146,Hadamard4
0.29687500174623077,0.3939563061507374,0.29687500174623077,0.27903426642252127,CNOT5
0.2968750037697106,0.29687500270467887,0.2968750037697106,0.36872569995028204,Hadamard5
0.2968750013628692,0.0625,0.2968750013628692,0.23262988406331253,CNOT6
0.23464761238500265,0.23464761218187097,0.23464761238500265,0.28742169457784006,Hadamard6
0.2968750026498871,0.2968750026498871,0.2968750026498871,0.3638593626329883,CNOT7
0.2968750035044809,0.2968750035044809,0.2968750035044809,0.3687256966391317,Hadamard7
0.2968750029696976,0.0625,0.2968750029696976,0.366302272834164,CNOT8
0.2968750026498871,0.2968750026498871,0.2968750026498871,0.3687256979174608,Hadamard8
0.29687500425933067,0.0625,0.29687500425933067,0.25094196257846313,CNOT9
0.2124820265592517,0.2124820260991803,0.2124820265592517,0.258460960216961,"Hadamard,create"
0.29687500437799275,0.22822815317833597,0.29687500437799275,0.29237155311970286,"CNOT,create"
0.0625,0.22822815536108418,0.0625,0.2428142925194035,CNOT2
0.2959042017623249,0.29590420357740166,0.2959042017623249,0.3674572884339154,Hadamard2
0.29687500562424973,0.2968750025069272,0.29687500562424973,0.36872570103265484,"CNOT,Entanglement"
0.22825951106857156,0.2282595100720052,0.22825951106857156,0.2790752397720564,"Hadamard,Entanglement"
0.5312500000000018,0.2968750013628692,0.5312500000000018,0.30000789175466713,CNOT3
0.2968750026498871,0.2968750042898173,0.2968750026498871,0.36872569791746074,Hadamard3
0.2968750013628692,0.0625,0.2968750013628692,0.18670264480623122,CNOT4
0.2968750031154286,0.29687500319646276,0.2968750031154286,0.36872569977873554,Hadamard4
0.29687500187375343,0.22822815445994252,0.29687500187375343,0.15488562156112648,CNOT5
0.2968750036165528,0.2968750036165528,0.2968750036165528,0.36872569769350866,Hadamard5
0.5312500059393952,0.22822815394049037,0.5312500059393952,0.3484809588087826,CNOT6
0.2968750026498871,0.2968750026498871,0.2968750026498871,0.3687256979174608,Hadamard6
0.2968750026498871,0.2968750026498871,0.2968750026498871,0.09749585990526659,CNOT7
0.2958090579430598,0.29580905969915816,0.2958090579430598,0.36733297341547727,Hadamard7
0.29687500263338246,0.29687500263338246,0.29687500263338246,0.2386672157671963,CNOT8
0.2968750036165528,0.2968750036165528,0.2968750036165528,0.36872569769350866,Hadamard8
0.29687500146839935,0.2968750027807147,0.29687500146839935,0.3266893976833647,CNOT9
0.0697091232186253,0.06970912331314276,0.0697091232186253,0.07191917354542741,"Hadamard,create"
0.2968750029696976,0.22822815394049037,0.2968750029696976,0.22945802835331594,"CNOT,create"
0.5312500024695437,0.0625,0.5312500024695437,0.48724724303091405,CNOT2
0.2968750030245599,0.2968750030245599,0.2968750030245599,0.3687256993326213,Hadamard2
0.5312500090030046,0.3939563087435628,0.5312500090030046,0.0625,"CNOT,Entanglement"
0.06655368948750404,0.06655368948750404,0.06655368948750404,0.06779640055228972,"Hadamard,Entanglement"
0.2968750023108271,0.2968750015686161,0.2968750023108271,0.1774512108368853,CNOT3
0.2968750026498871,0.2968750026498871,0.2968750026498871,0.3687257006578357,Hadamard3
0.0625,0.2968750026498871,0.0625,0.47914178622609777,CNOT4
0.07277415770165548,0.07277415774548206,0.07277415770165548,0.07592383394828245,Hadamard4
0.29687500174623077,0.2282281530753687,0.29687500174623077,0.29237155311906693,CNOT5
0.22603394186951595,0.2260339414767877,0.22603394186951595,0.2761673908789564,Hadamard5
0.2968750029964494,0.4330794169869038,0.2968750029964494,0.38082087981062196,CNOT6
0.06296571770415997,0.06296571770451126,0.06296571770415997,0.06310848950355948,Hadamard6
0.2968750026498871,0.0625,0.2968750026498871,0.30026417349586076,CNOT7
0.2968750026498871,0.2968750026498871,0.2968750026498871,0.3687256979174608,Hadamard7
0.2968750026498871,0.3939563074287004,0.2968750026498871,0.13853672313616944,CNOT8
0.1121185306462388,0.11211853044338446,0.1121185306462388,0.12732973459153646,Hadamard8
0.29687500264988714,0.2968750014093586,0.29687500264988714,0.20050658489170028,CNOT9
0.09928160309388151,0.09928160280884446,0.09928160309388151,0.11055748040170726,"Hadamard,create"
0.0625,0.0625,0.0625,0.20050658412998687,"CNOT,create"
0.5312500095686912,0.2282281573114757,0.5312500095686912,0.3663022762447044,CNOT2
0.20054126018981844,0.20054126163300418,0.20054126018981844,0.2428596002543872,Hadamard2
0.0625,0.29687500339959916,0.0625,0.24483870750400127,"CNOT,Entanglement"
0.1054718713009799,0.10547187085476342,0.1054718713009799,0.1186454542274652,"Hadamard,Entanglement"
0.0625,0.2968750026498871,0.0625,0.2509419626743083,CNOT3
0.29687500270467887,0.29687500000000094,0.29687500270467887,0.36872570012479405,Hadamard3
0.2968750026498871,0.2968750026498871,0.2968750026498871,0.1893428365891511,CNOT4
0.06292394248029451,0.0629239424792033,0.06292394248029451,0.06305390754517709,Hadamard4
0.2968750021386871,0.22822815184059778,0.2968750021386871,0.4076800832960044,CNOT5
0.2968750026498871,0.29687500351922946,0.2968750026498871,0.3687256978103541,Hadamard5
0.2968750026498871,0.2968750026498871,0.2968750026498871,0.38758746698768315,CNOT6
0.2968750026498871,0.2968750026498871,0.2968750026498871,0.3687257006578357,Hadamard6
0.2968750026498871,0.2282281537143502,0.2968750026498871,0.19271177487625,CNOT7
0.2675934001525587,0.267593399879603,0.2675934001525587,0.33046743896126096,Hadamard7
0.0625,0.3939563074287004,0.0625,0.1621597777618438,CNOT8
0.1866278400719605,0.1866278393722061,0.1866278400719605,0.2246808384351018,Hadamard8
0.2968750041999911,0.2282281541703531,0.2968750041999911,0.1837111254760709,CNOT9
0.29687500351922946,0.29687500199313366,0.29687500351922946,0.36872569658383625,"Hadamard,create"
0.0625,0.22822815581886594,0.0625,0.3171173655264804,"CNOT,create"
0.0625,0.0625,0.0625,0.3875874681647519,CNOT2
0.29687500199313366,0.29687500199313366,0.29687500199313366,0.36872569780987424,Hadamard2
0.5312500042923647,0.2968750024474264,0.5312500042923647,0.15219143056532852,"CNOT,Entanglement"
0.2968750036165528,0.2968750036165528,0.2968750036165528,0.36872569769350866,"Hadamard,Entanglement"
0.0625,0.3939563074287004,0.0625,0.2626680449884101,CNOT3
0.29687500351922946,0.29687500199313366,0.29687500351922946,0.36872569658383625,Hadamard3
0.2968750016426011,0.2968750020933213,0.2968750016426011,0.26266804742208294,CNOT4
0.2968750035044809,0.2968750035044809,0.2968750035044809,0.3687256966391317,Hadamard4
0.2968750021386871,0.22822815316554085,0.2968750021386871,0.4562449861613387,CNOT5
0.22312584866769164,0.22312584867746102,0.22312584866769164,0.2723677832570521,Hadamard5
0.5312500081337099,0.29687500337172246,0.5312500081337099,0.3179195830473959,CNOT6
0.2968750037697106,0.29687500270467887,0.2968750037697106,0.36872569995028204,Hadamard6
0.29687500174623077,0.2282281530753687,0.29687500174623077,0.48970127995562074,CNOT7
0.2968750026498871,0.2968750042898173,0.2968750026498871,0.36872569791746074,Hadamard7
0.29687500189184846,0.0625,0.29687500189184846,0.5000059839437976,CNOT8
0.08550779706767594,0.08550779692101725,0.08550779706767594,0.09256113541761109,Hadamard8
0.2968750041999911,0.0625,0.2968750041999911,0.08034073472201354,CNOT9
0.2968750026498871,0.2968750026498871,0.2968750026498871,0.3687256979174608,"Hadamard,create"
0.2968750015122804,0.2282281529099408,0.2968750015122804,0.22945802887527184,"CNOT,create"
0.2968750041247129,0.2282281528042911,0.2968750041247129,0.15488562145300516,CNOT2
0.2892174546023272,0.28921745552051187,0.2892174546023272,0.35872063065669657,Hadamard2
0.29687500583862514,0.29687500583862514,0.29687500583862514,0.20050658584098321,"CNOT,Entanglement"
0.2968750026498871,0.29687500351922946,0.2968750026498871,0.3687257000015146,"Hadamard,Entanglement"
0.2968750009744881,0.0625,0.2968750009744881,0.15219143031333532,CNOT3
0.2968750026498871,0.2968750026498871,0.2968750026498871,0.3687256979174608,Hadamard3
0.29687500189184846,0.0625,0.29687500189184846,0.3523234366370661,CNOT4
0.2968750026498871,0.29687500351922946,0.2968750026498871,0.3687256978103541,Hadamard4
0.2968750026498871,0.2282281537143502,0.2968750026498871,0.3074062382735522,CNOT5
0.15491244613502309,0.15491244597478415,0.15491244613502309,0.18324267975884162,Hadamard5
0.5312500082500204,0.0625,0.5312500082500204,0.4225833282795156,CNOT6
0.09092459646476495,0.09092459653080914,0.09092459646476495,0.09963852493393976,Hadamard6
0.2968750026498871,0.2282281537143502,0.2968750026498871,0.20547827028211585,CNOT7
0.20346584532588888,0.20346584322946062,0.20346584532588888,0.24668074990207972,Hadamard7
0.0625,0.0625,0.0625,0.48724724499944594,CNOT8
0.2968750026498871,0.2968750026498871,0.2968750026498871,0.3687257006578357,Hadamard8
0.29687500264988714,0.29687500264988714,0.29687500264988714,0.32668939671028585,CNOT9
0.29687500199313366,0.2968750033108569,0.29687500199313366,0.36872569788473575,"Hadamard,create"
0.2968750013628692,0.2968750013628692,0.2968750013628692,0.30293079488894037,"CNOT,create"
0.2968750026498871,0.2968750026498871,0.2968750026498871,0.2968750019931334,CNOT2
0.2968750041999911,0.2968750026498871,0.2968750041999911,0.3687256988901477,Hadamard2
0.0625,0.3939563074287004,0.0625,0.20050658533216395,"CNOT,Entanglement"
0.29687500199313366,0.29687500199313366,0.29687500199313366,0.3687256984279037,"Hadamard,Entanglement"
0.0625,0.0625,0.0625,0.2005065858457737,CNOT3
0.2968750026498871,0.29687500351922946,0.2968750026498871,0.3687257000015146,Hadamard3
0.2968750046498526,0.2968750025193251,0.2968750046498526,0.20050658319347797,CNOT4
0.15119627871462687,0.15119627948783992,0.15119627871462687,0.1783872725487108,Hadamard4
0.2968750026498871,0.22822815502400778,0.2968750026498871,0.24281429332352142,CNOT5
0.29687500351922946,0.29687500199313366,0.29687500351922946,0.36872569658383625,Hadamard5
0.5312500052673592,0.0625,0.5312500052673592,0.3628416608501962,CNOT6
0.2968750031154286,0.29687500319646276,0.2968750031154286,0.36872569977873554,Hadamard6
0.2968750026498871,0.2968750026498871,0.2968750026498871,0.22822815283716405,CNOT7
0.2968750026498871,0.2968750042898173,0.2968750026498871,0.36872569791746074,Hadamard7
0.2968750013805168,0.2968750013805168,0.2968750013805168,0.2386672168946949,CNOT8
0.25702254822319204,0.2570225501277766,0.25702254822319204,0.3166559557284958,Hadamard8
0.2968750036123356,0.0625,0.2968750036123356,0.4791417898633754,CNOT9
0.29687500199313366,0.29687500199313366,0.29687500199313366,0.36872569780987424,"Hadamard,create"
0.2968750049787206,0.22822815536108418,0.2968750049787206,0.4562449877822658,"CNOT,create"
0.5312500039857462,0.43307941647206244,0.5312500039857462,0.2573756933366675,CNOT2
0.29687500199313366,0.2968750041999911,0.29687500199313366,0.36872569930869886,Hadamard2
0.5312500052997742,0.2968750026498871,0.5312500052997742,0.27903426757101973,"CNOT,Entanglement"
0.27613033693228395,0.276130335139061,0.27613033693228395,0.34162148914728035,"Hadamard,Entanglement"
0.296875004285124,0.29687500257657645,0.296875004285124,0.42258332977974933,CNOT3
0.2968750036165528,0.2968750036165528,0.2968750036165528,0.36872569769350866,Hadamard3
0.29687500189184846,0.29687500189184846,0.29687500189184846,0.48724724359919475,CNOT4
0.2968750058268611,0.29687500156376684,0.2968750058268611,0.36872569769350866,Hadamard4
0.29687500174623077,0.2282281530753687,0.29687500174623077,0.29237155009450755,CNOT5
0.22094077282081717,0.2209407721816527,0.22094077282081717,0.2695128460568691,Hadamard5
0.2968750026498871,0.3939563074287004,0.2968750026498871,0.2790342665307166,CNOT6
0.09619351893968509,0.09619351893968509,0.09619351893968509,0.10652270363560706,Hadamard6
0.2968750026498871,0.2968750026498871,0.2968750026498871,0.2968750026498871,CNOT7
0.1303177693730242,0.1303177693730242,0.1303177693730242,0.1511081859828111,Hadamard7
0.29687500212881607,0.29687500212881607,0.29687500212881607,0.20050658472187557,CNOT8
0.2941838149885132,0.29418381605646216,0.2941838149885132,0.3652094928841013,Hadamard8
0.29687500149407464,0.29687500149407464,0.29687500149407464,0.16215977734792394,CNOT9
0.2775292867070607,0.27752928617366857,0.2775292867070607,0.3434493006446574,"Hadamard,create"
0.2968750026498871,0.4330794161196987,0.2968750026498871,0.1927117739813557,"CNOT,create"
0.2968750030329848,0.2968750030935886,0.2968750030329848,0.23866721546431047,CNOT2
0.281027950861926,0.28102795308253903,0.281027950861926,0.3480205269329313,Hadamard2
0.2968750042854683,0.2968750024841367,0.2968750042854683,0.2626680476241169,"CNOT,Entanglement"
0.29495152533347446,0.29495152533347446,0.29495152533347446,0.366212552422374,"Hadamard,Entanglement"
0.5312500039858772,0.0625,0.5312500039858772,0.21165139794552768,CNOT3
0.29687500156376684,0.2968750045847325,0.29687500156376684,0.36872569777923075,Hadamard3
0.29687500210788687,0.29687500268889777,0.29687500210788687,0.26266804599645105,CNOT4
0.12032180383804386,0.12032180352791175,0.12032180383804386,0.1380478270281315,Hadamard4
0.2968750026498871,0.3939563074287004,0.2968750026498871,0.4447624205230315,CNOT5
0.2968750026498871,0.2968750026498871,0.2968750026498871,0.3687256979174608,Hadamard5
0.0625,0.29687500223702123,0.0625,0.20576260289480303,CNOT6
0.09498795668765148,0.09498795651990469,0.09498795668765148,0.10494756083443746,Hadamard6
0.29687500174623077,0.3939563061507374,0.29687500174623077,0.3351772998238995,CNOT7
0.06334427631846513,0.06334427631503603,0.06334427631846513,0.06360310017101721,Hadamard7
0.0625,0.0625,0.0625,0.3875874671060877,CNOT8
0.2714623005990833,0.27146229812954137,0.2714623005990833,0.33552240134486255,Hadamard8
0.2968750041999911,0.22822815429514948,0.2968750041999911,0.23442013161612493,CNOT9
