0.3115234449620522,0.09724182193787262,0.3115234449620522,0.2553759811707889,"Hadamard,create"
0.3115234469008049,0.0972418222326694,0.3115234469008049,0.2553759813747922,"CNOT,create"
0.3115234469008049,0.0972418222326694,0.3115234469008049,0.2553759813747922,CNOT2
0.3115234446841925,0.0972418220043017,0.3115234446841925,0.25537598018253904,Hadamard2
0.06982421962532381,0.36096753854786745,0.06982421962532381,0.3027531787702988,"CNOT,Entanglement"
0.3408203196594954,0.30613351573124975,0.3408203196594954,0.23366380323021727,"Hadamard,Entanglement"
0.06982421973523621,0.3655934924596628,0.06982421973523621,0.3127974743435263,CNOT3
0.4726562640561433,0.22462849818128441,0.4726562640561433,0.24634741903628413,Hadamard3
0.3005371182890022,0.15775885252779986,0.3005371182890022,0.2383915802628525,CNOT4
0.5751953254581328,0.2200132842500994,0.5751953254581328,0.21829787128463224,Hadamard4
0.12475586270332387,0.20703158887235767,0.12475586270332387,0.2528167112219488,CNOT5
0.15039062837892547,0.18893562331717234,0.15039062837892547,0.26433133908399686,Hadamard5
0.1741943416588161,0.3055729521080211,0.1741943416588161,0.4024480749182677,CNOT6
0.12109375181420595,0.41467233290605054,0.12109375181420595,0.28776730189962263,Hadamard6
0.2950439514615237,0.284659275537093,0.2950439514615237,0.3530358370179797,CNOT7
0.414062510985075,0.19351961250940863,0.414062510985075,0.4732863198544778,Hadamard7
0.28222656867500334,0.13217638535017556,0.28222656867500334,0.1482931832627541,CNOT8
0.1210937525540093,0.19514724805418532,0.1210937525540093,0.22625615029054771,Hadamard8
0.2822265691894918,0.4127248215456693,0.2822265691894918,0.24685343101339746,CNOT9
0.12109375205210812,0.35910826117960964,0.12109375205210812,0.1178872676874074,"Hadamard,create"
0.12109375149400942,0.3591082626411594,0.12109375149400942,0.11788726798611851,"CNOT,create"
0.12109375149400942,0.3591082626411594,0.12109375149400942,0.11788726798611851,CNOT2
0.12109375219267116,0.3591082620844821,0.12109375219267116,0.11788726891023919,Hadamard2
0.09179687669472644,0.20185277099511595,0.09179687669472644,0.29231687962478786,"CNOT,Entanglement"
0.2163085980774054,0.35844059736438155,0.2163085980774054,0.30474651299398925,"Hadamard,Entanglement"
0.35546876020454254,0.2118853423505628,0.35546876020454254,0.11751272108793837,CNOT3
0.2895507889759463,0.37851479727618254,0.2895507889759463,0.1386097787094291,Hadamard3
0.15039062822408444,0.3087070838057997,0.15039062822408444,0.3067596636274324,CNOT4
0.26757813290106575,0.29061150497033017,0.26757813290106575,0.42950471220108016,Hadamard4
0.12109375230572207,0.16813138841585634,0.12109375230572207,0.21376548963829123,CNOT5
0.10644531464681597,0.0811731682857422,0.10644531464681597,0.38096468910351317,Hadamard5
0.263916024630151,0.5474997138174764,0.263916024630151,0.3122023418242776,CNOT6
0.09179687672179135,0.5394185864644908,0.09179687672179135,0.20374538123274635,Hadamard6
0.14306640916828667,0.1086047811449084,0.14306640916828667,0.2407073760971963,CNOT7
0.17968750390603566,0.21188534165468256,0.17968750390603566,0.2559574790755039,Hadamard7
0.0625,0.23214699962972354,0.0625,0.3778417559809286,CNOT8
0.23828125400574357,0.3452186487089668,0.23828125400574357,0.46036799260619704,Hadamard8
0.0625,0.3504824802561658,0.0625,0.19941852223348,CNOT9
0.2382812542657422,0.35910826044551475,0.2382812542657422,0.09360528166370471,"Hadamard,create"
0.23828125461722172,0.35910825911518357,0.23828125461722172,0.09360528256349397,"CNOT,create"
0.23828125461722172,0.35910825911518357,0.23828125461722172,0.09360528256349397,CNOT2
0.23828125417080598,0.3591082599343174,0.23828125417080598,0.0936052820608199,Hadamard2
0.08447265788998368,0.3225097758468489,0.08447265788998368,0.37729304523495905,"CNOT,Entanglement"
0.10644531478884006,0.42168554920940365,0.10644531478884006,0.2991934967019777,"Hadamard,Entanglement"
0.4982910326720547,0.12347714769319325,0.4982910326720547,0.260162567089959,CNOT3
0.29687500926705324,0.13719267188377582,0.29687500926705324,0.5467993720953479,Hadamard3
0.6118164214090758,0.17743424349393633,0.6118164214090758,0.14936740396801704,CNOT4
0.6484375154994189,0.39973236744173274,0.6484375154994189,0.12546840860839714,Hadamard4
0.07714843862021398,0.3245903978931384,0.07714843862021398,0.28953945104818424,CNOT5
0.1796875051428492,0.2295178892075355,0.1796875051428492,0.4176343287131136,Hadamard5
0.4506836036511573,0.2218122858749478,0.4506836036511573,0.1461699814811077,CNOT6
0.12109375242896797,0.2665291317638697,0.12109375242896797,0.24742903274374942,Hadamard6
0.6374511888850976,0.2648501907433707,0.6374511888850976,0.25922995569352775,CNOT7
0.17968750457271013,0.21188534320975938,0.17968750457271013,0.1591326511492527,Hadamard7
0.2126464888166739,0.22968342034168365,0.2126464888166739,0.30113058396390224,CNOT8
0.17968750395357902,0.0625,0.17968750395357902,0.19441573046730973,Hadamard8
0.2126464888880642,0.25195002353774865,0.2126464888880642,0.2533648089354293,CNOT9
0.1796875045210827,0.4330794227580812,0.1796875045210827,0.26374222781865714,"Hadamard,create"
0.17968750402613837,0.43307942401346594,0.17968750402613837,0.2637422275654199,"CNOT,create"
0.17968750402613837,0.43307942401346594,0.17968750402613837,0.2637422275654199,CNOT2
0.1796875030682701,0.43307942418337764,0.1796875030682701,0.2637422281184296,Hadamard2
0.15039062838636508,0.3438873050092671,0.15039062838636508,0.2607864406785118,"CNOT,Entanglement"
0.09179687654080194,0.18059948428219502,0.09179687654080194,0.15990450732027667,"Hadamard,Entanglement"
0.15405273758744845,0.3514645734553616,0.15405273758744845,0.1101136229936281,CNOT3
0.2236328173877317,0.17236328540076373,0.2236328173877317,0.16025306372594372,Hadamard3
0.2932128996847022,0.20981743020493257,0.2932128996847022,0.1595611569224853,CNOT4
0.13574218968793325,0.1723632837099609,0.13574218968793325,0.41763826707076823,Hadamard4
0.07348632921622734,0.394769598072236,0.07348632921622734,0.3010867885413208,CNOT5
0.32617188370103434,0.4201139428155392,0.32617188370103434,0.42927397358980207,Hadamard5
0.12109375279926059,0.16510444029837248,0.12109375279926059,0.3091933884378043,CNOT6
0.0625,0.2617402956496345,0.0625,0.48293496448809903,Hadamard6
0.15771484751817733,0.17555187704964992,0.15771484751817733,0.141969506764049,CNOT7
0.2089843787900013,0.13574219044370195,0.2089843787900013,0.43525501680230444,Hadamard7
0.08447265810120536,0.41708695397514034,0.08447265810120536,0.23264148295627074,CNOT8
0.12109375272363895,0.12800980584419902,0.12109375272363895,0.25728414515539333,Hadamard8
0.08447265749248498,0.2678721957478615,0.08447265749248498,0.1056129345243184,CNOT9
0.12109375220065563,0.1479143377651881,0.12109375220065563,0.25566147046171567,"Hadamard,create"
0.12109375249256468,0.1479143377897787,0.12109375249256468,0.2556614722001418,"CNOT,create"
0.12109375249256468,0.1479143377897787,0.12109375249256468,0.2556614722001418,CNOT2
0.12109375167269149,0.1479143372922986,0.12109375167269149,0.2556614727583541,Hadamard2
0.2529296937782576,0.34436350528232385,0.2529296937782576,0.2788108044505142,"CNOT,Entanglement"
0.3847656362003715,0.13574219055463208,0.3847656362003715,0.19647536706080454,"Hadamard,Entanglement"
0.45068360694916476,0.22300737997169054,0.45068360694916476,0.23964174341364455,CNOT3
0.20898438139126715,0.09525490427419317,0.20898438139126715,0.444561716160979,Hadamard3
0.2529296938149571,0.48055831192998016,0.2529296938149571,0.3529665100859328,CNOT4
0.2968750075664569,0.5342160951064266,0.2968750075664569,0.1810154623669224,Hadamard4
0.11743164359520863,0.21813965419221282,0.11743164359520863,0.11664747778890555,CNOT5
0.3408203198962594,0.2558649301570466,0.3408203198962594,0.18728116708971818,Hadamard5
0.2016601601431585,0.27307925571137037,0.2016601601431585,0.2251402220375184,CNOT6
0.15039062777399514,0.2952673192670691,0.15039062777399514,0.08436369881460132,Hadamard6
0.2474365308680307,0.37695666561493385,0.2474365308680307,0.35786167783696743,CNOT7
0.28955078876734064,0.36740222922561505,0.28955078876734064,0.1470675158101932,Hadamard7
0.09912109592913437,0.3589838971220168,0.09912109592913437,0.42568134594626134,CNOT8
0.10644531529075918,0.2911400168662675,0.10644531529075918,0.3964132683448154,Hadamard8
0.09912109578613121,0.22627963273799828,0.09912109578613121,0.2887828338315762,CNOT9
0.10644531529925963,0.2450369667961614,0.10644531529925963,0.4950548022758348,"Hadamard,create"
0.10644531542302058,0.24503696530979902,0.10644531542302058,0.4950548041022075,"CNOT,create"
0.10644531542302058,0.24503696530979902,0.10644531542302058,0.4950548041022075,CNOT2
0.10644531530397713,0.2450369650514616,0.10644531530397713,0.4950548043263233,Hadamard2
0.0625,0.3145212564906052,0.0625,0.2382079237954398,"CNOT,Entanglement"
0.2968750073752343,0.26991898413021465,0.2968750073752343,0.1356657496232313,"Hadamard,Entanglement"
0.42504883650308184,0.3620334985053343,0.42504883650308184,0.3520790728986448,CNOT3
0.12109375347695592,0.4068162006873569,0.12109375347695592,0.37737453993259773,Hadamard3
0.5532226735432584,0.2006991536351869,0.5532226735432584,0.16748323152113198,CNOT4
0.13574219048347919,0.2549089196719674,0.13574219048347919,0.2506883281778218,Hadamard4
0.5385742350558488,0.24739573263836562,0.5385742350558488,0.36929254173767123,CNOT5
0.2382812560960909,0.2328766676336183,0.2382812560960909,0.2684324288175648,Hadamard5
0.2639160221734989,0.3657068520124976,0.2639160221734989,0.32559212609115085,CNOT6
0.37011719411164123,0.354781304889617,0.37011719411164123,0.09373043984535334,Hadamard6
0.1027832055695622,0.25531036949903285,0.1027832055695622,0.11605159599288734,CNOT7
0.07714843867127305,0.18682308830917937,0.07714843867127305,0.10822246735053584,Hadamard7
0.30419922911055647,0.2876871648092165,0.30419922911055647,0.23853405695405638,CNOT8
0.0625,0.1717819126972159,0.0625,0.2736524929815837,Hadamard8
0.30419922745462097,0.24718368069550153,0.30419922745462097,0.24161619768760634,CNOT9
0.0625,0.3815977376095789,0.0625,0.3672872732594225,"Hadamard,create"
0.0625,0.3815977350120748,0.0625,0.36728726948090057,"CNOT,create"
0.0625,0.3815977350120748,0.0625,0.36728726948090057,CNOT2
0.0625,0.38159773481388054,0.0625,0.3672872712650569,Hadamard2
0.2968750084915338,0.2288793117244044,0.2968750084915338,0.4077702129125796,"CNOT,Entanglement"
0.26757812991114116,0.5341307932517089,0.26757812991114116,0.26338683144210606,"Hadamard,Entanglement"
0.20898438085432064,0.23164352834977245,0.20898438085432064,0.32122384136277055,CNOT3
0.3261718850429318,0.19251778142014636,0.3261718850429318,0.21134443107788037,Hadamard3
0.5166015759778451,0.28925896076688995,0.5166015759778451,0.386856391007062,CNOT4
0.17968750432575942,0.10882242807583983,0.17968750432575942,0.22549929652675466,Hadamard4
0.0625,0.3442237067928653,0.0625,0.2895034831962805,CNOT5
0.17968750330393402,0.1885106276115116,0.17968750330393402,0.2386524110402564,Hadamard5
0.1503906286255282,0.35201517421931094,0.1503906286255282,0.19129922373566308,CNOT6
0.4140625111354096,0.3847656365006285,0.4140625111354096,0.1888652187537776,Hadamard6
0.15039062831756944,0.3999410874142917,0.15039062831756944,0.25057041799951196,CNOT7
0.414062510681793,0.2603895005296483,0.414062510681793,0.26089241597493434,Hadamard7
0.30053711930526333,0.25180396535374816,0.30053711930526333,0.3765981011390282,CNOT8
0.3261718809350251,0.12882362280099663,0.3261718809350251,0.38482107909541463,Hadamard8
0.3005371185955428,0.23310282102259638,0.3005371185955428,0.3106246823040527,CNOT9
0.3261718827233903,0.10644531374382069,0.3261718827233903,0.22824623586600834,"Hadamard,create"
0.3261718807041275,0.10644531388277015,0.3261718807041275,0.2282462364202206,"CNOT,create"
0.3261718807041275,0.10644531388277015,0.3261718807041275,0.2282462364202206,CNOT2
0.3261718812100769,0.10644531350837909,0.3261718812100769,0.22824623676549222,Hadamard2
0.2529296936855763,0.4408864737386435,0.2529296936855763,0.22887459574734387,"CNOT,Entanglement"
0.4140625062740142,0.4533690728759722,0.4140625062740142,0.2583839196670694,"Hadamard,Entanglement"
0.09179687688133556,0.2722337126234371,0.09179687688133556,0.38198798407889556,CNOT3
0.2382812547804246,0.2407059383078892,0.2382812547804246,0.4122531336191535,Hadamard3
0.23095703839270174,0.4624083927191579,0.23095703839270174,0.14999148555007502,CNOT4
0.20898438004849068,0.48222312128008865,0.20898438004849068,0.1341097244978059,Hadamard4
0.3261718833479432,0.3298089067337584,0.3261718833479432,0.28187255941654604,CNOT5
0.17968750149273124,0.14536407897910644,0.17968750149273124,0.29881890812220874,Hadamard5
0.10644531534275911,0.35257051366127623,0.10644531534275911,0.19032657663992786,CNOT6
0.32617188321710916,0.3183239716102432,0.32617188321710916,0.402335790738633,Hadamard6
0.08447265727632222,0.24564209107899457,0.08447265727632222,0.33301634017142384,CNOT7
0.29687500845713677,0.18722695416968096,0.29687500845713677,0.32148860354705266,Hadamard7
0.23828125322210222,0.22967840592874886,0.23828125322210222,0.2045898163581302,CNOT8
0.4140625082896716,0.1922854903305981,0.4140625082896716,0.3713574662492857,Hadamard8
0.23828125347449255,0.30519592804983453,0.23828125347449255,0.4435064902285261,CNOT9
0.4140625104892839,0.33497669455886764,0.4140625104892839,0.3311206867631676,"Hadamard,create"
0.4140625112415357,0.33497669397979457,0.4140625112415357,0.3311206865231101,"CNOT,create"
0.4140625112415357,0.33497669397979457,0.4140625112415357,0.3311206865231101,CNOT2
0.41406250989586924,0.33497669464463203,0.41406250989586924,0.33112068631857156,Hadamard2
0.5898437705638465,0.3747901318385813,0.5898437705638465,0.3250350769859571,"CNOT,Entanglement"
0.0625,0.21188534316391808,0.0625,0.10619307912286528,"Hadamard,Entanglement"
0.0625,0.16608009905022608,0.0625,0.2665794755501076,CNOT3
0.0625,0.17968750281143714,0.0625,0.34337538684241053,Hadamard3
0.47265626176042314,0.3489883964428723,0.47265626176042314,0.3687442924737667,CNOT4
0.4140625094841231,0.2534922633187564,0.4140625094841231,0.19848255717666713,Hadamard4
0.17968750487160803,0.3279966234746846,0.17968750487160803,0.334886699429414,CNOT5
0.1796875041297752,0.3404345688961254,0.1796875041297752,0.1961244264396438,Hadamard5
0.45800782625979963,0.1749273570711648,0.45800782625979963,0.3815563167808305,CNOT6
0.355468759682153,0.43380250692840244,0.355468759682153,0.15680080766144422,Hadamard6
0.39941407194172285,0.22313266167705578,0.39941407194172285,0.19958113740590827,CNOT7
0.23828125650992055,0.22026850444364973,0.23828125650992055,0.33148234307848307,Hadamard7
0.45800782376034177,0.3699427626020047,0.45800782376034177,0.37184921947782373,CNOT8
0.09179687682008716,0.1951472470335054,0.09179687682008716,0.35126228494542827,Hadamard8
0.45800782236124615,0.3124372935487113,0.45800782236124615,0.200233611417439,CNOT9
0.0917968764812623,0.2192451321110842,0.0917968764812623,0.21625863450253136,"Hadamard,create"
0.09179687648992638,0.21924513128731246,0.09179687648992638,0.2162586330116398,"CNOT,create"
0.09179687648992638,0.21924513128731246,0.09179687648992638,0.2162586330116398,CNOT2
0.09179687646987363,0.21924513161473375,0.09179687646987363,0.21625863398120185,Hadamard2
0.5166015786456944,0.20385932536025464,0.5166015786456944,0.16719184698718562,"CNOT,Entanglement"
0.09179687658419258,0.2192451314667201,0.09179687658419258,0.216258634243408,"Hadamard,Entanglement"
0.14306640968404022,0.13542105132358123,0.14306640968404022,0.34885578088637026,CNOT3
0.1650390673526835,0.32377040620872555,0.1650390673526835,0.3111789352046458,Hadamard3
0.40673829210569545,0.13812943256918114,0.40673829210569545,0.27549154540918863,CNOT4
0.19433594145227848,0.10674943764288167,0.19433594145227848,0.13591072675555937,Hadamard4
0.43237305823210126,0.20043203202548926,0.43237305823210126,0.18036639722694653,CNOT5
0.6484375155525868,0.16813138966969943,0.6484375155525868,0.22985245427244733,Hadamard5
0.18701172425817175,0.2503951271344315,0.18701172425817175,0.07144022549933612,CNOT6
0.44335938857341783,0.18722695440915577,0.44335938857341783,0.24838446376335827,Hadamard6
0.11010742458106594,0.2760358429825641,0.11010742458106594,0.3525486565515067,CNOT7
0.2822265697618852,0.37803700714292193,0.2822265697618852,0.27175908516871067,Hadamard7
0.29687500633755515,0.2386052103202694,0.29687500633755515,0.21750326959165353,CNOT8
0.2968750057890202,0.3279966235158759,0.2968750057890202,0.18634533643461898,Hadamard8
0.29687500694329805,0.1625231994514733,0.29687500694329805,0.08054545005581534,CNOT9
0.2968750073523394,0.3569299602499237,0.2968750073523394,0.18684010278150232,"Hadamard,create"
0.296875009326966,0.3569299589927269,0.296875009326966,0.18684010204702584,"CNOT,create"
0.296875009326966,0.3569299589927269,0.296875009326966,0.18684010204702584,CNOT2
0.29687500691108315,0.3569299582571785,0.29687500691108315,0.1868401014163739,Hadamard2
0.5312500170977049,0.31537124468872674,0.5312500170977049,0.3174247791921253,"CNOT,Entanglement"
0.2089843796717783,0.3359593068731408,0.2089843796717783,0.2766901711464037,"Hadamard,Entanglement"
0.26025391305208756,0.44666383540276056,0.26025391305208756,0.141842574594166,CNOT3
0.3847656341661759,0.3222775641966875,0.3847656341661759,0.3669724194278791,Hadamard3
0.29687500729434657,0.1829884113713726,0.29687500729434657,0.2028960233869138,CNOT4
0.3847656367939449,0.25264778411572725,0.3847656367939449,0.21338931286082888,Hadamard4
0.5275879024302722,0.24102549150825106,0.5275879024302722,0.29692110020397755,CNOT5
0.28222656998566514,0.3554687577213775,0.28222656998566514,0.14635450759291752,Hadamard5
0.07714843978013652,0.19932770390515592,0.07714843978013652,0.3498502615134821,CNOT6
0.15039062797117211,0.28026468518204395,0.15039062797117211,0.17832267263560975,Hadamard6
0.24560547462651836,0.41680790561316894,0.24560547462651836,0.15025099273672338,CNOT7
0.2529296931303568,0.269724924443433,0.2529296931303568,0.39710955517689184,Hadamard7
0.16137695659827372,0.41635576777895034,0.16137695659827372,0.32556847644234316,CNOT8
0.09912109598489038,0.3350751159137525,0.09912109598489038,0.3664307678139903,Hadamard8
0.16137695698317606,0.19608545179760012,0.16137695698317606,0.3442269341950942,CNOT9
0.09912109605848615,0.16090109425333146,0.09912109605848615,0.11985858785378593,"Hadamard,create"
0.09912109576942682,0.16090109358431795,0.09912109576942682,0.11985858845645048,"CNOT,create"
0.09912109576942682,0.16090109358431795,0.09912109576942682,0.11985858845645048,CNOT2
0.09912109580388556,0.1609010942504202,0.09912109580388556,0.11985858698203808,Hadamard2
0.1943359444674202,0.11454835558693179,0.1943359444674202,0.3306652902759611,"CNOT,Entanglement"
0.15771484746813463,0.48527939686131,0.15771484746813463,0.1985240032560516,"Hadamard,Entanglement"
0.3151855539348957,0.3135081553566545,0.3151855539348957,0.33334146281845206,CNOT3
0.3920898527319781,0.2686868463773423,0.3920898527319781,0.16351569197721844,Hadamard3
0.31152344679158345,0.35897258676867977,0.31152344679158345,0.35654492837919405,CNOT4
0.11376953436997682,0.5465915407776184,0.11376953436997682,0.3219108155018897,Hadamard4
0.23095703925231553,0.2671731034064728,0.23095703925231553,0.39998549191779126,CNOT5
0.2675781322103232,0.35275539080111784,0.2675781322103232,0.33698869338857296,Hadamard5
0.22912598261367934,0.1429935494457122,0.22912598261367934,0.15751337085096173,CNOT6
0.34814454124917743,0.19197512288536783,0.34814454124917743,0.30534101132392605,Hadamard6
0.23095703895025685,0.32120736716458304,0.23095703895025685,0.22969180163945113,CNOT7
0.20898437873067227,0.27204179582729354,0.20898437873067227,0.2159734713129312,Hadamard7
0.17968750431506958,0.227335613610667,0.17968750431506958,0.20503562371807701,CNOT8
0.41406250876302514,0.38696372973539067,0.41406250876302514,0.19720903380076676,Hadamard8
0.17968750522356652,0.17620245679096044,0.17968750522356652,0.25156877906960806,CNOT9
0.4140625125440347,0.2969894221207793,0.4140625125440347,0.30900285378103565,"Hadamard,create"
0.41406251242023956,0.2969894210436884,0.41406251242023956,0.3090028538796227,"CNOT,create"
0.41406251242023956,0.2969894210436884,0.41406251242023956,0.3090028538796227,CNOT2
0.41406250903759545,0.2969894204068665,0.41406250903759545,0.3090028539075772,Hadamard2
0.6484375174627495,0.16659670980182611,0.6484375174627495,0.27342959163820874,"CNOT,Entanglement"
0.0625,0.2941121389979622,0.0625,0.1621241200255686,"Hadamard,Entanglement"
0.38476563306731054,0.11224271800851929,0.38476563306731054,0.19826657116996285,CNOT3
0.0625,0.32330802007525694,0.0625,0.21392775448990994,Hadamard3
0.09179687717217383,0.28195937857400866,0.09179687717217383,0.2094746040025003,CNOT4
0.2968750073859108,0.3442683275076821,0.2968750073859108,0.31063431996734847,Hadamard4
0.29687500541465683,0.254978605975107,0.29687500541465683,0.09845982299521622,CNOT5
0.17968750454058946,0.15629576804242984,0.17968750454058946,0.4713185623017179,Hadamard5
0.3408203241118938,0.3600393535577258,0.3408203241118938,0.27255482348039145,CNOT6
0.12109375375108933,0.3112001077270994,0.12109375375108933,0.4588780367969581,Hadamard6
0.16503906716081923,0.2632908283903417,0.16503906716081923,0.2960406044542051,CNOT7
0.09179687669937672,0.4006854526220659,0.09179687669937672,0.3021180204055324,Hadamard7
0.4982910335306466,0.2206081587259079,0.4982910335306466,0.14751863971260265,CNOT8
0.5312500177731554,0.30095929251411446,0.5312500177731554,0.32720904522851924,Hadamard8
0.498291031919102,0.3225935799742148,0.498291031919102,0.3685099529569887,CNOT9
0.5312500155097042,0.20898438038965894,0.5312500155097042,0.14269921025173882,"Hadamard,create"
0.5312500156409315,0.20898437959606564,0.5312500156409315,0.14269921031517538,"CNOT,create"
0.5312500156409315,0.20898437959606564,0.5312500156409315,0.14269921031517538,CNOT2
0.531250012753235,0.2089843792442337,0.531250012753235,0.14269921011130482,Hadamard2
0.3334961007607954,0.24283797883146746,0.3334961007607954,0.17575924990014102,"CNOT,Entanglement"
0.16503906593955608,0.41988886726804053,0.16503906593955608,0.13151910285652882,"Hadamard,Entanglement"
0.3078613364269301,0.28143933290666784,0.3078613364269301,0.22022186086908868,CNOT3
0.5458984498372476,0.17138234411647757,0.5458984498372476,0.27743849423897393,Hadamard3
0.17968750417467236,0.21894538681642461,0.17968750417467236,0.3205536220270612,CNOT4
0.13574219104566987,0.2645475777038082,0.13574219104566987,0.11849717374021392,Hadamard4
0.12841797005707373,0.14314959509098263,0.12841797005707373,0.1438579454374701,CNOT5
0.3041992245876496,0.21282502266522862,0.3041992245876496,0.26785898657038065,Hadamard5
0.17968750568550523,0.33912868094465115,0.17968750568550523,0.3779101426342093,CNOT6
0.20898437987434357,0.42161086850123447,0.20898437987434357,0.39281214639978085,Hadamard6
0.19250488802669355,0.3388998193118125,0.19250488802669355,0.3454119608150649,CNOT7
0.2895507887524099,0.26311542477820915,0.2895507887524099,0.33676785204830784,Hadamard7
0.07531738386991252,0.3815780372581831,0.07531738386991252,0.26963217626035973,CNOT8
0.09912109513620541,0.3439111311933905,0.09912109513620541,0.35669691458829206,Hadamard8
0.07531738427373699,0.19754106411529562,0.07531738427373699,0.38180542658705696,CNOT9
0.09912109596124075,0.4219188321579764,0.09912109596124075,0.46128801731092367,"Hadamard,create"
0.09912109524736523,0.4219188322213999,0.09912109524736523,0.46128801645155637,"CNOT,create"
0.09912109524736523,0.4219188322213999,0.09912109524736523,0.46128801645155637,CNOT2
0.09912109532889953,0.42191883000721075,0.09912109532889953,0.46128801425651034,Hadamard2
0.20532227102553116,0.45636195902784066,0.20532227102553116,0.22385108257640743,"CNOT,Entanglement"
0.5092773591131081,0.33002204807436164,0.5092773591131081,0.2662329806531414,"Hadamard,Entanglement"
0.3078613371651292,0.12615384863285506,0.3078613371651292,0.16480761994984122,CNOT3
0.22363282019894423,0.31711539077850553,0.22363282019894423,0.30606693791473916,Hadamard3
0.1906738331919755,0.06783839661648601,0.1906738331919755,0.2243974865736035,CNOT4
0.07714843879459886,0.16926792143075625,0.07714843879459886,0.5210697316327584,Hadamard4
0.13024902669348443,0.3431722338935468,0.13024902669348443,0.3229936762173864,CNOT5
0.3261718827198072,0.23111618338393436,0.3261718827198072,0.1580053035192843,Hadamard5
0.10644531441058716,0.22429728730981574,0.10644531441058716,0.09184759608713956,CNOT6
0.2675781323802223,0.49815252670069554,0.2675781323802223,0.2414160449583827,Hadamard6
0.16503906747845215,0.1838479658285236,0.16503906747845215,0.1465208146992028,CNOT7
0.2968750071703947,0.26966019589759727,0.2968750071703947,0.21288547316273368,Hadamard7
0.4140625128687061,0.3529401503323872,0.4140625128687061,0.22537889554298757,CNOT8
0.3261718854277826,0.23949775113948868,0.3261718854277826,0.3307504686385882,Hadamard8
0.41406251147734674,0.30519592733667555,0.41406251147734674,0.3132093400210495,CNOT9
0.3261718829928271,0.17830606983500644,0.3261718829928271,0.32387154949373387,"Hadamard,create"
0.3261718854318759,0.17830606986242667,0.3261718854318759,0.32387154718009775,"CNOT,create"
0.3261718854318759,0.17830606986242667,0.3261718854318759,0.32387154718009775,CNOT2
0.3261718858068709,0.17830606987153452,0.3261718858068709,0.32387154937962315,Hadamard2
0.1503906287240574,0.2636161703187283,0.1503906287240574,0.21809801463797307,"CNOT,Entanglement"
0.20898438128743524,0.46219035437735934,0.20898438128743524,0.4121637890850692,"Hadamard,Entanglement"
0.4433593874532586,0.3265784746534749,0.4433593874532586,0.4139383072720494,CNOT3
0.38476563500809846,0.10520716933764038,0.38476563500809846,0.5513983180955433,Hadamard3
0.07714843851628875,0.42447502592646147,0.07714843851628875,0.2425886104802146,CNOT4
0.1503906279171094,0.2625463973598564,0.1503906279171094,0.2619724199948723,Hadamard4
0.29687500685351526,0.15799613205925267,0.29687500685351526,0.3694747029193432,CNOT5
0.12109375184677826,0.23949775058819997,0.12109375184677826,0.3531882326541239,Hadamard5
0.08081054831911016,0.22662727293551133,0.08081054831911016,0.4207304475313161,CNOT6
0.29687500863353167,0.1867961185571715,0.29687500863353167,0.30772361587047803,Hadamard6
0.09545898628706503,0.4733362132464778,0.09545898628706503,0.15361227054436843,CNOT7
0.15039062839188566,0.3016332270533435,0.15039062839188566,0.1601882440224509,Hadamard7
0.23095703609034812,0.22438015456166163,0.23095703609034812,0.5556407401046543,CNOT8
0.13574219017716324,0.3889416795130401,0.13574219017716324,0.13781511500192278,Hadamard8
0.23095703596703238,0.2283090582483233,0.23095703596703238,0.19129557895309768,CNOT9
0.13574219030270168,0.2667918872046301,0.13574219030270168,0.14760463905770066,"Hadamard,create"
0.1357421908181716,0.2667918861224962,0.1357421908181716,0.14760463805863305,"CNOT,create"
0.1357421908181716,0.2667918861224962,0.1357421908181716,0.14760463805863305,CNOT2
0.13574219121648912,0.26679188689632355,0.13574219121648912,0.1476046381139544,Hadamard2
0.11376953373053506,0.34336255215802786,0.11376953373053506,0.2966866410479657,"CNOT,Entanglement"
0.0917968766180382,0.22627451534801524,0.0917968766180382,0.3034770719117056,"Hadamard,Entanglement"
0.11376953357628693,0.3007905133168296,0.11376953357628693,0.30336017561630774,CNOT3
0.09179687685092085,0.1660800978192956,0.09179687685092085,0.29938792088594496,Hadamard3
0.18701172308668113,0.24959043077344736,0.18701172308668113,0.14864933803217598,CNOT4
0.1796875044721102,0.16813138858782212,0.1796875044721102,0.23822993495361494,Hadamard4
0.3920898568967554,0.20834210163259065,0.3920898568967554,0.29169054710104936,CNOT5
0.20898438083610849,0.23949774917596886,0.20898438083610849,0.37705309422917316,Hadamard5
0.07714843899087248,0.38023944367986534,0.07714843899087248,0.20201356242763974,CNOT6
0.19433594156142922,0.3998914004845674,0.19433594156142922,0.21273609688032902,Hadamard6
0.09179687672226594,0.09179687627673588,0.09179687672226594,0.2089934174410412,CNOT7
0.12109375338411535,0.17405918049161367,0.12109375338411535,0.29382307758846504,Hadamard7
0.3261718853240473,0.3525242742929511,0.3261718853240473,0.22479584364687305,CNOT8
0.15039062797241642,0.48196743059775254,0.15039062797241642,0.2780400747498012,Hadamard8
0.32617188226422894,0.15514485646798415,0.32617188226422894,0.35423791320734627,CNOT9
0.15039062746357112,0.37752657099185893,0.15039062746357112,0.274769101573467,"Hadamard,create"
0.15039062749131724,0.3775265683666033,0.15039062749131724,0.2747691027362949,"CNOT,create"
0.15039062749131724,0.3775265683666033,0.15039062749131724,0.2747691027362949,CNOT2
0.15039062729294378,0.3775265701613333,0.15039062729294378,0.2747691023556695,Hadamard2
0.3994140746021509,0.3091968317108803,0.3994140746021509,0.17771010918896987,"CNOT,Entanglement"
0.26757813435328287,0.16659670999849172,0.26757813435328287,0.2000403248978801,"Hadamard,Entanglement"
0.20898437914581838,0.31157729383187227,0.20898437914581838,0.26864810335900524,CNOT3
0.4140625065145664,0.32207098085042385,0.4140625065145664,0.3814770478177145,Hadamard3
0.3408203224391687,0.2673818518427604,0.3408203224391687,0.41810315090714373,CNOT4
0.44335938589250024,0.1182795903848598,0.44335938589250024,0.4668726852676591,Hadamard4
0.48730470129278874,0.12040303653635465,0.48730470129278874,0.35237044450595806,CNOT5
0.38476563364825,0.4256217435442078,0.38476563364825,0.22253927436225282,Hadamard5
0.5458984563895465,0.2909052727315578,0.5458984563895465,0.3104757213650875,CNOT6
0.121093752183943,0.30870708160755567,0.121093752183943,0.2520782179148238,Hadamard6
0.458007822819577,0.26600260358915906,0.458007822819577,0.32602705672630483,CNOT7
0.4140625092438787,0.43668085938084344,0.4140625092438787,0.28575211017296687,Hadamard7
0.12109375179201282,0.4737012453445045,0.12109375179201282,0.16826568121734212,CNOT8
0.23828125673376863,0.23111618479549217,0.23828125673376863,0.15489482357088424,Hadamard8
0.12109375179582284,0.2534922619951588,0.12109375179582284,0.32773881275011774,CNOT9
0.2382812563917087,0.4160405880331918,0.2382812563917087,0.2364315095152478,"Hadamard,create"
0.2382812544785779,0.41604058748716677,0.2382812544785779,0.23643150776162447,"CNOT,create"
0.2382812544785779,0.41604058748716677,0.2382812544785779,0.23643150776162447,CNOT2
0.23828125553587415,0.41604059106274965,0.23828125553587415,0.23643150926978676,Hadamard2
0.17968750433243746,0.309577072594732,0.17968750433243746,0.26894959773381033,"CNOT,Entanglement"
0.2382812566071889,0.1665967106275219,0.2382812566071889,0.2549789269803459,"Hadamard,Entanglement"
0.32617188280376597,0.17752172454185583,0.32617188280376597,0.16838068145183333,CNOT3
0.4140625060043496,0.24070593804985133,0.4140625060043496,0.1614653628711616,Hadamard3
0.1723632854888595,0.2454818374878888,0.1723632854888595,0.22423718497621695,CNOT4
0.3261718844121296,0.16252319941036125,0.3261718844121296,0.34385960733986937,Hadamard4
0.13574219084768124,0.3464611136750325,0.13574219084768124,0.22226436956880466,CNOT5
0.165039067448398,0.1945392363101538,0.165039067448398,0.23011649568109274,Hadamard5
0.2968750066529082,0.33978239319563974,0.2968750066529082,0.5091630607876594,CNOT6
0.23828125661284702,0.2039541647926558,0.23828125661284702,0.5419539290270778,Hadamard6
0.3151855542747631,0.33326093623649466,0.3151855542747631,0.2051937349420268,CNOT7
0.2602539139370891,0.20499324099190186,0.2602539139370891,0.2021025650765766,Hadamard7
0.10461425944046898,0.22638962696481607,0.10461425944046898,0.35678455886598676,CNOT8
0.15771484720957418,0.29610125403784804,0.15771484720957418,0.07168417083925896,Hadamard8
0.10461426012499606,0.34260499575612563,0.10461426012499606,0.10085702426473209,CNOT9
0.15771484803601626,0.13975228435090747,0.15771484803601626,0.24873562590453444,"Hadamard,create"
0.15771484777481898,0.13975228612250712,0.15771484777481898,0.24873562617266717,"CNOT,create"
0.15771484777481898,0.13975228612250712,0.15771484777481898,0.24873562617266717,CNOT2
0.15771484843052377,0.13975228566654474,0.15771484843052377,0.24873562661399345,Hadamard2
0.15405273891052704,0.2320382669619812,0.15405273891052704,0.24693949795433742,"CNOT,Entanglement"
0.1357421905785952,0.39565134203281804,0.1357421905785952,0.32330063403362513,"Hadamard,Entanglement"
0.3334961022975751,0.10211177143816975,0.3334961022975751,0.1666047924546894,CNOT3
0.3847656383937997,0.41068939581837016,0.3847656383937997,0.13147261963770573,Hadamard3
0.16503906847722138,0.2965314318866445,0.16503906847722138,0.45620015273982234,CNOT4
0.26757813176601797,0.14536407950386762,0.26757813176601797,0.1817813643447192,Hadamard4
0.7088623200968707,0.13802407310149728,0.7088623200968707,0.21567221387483085,CNOT5
0.3408203193548322,0.20395416274459338,0.3408203193548322,0.45321079223841615,Hadamard5
0.10095215102980278,0.24564209274711343,0.10095215102980278,0.447819293648014,CNOT6
0.19433594159570983,0.37150914031315696,0.19433594159570983,0.361041080600955,Hadamard6
0.3957519654312591,0.1794763135083765,0.3957519654312591,0.25792953595789736,CNOT7
0.3261718842878863,0.31249094639821834,0.3261718842878863,0.22943210427114763,Hadamard7
0.17968750379304216,0.2047106098843172,0.17968750379304216,0.27507478655405426,CNOT8
0.2675781324987142,0.2997187779944494,0.2675781324987142,0.3052378410110178,Hadamard8
0.1796875048850204,0.21907391966617698,0.1796875048850204,0.12556583211528588,CNOT9
