0.5625000038255783,0.43435921795216215,0.5625000038255783,0.4343592215898303,Hadamard
0.562500001972077,0.125,0.562500001972077,0.3437500044703858,CNOT
0.5625000000000002,0.43435921676911465,0.5625000000000002,0.3300516959145552,CNOT2
0.562500001972077,0.43435921991530446,0.562500001972077,0.43435922099725477,Hadamard2
0.562500001972077,0.43435921816358347,0.562500001972077,0.3437500046583262,CNOT3
0.43435922189595016,0.125,0.43435922189595016,0.43435922310607267,Control Z
0.562500001972077,0.43435921991530446,0.562500001972077,0.5220698028834048,Hadamard
0.7812500064441202,0.3437500009860385,0.7812500064441202,0.125,CNOT
0.34375000115245297,0.3437500036568773,0.34375000115245297,0.34375000443841686,CNOT2
0.5625000050902873,0.41695954050267814,0.5625000050902873,0.4508310660441641,Hadamard2
0.125,0.4343592222035574,0.125,0.7087519315344292,CNOT3
0.5291973062029024,0.2924240048292107,0.5291973062029024,0.43435922592000475,Control Z
0.562500001972077,0.43435921991530446,0.562500001972077,0.30315750994534263,Hadamard
0.5625000000000002,0.125,0.5625000000000002,0.24338664958202308,CNOT
0.7812500097578126,0.3437500030236506,0.7812500097578126,0.3300516934140659,CNOT2
0.562500001972077,0.43435921991530446,0.562500001972077,0.43435922522962767,Hadamard2
0.562500001972077,0.434359220135236,0.562500001972077,0.343750004535737,CNOT3
0.43435922189595016,0.125,0.43435922189595016,0.43435922310607267,Control Z
0.5625000038255783,0.43435921795216215,0.5625000038255783,0.4826922074140165,Hadamard
0.562500001972077,0.5625000046778867,0.562500001972077,0.125,CNOT
0.34375000371353254,0.3437500011007779,0.34375000371353254,0.4562378733116307,CNOT2
0.562500001972077,0.43435921991530446,0.562500001972077,0.43435922453792897,Hadamard2
0.125,0.43435922007688,0.125,0.43435922036575414,CNOT3
0.43435922189595016,0.125,0.43435922189595016,0.43435922310607267,Control Z
0.5625000021449569,0.43435922113813213,0.5625000021449569,0.4226698506888301,Hadamard
0.5625000000000002,0.5625000046098119,0.5625000000000002,0.33005169259396683,CNOT
0.562500004215652,0.4343592218269573,0.562500004215652,0.43435922321132214,CNOT2
0.562500001972077,0.43435921991530446,0.562500001972077,0.4343592244273729,Hadamard2
0.125,0.3437500009860385,0.125,0.5577831326047464,CNOT3
0.125,0.43435921789190535,0.125,0.4343592225485965,Control Z
0.5625000038255783,0.43435921795216215,0.5625000038255783,0.4343592210823887,Hadamard
0.3437500019904195,0.3437500023389434,0.3437500019904195,0.29242400801424495,CNOT
0.5625000016298147,0.43435921839892916,0.5625000016298147,0.6531092274992024,CNOT2
0.5625000049690966,0.541419787248638,0.5625000049690966,0.25916711839134277,Hadamard2
0.562500001972077,0.43435921958399276,0.562500001972077,0.41081065475662,CNOT3
0.125,0.43435922113813213,0.125,0.4343592255157597,Control Z
0.562500001972077,0.43435921991530446,0.562500001972077,0.4343592258183725,Hadamard
0.3437500000000001,0.6141398783943006,0.3437500000000001,0.4343592268018707,CNOT
0.7812500105458657,0.34375000094770736,0.7812500105458657,0.6141398802270698,CNOT2
0.562500001972077,0.43435921991530446,0.562500001972077,0.43435922512267894,Hadamard2
0.562500001972077,0.34375000225194174,0.562500001972077,0.27967961161877475,CNOT3
0.5291973062029024,0.2924240048292107,0.5291973062029024,0.43435922592000475,Control Z
0.5625000021449569,0.43435922113813213,0.5625000021449569,0.43435922394422577,Hadamard
0.5625000016298147,0.5625000073137546,0.5625000016298147,0.5038861257632635,CNOT
0.34375000371353254,0.3437500027986494,0.34375000371353254,0.6141398785389324,CNOT2
0.562500001972077,0.43435921991530446,0.562500001972077,0.434359224418694,Hadamard2
0.562500001972077,0.562500001972077,0.562500001972077,0.4108106547266958,CNOT3
0.43435922189595016,0.125,0.43435922189595016,0.43435922310607267,Control Z
0.562500001972077,0.43435921991530446,0.562500001972077,0.4810124908869481,Hadamard
0.562500001972077,0.562500001972077,0.562500001972077,0.21560922268843352,CNOT
0.5625000000000002,0.4343592200287438,0.5625000000000002,0.6531092329207915,CNOT2
0.5625000074829427,0.29336314231962834,0.5625000074829427,0.52880701984877,Hadamard2
0.562500001972077,0.125,0.562500001972077,0.45623787124519954,CNOT3
0.125,0.43435921789190535,0.125,0.4343592225485965,Control Z
0.5855592808962401,0.4506645915483794,0.5855592808962401,0.43435922283727246,Hadamard
0.34375000364607644,0.6141398782214739,0.34375000364607644,0.24338665290615447,CNOT
0.7812500105458657,0.3437500030040153,0.7812500105458657,0.2924240090585025,CNOT2
0.5625000062072667,0.49211585693631105,0.5625000062072667,0.3629752197840729,Hadamard2
0.562500001972077,0.125,0.562500001972077,0.6608258896885448,CNOT3
0.5291973062029024,0.2924240048292107,0.5291973062029024,0.43435922592000475,Control Z
0.562500001972077,0.43435921991530446,0.562500001972077,0.3139378451278252,Hadamard
0.781250005587516,0.3437500000000001,0.781250005587516,0.456237873567316,CNOT
0.7812500097578126,0.34375000094894026,0.7812500097578126,0.34375000281199275,CNOT2
0.5625000068977618,0.42091433192215527,0.5625000068977618,0.44724364381339876,Hadamard2
0.562500001972077,0.43435921958399276,0.562500001972077,0.4343592246931408,CNOT3
0.125,0.43435922113813213,0.125,0.4343592255157597,Control Z
0.562500001972077,0.43435921991530446,0.562500001972077,0.43435922392831683,Hadamard
0.5625000000000002,0.125,0.5625000000000002,0.6200385745659904,CNOT
0.5625000016298147,0.125,0.5625000016298147,0.343750002839185,CNOT2
0.5625000021449569,0.43435922113813213,0.5625000021449569,0.4343592231846747,Hadamard2
0.125,0.43435921958399276,0.125,0.4343592250508612,CNOT3
0.125,0.43435921789190535,0.125,0.4343592225485965,Control Z
0.562500001972077,0.43435921795216215,0.562500001972077,0.3117130105510057,Hadamard
0.562500005817153,0.125,0.562500005817153,0.503886122497053,CNOT
0.3437500019904195,0.34375000362522024,0.3437500019904195,0.24338665026236642,CNOT2
0.562500001972077,0.43435921991530446,0.562500001972077,0.4343592222760329,Hadamard2
0.562500001972077,0.125,0.562500001972077,0.41081065610229583,CNOT3
0.43435922189595016,0.125,0.43435922189595016,0.43435922310607267,Control Z
0.562500001972077,0.43435921991530446,0.562500001972077,0.43435922441328123,Hadamard
0.5625000016298147,0.125,0.5625000016298147,0.5461779448416454,CNOT
0.34375000371353254,0.3437500027986494,0.34375000371353254,0.43435923005533633,CNOT2
0.5625000087102144,0.4762775606780561,0.5625000087102144,0.385787906053941,Hadamard2
0.562500001972077,0.43435921958399276,0.562500001972077,0.29242400699988247,CNOT3
0.125,0.43435921789190535,0.125,0.4343592225485965,Control Z
0.562500001972077,0.43435921991530446,0.562500001972077,0.29322587477212314,Hadamard
0.562500001972077,0.125,0.562500001972077,0.7437184501544056,CNOT
0.3437500019904195,0.3437500023389434,0.3437500019904195,0.33005169065776685,CNOT2
0.5625000021449569,0.43435922113813213,0.5625000021449569,0.4343592235704456,Hadamard2
0.125,0.3437500009860385,0.125,0.39291294469877375,CNOT3
0.5291973062029024,0.2924240048292107,0.5291973062029024,0.43435922592000475,Control Z
0.288412560931684,0.24055013186910928,0.288412560931684,0.4343592251219853,Hadamard
0.3437500014784455,0.343750004754907,0.3437500014784455,0.43435922614865846,CNOT
0.5625000000000002,0.5625000000000002,0.5625000000000002,0.24338665512429639,CNOT2
0.5625000033722138,0.540509183304286,0.5625000033722138,0.261961231927554,Hadamard2
0.562500001972077,0.562500001972077,0.562500001972077,0.434359223337353,CNOT3
0.125,0.43435922113813213,0.125,0.4343592255157597,Control Z
0.562500001972077,0.43435921991530446,0.562500001972077,0.43435922476018335,Hadamard
0.5625000016298147,0.43435922037867863,0.5625000016298147,0.24338665688532257,CNOT
0.3437500019904195,0.6141398723829851,0.3437500019904195,0.4108106560199847,CNOT2
0.562500001972077,0.43435921991530446,0.562500001972077,0.43435922371787594,Hadamard2
0.562500001972077,0.125,0.562500001972077,0.2433866505347392,CNOT3
0.43435922189595016,0.125,0.43435922189595016,0.43435922310607267,Control Z
0.562500001972077,0.43435921991530446,0.562500001972077,0.4343592223721307,Hadamard
0.7812500044746018,0.3437500039022253,0.7812500044746018,0.33005169506216747,CNOT
0.7812500052616023,0.34375000115245297,0.7812500052616023,0.24338665673885346,CNOT2
0.562500001972077,0.43435921991530446,0.562500001972077,0.43435922208333866,Hadamard2
0.562500001972077,0.3437500023389434,0.562500001972077,0.4708741288821589,CNOT3
0.125,0.43435921789190535,0.125,0.4343592225485965,Control Z
0.739244202257501,0.5593362443414702,0.739244202257501,0.43435922301679486,Hadamard
0.34375000371353254,0.3437500011007779,0.34375000371353254,0.36177330085562653,CNOT
0.5625000016298147,0.43435922194072,0.5625000016298147,0.6531092289821383,CNOT2
0.5625000038255783,0.43435921795216215,0.5625000038255783,0.43435922447722597,Hadamard2
0.125,0.125,0.125,0.24338665065741943,CNOT3
0.125,0.43435921789190535,0.125,0.4343592225485965,Control Z
0.2954479285625582,0.2455248877325826,0.2954479285625582,0.43435922350967765,Hadamard
0.5625000016298147,0.43435922194072,0.5625000016298147,0.41081065869838934,CNOT
0.5625000016298147,0.5625000016298147,0.5625000016298147,0.2433866586475582,CNOT2
0.562500001972077,0.43435921991530446,0.562500001972077,0.4343592223350971,Hadamard2
0.125,0.3437500009860385,0.125,0.18907039322248068,CNOT3
0.43435922189595016,0.125,0.43435922189595016,0.43435922310607267,Control Z
0.5625000038255783,0.43435921795216215,0.5625000038255783,0.4343592241731325,Hadamard
0.34375000354602964,0.6141398726490771,0.34375000354602964,0.43435922637936203,CNOT
0.7812500064441202,0.3437500019904195,0.7812500064441202,0.24338664943429372,CNOT2
0.562500001972077,0.43435921991530446,0.562500001972077,0.43435922388112275,Hadamard2
0.562500001972077,0.3437500023389434,0.562500001972077,0.27967961287600707,CNOT3
0.125,0.43435922113813213,0.125,0.4343592255157597,Control Z
0.23198344909671062,0.20064872295044772,0.23198344909671062,0.4343592213681062,Hadamard
0.562500001972077,0.43435921958399276,0.562500001972077,0.36177329932486435,CNOT
0.7812500052616023,0.3437500023119763,0.7812500052616023,0.125,CNOT2
0.5625000053410942,0.2553970301475499,0.5625000053410942,0.5426156992433622,Hadamard2
0.125,0.43435921816358347,0.125,0.2924240057816139,CNOT3
0.5291973062029024,0.2924240048292107,0.5291973062029024,0.43435922592000475,Control Z
0.562500001972077,0.43435921991530446,0.562500001972077,0.4343592235807502,Hadamard
0.5625000036449925,0.125,0.5625000036449925,0.24338665000196658,CNOT
0.5625000000000002,0.125,0.5625000000000002,0.34375000701778446,CNOT2
0.5413739291643429,0.32444976825839056,0.5413739291643429,0.43435922319053133,Hadamard2
0.125,0.43435921816358347,0.125,0.3437500043406601,CNOT3
0.5291973062029024,0.2924240048292107,0.5291973062029024,0.43435922592000475,Control Z
0.5625000021449569,0.43435922113813213,0.5625000021449569,0.43435922254913584,Hadamard
0.34375000354602964,0.6141398736830516,0.34375000354602964,0.3617733006116169,CNOT
0.781250005587516,0.3437500000000001,0.781250005587516,0.2924240035585952,CNOT2
0.562500001972077,0.43435921991530446,0.562500001972077,0.4343592259235789,Hadamard2
0.125,0.3437500009860385,0.125,0.18907039382916224,CNOT3
0.5291973062029024,0.2924240048292107,0.5291973062029024,0.43435922592000475,Control Z
0.562500001972077,0.43435921991530446,0.562500001972077,0.43435922540090754,Hadamard
0.3437500019904195,0.6141398723829851,0.3437500019904195,0.34375001009846023,CNOT
0.5625000000000002,0.125,0.5625000000000002,0.5038861224513889,CNOT2
0.562500001972077,0.43435921991530446,0.562500001972077,0.4343592230003326,Hadamard2
0.562500001972077,0.4343592177248702,0.562500001972077,0.5038861203535846,CNOT3
0.125,0.43435921789190535,0.125,0.4343592225485965,Control Z
0.5625000038255783,0.43435921795216215,0.5625000038255783,0.3473111970244288,Hadamard
0.5625000000000002,0.5625000000000002,0.5625000000000002,0.7087519327119371,CNOT
0.3437500000000001,0.3437500023654424,0.3437500000000001,0.4108106586235072,CNOT2
0.5625000021449569,0.43435922113813213,0.5625000021449569,0.43435922539179045,Hadamard2
0.562500001972077,0.3437500019904195,0.562500001972077,0.392912946302547,CNOT3
0.125,0.43435921789190535,0.125,0.4343592225485965,Control Z
0.5625000038255783,0.43435921795216215,0.5625000038255783,0.43435922266067845,Hadamard
0.3437500014784455,0.3437500009642601,0.3437500014784455,0.2433866526899532,CNOT
0.5625000033697841,0.5625000013725647,0.5625000033697841,0.34375000850600784,CNOT2
0.562500001972077,0.43435921991530446,0.562500001972077,0.43435922403688515,Hadamard2
0.562500001972077,0.6141398736703749,0.562500001972077,0.27967961208713943,CNOT3
0.43435922189595016,0.125,0.43435922189595016,0.43435922310607267,Control Z
0.562500001972077,0.43435921991530446,0.562500001972077,0.4343592225715463,Hadamard
0.5625000016298147,0.43435922119434883,0.5625000016298147,0.5291973076257739,CNOT
0.5625000000000002,0.5625000000000002,0.5625000000000002,0.5038861203967219,CNOT2
0.5625000038255783,0.43435921795216215,0.5625000038255783,0.4343592219702602,Hadamard2
0.562500001972077,0.61413987620692,0.562500001972077,0.35293986285289575,CNOT3
0.125,0.43435922113813213,0.125,0.4343592255157597,Control Z
0.5625000018397777,0.43435922041857467,0.5625000018397777,0.4343592227213836,Hadamard
0.5625000000000002,0.125,0.5625000000000002,0.41081065271188605,CNOT
0.34375000115245297,0.6141398729776615,0.34375000115245297,0.29242400338302854,CNOT2
0.5359067601234819,0.5217667495173164,0.5359067601234819,0.4343592243439165,Hadamard2
0.125,0.4343592177248702,0.125,0.43435922079956735,CNOT3
0.125,0.43435921789190535,0.125,0.4343592225485965,Control Z
0.562500001972077,0.43435921991530446,0.562500001972077,0.4343592214698277,Hadamard
0.5625000000000002,0.5625000000000002,0.5625000000000002,0.4343592200501482,CNOT
0.562500004215652,0.4343592214545019,0.562500004215652,0.5291973062771991,CNOT2
0.5625000007600992,0.4245906897746176,0.5625000007600992,0.4438286001496923,Hadamard2
0.562500001972077,0.562500001972077,0.562500001972077,0.6475839501702633,CNOT3
0.43435922189595016,0.125,0.43435922189595016,0.43435922310607267,Control Z
0.5625000021449569,0.43435922113813213,0.5625000021449569,0.43435922415810035,Hadamard
0.5625000000000002,0.4343592167691147,0.5625000000000002,0.5038861240966319,CNOT
0.5625000016298147,0.4343592221623751,0.5625000016298147,0.4108106575003384,CNOT2
0.562500001972077,0.43435921991530446,0.562500001972077,0.43435922396361326,Hadamard2
0.125,0.43435921991530446,0.125,0.4108106540497261,CNOT3
0.125,0.43435922113813213,0.125,0.4343592255157597,Control Z
0.562500001972077,0.43435921991530446,0.562500001972077,0.43435922353780076,Hadamard
0.562500005817153,0.43435922233168767,0.562500005817153,0.43435922704872126,CNOT
0.7812500000000004,0.34375000229314406,0.7812500000000004,0.5461779432381957,CNOT2
0.562500001972077,0.43435921991530446,0.562500001972077,0.434359223321127,Hadamard2
0.562500001972077,0.34375000384273136,0.562500001972077,0.18907039367336795,CNOT3
0.5291973062029024,0.2924240048292107,0.5291973062029024,0.43435922592000475,Control Z
0.562500001972077,0.43435921991530446,0.562500001972077,0.4625808020150222,Hadamard
0.3437500014784455,0.6141398760035782,0.3437500014784455,0.24338665196986362,CNOT
0.3437500019904195,0.3437500019904195,0.3437500019904195,0.620038576812345,CNOT2
0.562500001972077,0.43435921991530446,0.562500001972077,0.43435922414452016,Hadamard2
0.125,0.43435921991530446,0.125,0.2433866489997037,CNOT3
0.5291973062029024,0.2924240048292107,0.5291973062029024,0.43435922592000475,Control Z
0.562500001972077,0.43435922113813213,0.562500001972077,0.45860679447372177,Hadamard
0.781250005587516,0.3437500037654796,0.781250005587516,0.41081065581261894,CNOT
0.5625000000000002,0.43435922183081727,0.5625000000000002,0.29242400755548503,CNOT2
0.562500001972077,0.43435921991530446,0.562500001972077,0.434359225060838,Hadamard2
0.562500001972077,0.43435921958399276,0.562500001972077,0.24338664887509004,CNOT3
0.5291973062029024,0.2924240048292107,0.5291973062029024,0.43435922592000475,Control Z
0.562500001972077,0.43435921991530446,0.562500001972077,0.4343592218302195,Hadamard
0.5625000016298147,0.5625000073137546,0.5625000016298147,0.21560922101789884,CNOT
0.5625000035977888,0.4343592189881339,0.5625000035977888,0.4343592254221643,CNOT2
0.562500005446324,0.3044413302830342,0.562500005446324,0.5240076013426622,Hadamard2
0.125,0.125,0.125,0.34375000574760206,CNOT3
0.43435922189595016,0.125,0.43435922189595016,0.43435922310607267,Control Z
0.5625000021449569,0.43435922113813213,0.5625000021449569,0.4343592236448984,Hadamard
0.7812500105458657,0.34375000328917005,0.7812500105458657,0.4961459649301251,CNOT
0.7812500000000004,0.3437500031140931,0.7812500000000004,0.24338665064804788,CNOT2
0.5625000058290061,0.21119262119157578,0.5625000058290061,0.5539255078548759,Hadamard2
0.562500001972077,0.3437500019904195,0.562500001972077,0.44092426994141093,CNOT3
0.125,0.43435922113813213,0.125,0.4343592255157597,Control Z
0.7349355071887478,0.5562895393147244,0.7349355071887478,0.4343592238376107,Hadamard
0.34375000115245297,0.34375000081490736,0.34375000115245297,0.24338664976466187,CNOT
0.5625000000000002,0.125,0.5625000000000002,0.5038861206351927,CNOT2
0.562500001972077,0.43435921991530446,0.562500001972077,0.4343592210136548,Hadamard2
0.125,0.3437500023389434,0.125,0.3929129480467213,CNOT3
0.125,0.43435921789190535,0.125,0.4343592225485965,Control Z
0.5625000021449569,0.43435922113813213,0.5625000021449569,0.43435922385458225,Hadamard
0.7812500044746018,0.3437500039022253,0.7812500044746018,0.33005169458986655,CNOT
0.562500001972077,0.125,0.562500001972077,0.41081065817284956,CNOT2
0.5625000052587881,0.5575538188129319,0.5625000052587881,0.19060068158073878,Hadamard2
0.125,0.43435921816358347,0.125,0.5038861217513622,CNOT3
0.43435922189595016,0.125,0.43435922189595016,0.43435922310607267,Control Z
0.5625000038255783,0.43435921795216215,0.5625000038255783,0.4343592231095829,Hadamard
0.34375000354602964,0.3437500007695048,0.34375000354602964,0.33005169548321733,CNOT
0.5625000016298147,0.125,0.5625000016298147,0.5038861231973246,CNOT2
0.562500001972077,0.43435921991530446,0.562500001972077,0.4343592242388303,Hadamard2
0.562500001972077,0.6141398766362767,0.562500001972077,0.27967961252614465,CNOT3
0.43435922189595016,0.125,0.43435922189595016,0.43435922310607267,Control Z
0.562500001972077,0.43435921991530446,0.562500001972077,0.32071269678665904,Hadamard
0.562500001972077,0.125,0.562500001972077,0.34375001062318367,CNOT
0.562500005817153,0.125,0.562500005817153,0.4108106582108899,CNOT2
0.562500001972077,0.43435921991530446,0.562500001972077,0.4343592252390884,Hadamard2
0.125,0.43435922007688,0.125,0.5291973034818138,CNOT3
0.5291973062029024,0.2924240048292107,0.5291973062029024,0.43435922592000475,Control Z
0.562500001972077,0.43435921991530446,0.562500001972077,0.5120457206524769,Hadamard
0.5625000036449925,0.4343592199218569,0.5625000036449925,0.24338665098308088,CNOT
0.5625000000000002,0.4343592200287438,0.5625000000000002,0.4108106545395178,CNOT2
0.5625000065373282,0.22305630356318357,0.5625000065373282,0.5513698178720585,Hadamard2
0.125,0.5625000013516426,0.125,0.33005168998212286,CNOT3
0.43435922189595016,0.125,0.43435922189595016,0.43435922310607267,Control Z
0.562500001972077,0.43435921991530446,0.562500001972077,0.43435922171443125,Hadamard
0.562500001972077,0.125,0.562500001972077,0.456237876092124,CNOT
0.3437500014784455,0.34375000393333316,0.3437500014784455,0.24338665042674001,CNOT2
0.5625000021449569,0.43435922113813213,0.5625000021449569,0.43435922215480355,Hadamard2
0.562500001972077,0.43435921958399276,0.562500001972077,0.4108106540736418,CNOT3
0.125,0.43435921789190535,0.125,0.4343592225485965,Control Z
0.562500001972077,0.43435921991530446,0.562500001972077,0.4343592224145724,Hadamard
0.7812500052616023,0.3437500036016347,0.7812500052616023,0.5461779419477943,CNOT
0.562500001972077,0.125,0.562500001972077,0.24338665359235062,CNOT2
0.5625000021449569,0.43435922113813213,0.5625000021449569,0.43435922311885655,Hadamard2
0.562500001972077,0.6141398729776615,0.562500001972077,0.2796796113600014,CNOT3
0.125,0.43435921789190535,0.125,0.4343592225485965,Control Z
0.562500001972077,0.43435921991530446,0.562500001972077,0.4343592253709464,Hadamard
0.5625000016298147,0.4343592179215675,0.5625000016298147,0.34375000994544913,CNOT
0.5625000036449925,0.5625000019285202,0.5625000036449925,0.5038861191144037,CNOT2
0.5625000101393836,0.26695780006648373,0.5625000101393836,0.5388287602790509,Hadamard2
0.125,0.125,0.125,0.6531092280584719,CNOT3
0.125,0.43435922113813213,0.125,0.4343592255157597,Control Z
0.562500001972077,0.43435921991530446,0.562500001972077,0.4012019127312925,Hadamard
0.7812500021535564,0.34375000354602964,0.7812500021535564,0.34375000653492865,CNOT
0.7812500044746018,0.3437500041188571,0.7812500044746018,0.5461779442755301,CNOT2
0.562500001972077,0.43435921991530446,0.562500001972077,0.4343592256944385,Hadamard2
0.125,0.7812500060438267,0.125,0.39291294636699525,CNOT3
0.125,0.43435921789190535,0.125,0.4343592225485965,Control Z
0.562500001972077,0.43435921991530446,0.562500001972077,0.40015815811871663,Hadamard
0.562500001972077,0.43435921991530446,0.562500001972077,0.5038861272909072,CNOT
0.562500001972077,0.125,0.562500001972077,0.24338665300239704,CNOT2
0.562500001972077,0.43435921991530446,0.562500001972077,0.4343592236459016,Hadamard2
0.125,0.4343592177248702,0.125,0.41081065507459186,CNOT3
0.125,0.43435921789190535,0.125,0.4343592225485965,Control Z
0.562500001972077,0.43435921991530446,0.562500001972077,0.43435922151654244,Hadamard
0.5625000049679953,0.43435921965796215,0.5625000049679953,0.620038577291649,CNOT
0.5625000016298147,0.125,0.5625000016298147,0.5038861233354258,CNOT2
0.5625000108410658,0.47500366047696196,0.5625000108410658,0.38749513175888933,Hadamard2
0.125,0.5625000046778867,0.125,0.125,CNOT3
0.43435922189595016,0.125,0.43435922189595016,0.43435922310607267,Control Z
0.562500001972077,0.43435921991530446,0.562500001972077,0.43435922161586543,Hadamard
0.3437500019904195,0.6141398723829851,0.3437500019904195,0.45623787520350617,CNOT
0.7812500105458657,0.34375000094770736,0.7812500105458657,0.4108106559809318,CNOT2
0.562500001972077,0.43435921991530446,0.562500001972077,0.4343592227832043,Hadamard2
0.562500001972077,0.3437500019904195,0.562500001972077,0.5671665664828576,CNOT3
0.125,0.43435921789190535,0.125,0.4343592225485965,Control Z
0.562500001972077,0.43435921991530446,0.562500001972077,0.43435922291632884,Hadamard
0.5625000016298147,0.5625000073137546,0.5625000016298147,0.2433866544752254,CNOT
0.3437500019904195,0.3437500023389434,0.3437500019904195,0.3617732995722552,CNOT2
0.5625000040790264,0.32928141709319025,0.5625000040790264,0.5118789982948675,Hadamard2
0.125,0.125,0.125,0.34375000727460236,CNOT3
0.125,0.43435921789190535,0.125,0.4343592225485965,Control Z
0.562500001972077,0.43435921991530446,0.562500001972077,0.43435922241073915,Hadamard
0.5625000035977888,0.4343592181093751,0.5625000035977888,0.4961459667079156,CNOT
0.7812500044746018,0.3437500039022253,0.7812500044746018,0.3300516914288071,CNOT2
0.562500001972077,0.43435921991530446,0.562500001972077,0.43435922420213163,Hadamard2
0.125,0.3437500009860385,0.125,0.3929129457833339,CNOT3
0.125,0.43435922113813213,0.125,0.4343592255157597,Control Z
0.562500001972077,0.43435921991530446,0.562500001972077,0.3221042951363917,Hadamard
0.5625000049679953,0.43435921965796215,0.5625000049679953,0.41081065796122695,CNOT
0.5625000016298147,0.43435921839892916,0.5625000016298147,0.4108106559746132,CNOT2
0.562500001972077,0.43435921991530446,0.562500001972077,0.434359223617454,Hadamard2
0.562500001972077,0.125,0.562500001972077,0.3617732977490403,CNOT3
0.125,0.43435921789190535,0.125,0.4343592225485965,Control Z
0.5625000021449569,0.43435922113813213,0.5625000021449569,0.43435922445282865,Hadamard
0.7812500021535563,0.34375000354602964,0.7812500021535563,0.41081065810662387,CNOT
0.5625000016298147,0.43435922194072,0.5625000016298147,0.5038861186272201,CNOT2
0.562500001972077,0.43435921991530446,0.562500001972077,0.43435922357581136,Hadamard2
0.125,0.125,0.125,0.3437500037611189,CNOT3
0.125,0.43435922113813213,0.125,0.4343592255157597,Control Z
0.5625000018397777,0.43435922041857467,0.5625000018397777,0.4343592221201088,Hadamard
0.562500005817153,0.125,0.562500005817153,0.6200385808243459,CNOT
0.3437500000000001,0.3437500023654424,0.3437500000000001,0.24338665061784154,CNOT2
0.5625000050555573,0.23877556044285367,0.5625000050555573,0.547446897399301,Hadamard2
0.562500001972077,0.4343592222035574,0.562500001972077,0.4108106518610387,CNOT3
0.43435922189595016,0.125,0.43435922189595016,0.43435922310607267,Control Z
0.562500001972077,0.43435921991530446,0.562500001972077,0.5084632852686555,Hadamard
0.7812500097578126,0.3437500030236506,0.7812500097578126,0.41081065736192335,CNOT
0.34375000115245297,0.34375000081490736,0.34375000115245297,0.125,CNOT2
0.562500001972077,0.43435921991530446,0.562500001972077,0.434359224007403,Hadamard2
0.125,0.43435921816358347,0.125,0.45623787099946644,CNOT3
0.43435922189595016,0.125,0.43435922189595016,0.43435922310607267,Control Z
0.562500001972077,0.43435921991530446,0.562500001972077,0.4343592218246288,Hadamard
0.34375000364607644,0.6141398782214739,0.34375000364607644,0.34375000856725824,CNOT
0.3437500019904195,0.3437500009860385,0.3437500019904195,0.2433866505659652,CNOT2
0.562500001972077,0.43435921991530446,0.562500001972077,0.43435922471405763,Hadamard2
0.125,0.3437500009860385,0.125,0.4708741261011342,CNOT3
0.43435922189595016,0.125,0.43435922189595016,0.43435922310607267,Control Z
0.5625000021449569,0.43435922113813213,0.5625000021449569,0.434359221664006,Hadamard
0.5625000000000002,0.5625000000000002,0.5625000000000002,0.4562378724726952,CNOT
0.5625000016298147,0.5625000016298147,0.5625000016298147,0.3437500040676935,CNOT2
0.562500001972077,0.43435921991530446,0.562500001972077,0.4343592245320796,Hadamard2
0.125,0.3437500019904195,0.125,0.3529398597059719,CNOT3
0.125,0.43435922113813213,0.125,0.4343592255157597,Control Z
0.562500001972077,0.43435921991530446,0.562500001972077,0.43435922403496824,Hadamard
0.562500004215652,0.4343592218269573,0.562500004215652,0.5625000169132515,CNOT
0.781250005587516,0.3437500000000001,0.781250005587516,0.4108106559649637,CNOT2
0.5625000021449569,0.43435922113813213,0.5625000021449569,0.4343592229675302,Hadamard2
0.562500001972077,0.3437500009860385,0.562500001972077,0.3929129466968632,CNOT3
0.43435922189595016,0.125,0.43435922189595016,0.43435922310607267,Control Z
0.562500001972077,0.43435921991530446,0.562500001972077,0.4584540878860914,Hadamard
0.7812500064441202,0.3437500023389434,0.7812500064441202,0.45623787079766925,CNOT
0.5625000016298147,0.43435921839892916,0.5625000016298147,0.4343592236175431,CNOT2
0.5625000037382364,0.42972923485039016,0.5625000037382364,0.4389209333138305,Hadamard2
0.562500001972077,0.3437500009860385,0.562500001972077,0.35293986138284383,CNOT3
0.5291973062029024,0.2924240048292107,0.5291973062029024,0.43435922592000475,Control Z
0.562500001972077,0.43435921991530446,0.562500001972077,0.47432464274837605,Hadamard
0.562500004215652,0.4343592225940581,0.562500004215652,0.6200385746867387,CNOT
0.5625000000000002,0.4343592167691147,0.5625000000000002,0.5038861215060031,CNOT2
0.562500001972077,0.43435921991530446,0.562500001972077,0.4343592243141151,Hadamard2
0.125,0.562500001972077,0.125,0.503886124900965,CNOT3
0.125,0.43435922113813213,0.125,0.4343592255157597,Control Z
0.5625000021449569,0.43435922113813213,0.5625000021449569,0.43435922308714797,Hadamard
0.5625000049679953,0.43435921965796215,0.5625000049679953,0.546177945267472,CNOT
0.5625000033697841,0.125,0.5625000033697841,0.5461779468592709,CNOT2
0.5625000021449569,0.43435922113813213,0.5625000021449569,0.4343592228044045,Hadamard2
0.125,0.3437500023389434,0.125,0.4984296170015956,CNOT3
0.125,0.43435921789190535,0.125,0.4343592225485965,Control Z
0.5625000038255783,0.43435921795216215,0.5625000038255783,0.4343592235503655,Hadamard
0.7812500064441202,0.3437500022246922,0.7812500064441202,0.29242400674244895,CNOT
0.5625000035977888,0.4343592225097139,0.5625000035977888,0.5461779441460117,CNOT2
0.562500006937574,0.26356035015958024,0.562500006937574,0.5399786603088804,Hadamard2
0.125,0.562500001972077,0.125,0.3437500067038537,CNOT3
0.125,0.43435922113813213,0.125,0.4343592255157597,Control Z
0.5625000021449569,0.43435922113813213,0.5625000021449569,0.3901387566243351,Hadamard
0.5625000036449925,0.5625000019285202,0.5625000036449925,0.4562378713190253,CNOT
1.000000003944154,0.125,1.000000003944154,0.5038861240119354,CNOT2
0.5625000021449569,0.43435922113813213,0.5625000021449569,0.434359222294138,Hadamard2
0.125,0.562500001972077,0.125,0.2433866513093074,CNOT3
0.125,0.43435922113813213,0.125,0.4343592255157597,Control Z
0.5625000021449569,0.43435922113813213,0.5625000021449569,0.43435922232709745,Hadamard
0.125,0.562500001587866,0.125,0.3437500025919282,CNOT
0.5625000016298147,0.43435922003874283,0.5625000016298147,0.34375000369396236,CNOT2
0.5625000021449569,0.43435922113813213,0.5625000021449569,0.43435922124584475,Hadamard2
0.125,0.43435922007688,0.125,0.5291973010170856,CNOT3
0.125,0.43435921789190535,0.125,0.4343592225485965,Control Z
0.5625000021449569,0.43435922113813213,0.5625000021449569,0.4625272046037464,Hadamard
0.7812500021535564,0.3437500039207396,0.7812500021535564,0.2433866522276606,CNOT
0.34375000371353254,0.6141398753376967,0.34375000371353254,0.29242400733184104,CNOT2
0.2686677777343511,0.5187920062032587,0.2686677777343511,0.43435922334461724,Hadamard2
0.125,0.43435921991530446,0.125,0.2433866490860747,CNOT3
0.43435922189595016,0.125,0.43435922189595016,0.43435922310607267,Control Z
0.562500001972077,0.43435921991530446,0.562500001972077,0.4343592227149592,Hadamard
0.562500005817153,0.43435922233168767,0.562500005817153,0.3300516940989562,CNOT
0.562500005817153,0.5625000000000002,0.562500005817153,0.34375000770352576,CNOT2
0.562500001972077,0.43435921991530446,0.562500001972077,0.4343592227121225,Hadamard2
0.125,0.125,0.125,0.34375000275441603,CNOT3
0.125,0.43435921789190535,0.125,0.4343592225485965,Control Z
0.5625000038255783,0.43435921795216215,0.5625000038255783,0.4343592228125527,Hadamard
0.5625000000000002,0.125,0.5625000000000002,0.4343592220453249,CNOT
0.7812500021535564,0.34375000168489206,0.7812500021535564,0.3300516942309609,CNOT2
0.5625000069176327,0.5102328513740125,0.5625000069176327,0.3323690171963821,Hadamard2
0.125,0.434359220135236,0.125,0.41081065604120764,CNOT3
0.125,0.43435922113813213,0.125,0.4343592255157597,Control Z
0.562500001972077,0.43435921991530446,0.562500001972077,0.4343592215744662,Hadamard
0.5625000033697841,0.125,0.5625000033697841,0.4108106576198659,CNOT
0.5625000016298147,0.4343592221623751,0.5625000016298147,0.33005169269261053,CNOT2
0.5625000038255783,0.43435921795216215,0.5625000038255783,0.4343592225656794,Hadamard2
0.125,0.3437500009860385,0.125,0.27967961228175137,CNOT3
0.125,0.43435922113813213,0.125,0.4343592255157597,Control Z
0.5625000038255783,0.43435921795216215,0.5625000038255783,0.4343592219272194,Hadamard
0.5625000016298147,0.43435921839892916,0.5625000016298147,0.4108106530083947,CNOT
0.5625000000000002,0.4343592211731072,0.5625000000000002,0.708751934697599,CNOT2
0.5625000051635175,0.5189776465187936,0.5625000051635175,0.31523109669895094,Hadamard2
0.562500001972077,0.125,0.562500001972077,0.3437500028617166,CNOT3
0.125,0.43435921789190535,0.125,0.4343592225485965,Control Z
0.17864215193186653,0.1629307301826682,0.17864215193186653,0.4343592223938598,Hadamard
0.7812500064441202,0.34375000115245297,0.7812500064441202,0.2433866515146674,CNOT
0.5625000000000002,0.5625000033697841,0.5625000000000002,0.43435922323673937,CNOT2
0.5383278609185929,0.5186728860960028,0.5383278609185929,0.43435922397187715,Hadamard2
0.125,0.5625000046778867,0.125,0.24338664974536808,CNOT3
0.5291973062029024,0.2924240048292107,0.5291973062029024,0.43435922592000475,Control Z
0.562500001972077,0.43435921991530446,0.562500001972077,0.4343592237810626,Hadamard
0.5625000049679953,0.125,0.5625000049679953,0.24338665586635216,CNOT
0.562500001972077,0.125,0.562500001972077,0.34375000538909484,CNOT2
0.562500001972077,0.43435921991530446,0.562500001972077,0.43435922400330396,Hadamard2
0.125,0.3437500023389434,0.125,0.3929129470096742,CNOT3
0.5291973062029024,0.2924240048292107,0.5291973062029024,0.43435922592000475,Control Z
0.562500001972077,0.43435921991530446,0.562500001972077,0.43099140972314304,Hadamard
0.5625000000000002,0.43435921676911465,0.5625000000000002,0.3617732989000993,CNOT
0.7812500064441202,0.3437500023389434,0.7812500064441202,0.3437500081090394,CNOT2
0.35421448312004156,0.22642323036977108,0.35421448312004156,0.43435922379280045,Hadamard2
0.562500001972077,0.3437500023389434,0.562500001972077,0.392912946966684,CNOT3
0.5291973062029024,0.2924240048292107,0.5291973062029024,0.43435922592000475,Control Z
0.733746179499666,0.5554485546417813,0.733746179499666,0.43435922172521396,Hadamard
0.7812500064441202,0.3437500023389434,0.7812500064441202,0.4562378735815235,CNOT
1.000000003944154,0.125,1.000000003944154,0.3437500082891045,CNOT2
0.4563453612160977,0.15728602399683156,0.4563453612160977,0.4343592228834434,Hadamard2
0.562500001972077,0.125,0.562500001972077,0.4108106530384108,CNOT3
0.5291973062029024,0.2924240048292107,0.5291973062029024,0.43435922592000475,Control Z
0.562500001972077,0.43435921991530446,0.562500001972077,0.4343592227724068,Hadamard
0.5625000033697841,0.5625000034586859,0.5625000033697841,0.2433866516333562,CNOT
0.7812500052616023,0.3437500025523472,0.7812500052616023,0.125,CNOT2
0.562500001972077,0.43435921991530446,0.562500001972077,0.43435922365192325,Hadamard2
0.562500001972077,0.43435921816358347,0.562500001972077,0.45623787237860364,CNOT3
0.125,0.43435922113813213,0.125,0.4343592255157597,Control Z
0.5625000021449569,0.43435922113813213,0.5625000021449569,0.434359222859402,Hadamard
0.3437500019904195,0.3437500019904195,0.3437500019904195,0.41081065798194943,CNOT
0.7812500000000004,0.3437500026061835,0.7812500000000004,0.24338665287589098,CNOT2
0.562500001972077,0.43435921991530446,0.562500001972077,0.4343592263017437,Hadamard2
0.562500001972077,0.125,0.562500001972077,0.6200385737354539,CNOT3
0.5291973062029024,0.2924240048292107,0.5291973062029024,0.43435922592000475,Control Z
0.562500001972077,0.43435921991530446,0.562500001972077,0.5249095723991366,Hadamard
0.562500001972077,0.562500001587866,0.562500001972077,0.434359226890844,CNOT
0.34375000354602964,0.3437500030040153,0.34375000354602964,0.41081065446151116,CNOT2
0.5625000077955302,0.5624774186886746,0.5625000077955302,0.12944591713666403,Hadamard2
0.125,0.125,0.125,0.546177944560069,CNOT3
0.125,0.43435921789190535,0.125,0.4343592225485965,Control Z
0.5625000018397777,0.43435922041857467,0.5625000018397777,0.43435922088423445,Hadamard
0.5625000000000002,0.4343592211731072,0.5625000000000002,0.4108106571889954,CNOT
0.5625000000000002,0.5625000022015558,0.5625000000000002,0.125,CNOT2
0.562500001972077,0.43435921991530446,0.562500001972077,0.43435922513529857,Hadamard2
0.125,0.5625000013516426,0.125,0.620038576105093,CNOT3
0.125,0.43435921789190535,0.125,0.4343592225485965,Control Z
0.562500001972077,0.43435921991530446,0.562500001972077,0.43435922372024444,Hadamard
0.5625000033697841,0.125,0.5625000033697841,0.125,CNOT
0.34375000354602964,0.6141398736830516,0.34375000354602964,0.4108106597424702,CNOT2
0.562500001972077,0.43435921991530446,0.562500001972077,0.43435922355828516,Hadamard2
0.562500001972077,0.5625000046778867,0.562500001972077,0.41081065539216716,CNOT3
0.43435922189595016,0.125,0.43435922189595016,0.43435922310607267,Control Z
0.4268717367728299,0.3384555521950524,0.4268717367728299,0.43435922362738333,Hadamard
0.5625000036449925,0.4343592199218569,0.5625000036449925,0.24338665113101604,CNOT
0.3437500019904195,0.6141398740277568,0.3437500019904195,0.2433866493348123,CNOT2
0.23532767765091078,0.5023744830093053,0.23532767765091078,0.4343592238990075,Hadamard2
0.562500001972077,0.3437500009860385,0.562500001972077,0.39291294568977037,CNOT3
0.125,0.43435921789190535,0.125,0.4343592225485965,Control Z
0.5625000038255783,0.43435921795216215,0.5625000038255783,0.2938337593116991,Hadamard
0.7812500097578126,0.3437500038010183,0.7812500097578126,0.4108106574029146,CNOT
0.3437500019904195,0.6141398740277568,0.3437500019904195,0.4562378710312837,CNOT2
0.56250000517668,0.36999053678631505,0.56250000517668,0.4874719220817606,Hadamard2
0.125,0.43435922007688,0.125,0.2924240057344798,CNOT3
0.125,0.43435921789190535,0.125,0.4343592225485965,Control Z
0.562500001972077,0.43435921991530446,0.562500001972077,0.43435922378333314,Hadamard
0.562500001972077,0.43435921958399276,0.562500001972077,0.45623787581616293,CNOT
0.5625000000000002,0.5625000040854474,0.5625000000000002,0.2433866589607241,CNOT2
0.4992755956110236,0.22945913198702755,0.4992755956110236,0.43435922523912557,Hadamard2
0.125,0.125,0.125,0.3437500033585642,CNOT3
0.43435922189595016,0.125,0.43435922189595016,0.43435922310607267,Control Z
0.5625000021449569,0.43435922113813213,0.5625000021449569,0.30089124445617843,Hadamard
0.5625000000000002,0.5625000000000002,0.5625000000000002,0.34375000573256415,CNOT
0.562500005817153,0.5625000000000002,0.562500005817153,0.5038861251904909,CNOT2
0.40211677540046953,0.5603384384184491,0.40211677540046953,0.43435922153939527,Hadamard2
0.125,0.43435921816358347,0.125,0.2924240056210118,CNOT3
0.125,0.43435921789190535,0.125,0.4343592225485965,Control Z
0.562500001972077,0.43435921991530446,0.562500001972077,0.43435922448535225,Hadamard
0.562500001972077,0.43435921991530446,0.562500001972077,0.34375000797534405,CNOT
0.34375000354602964,0.3437500030040153,0.34375000354602964,0.5291973066130784,CNOT2
0.562500001972077,0.43435921991530446,0.562500001972077,0.4343592241636157,Hadamard2
0.125,0.43435921816358347,0.125,0.5461779414809518,CNOT3
0.125,0.43435921789190535,0.125,0.4343592225485965,Control Z
0.562500001972077,0.43435921991530446,0.562500001972077,0.5017163840472243,Hadamard
0.5625000035977888,0.4343592189881339,0.5625000035977888,0.45623787370850033,CNOT
0.3437500019904195,0.6141398723829851,0.3437500019904195,0.43435922682309364,CNOT2
0.562500001972077,0.43435921991530446,0.562500001972077,0.43435922249916004,Hadamard2
1.000000003944154,0.6141398766362767,1.000000003944154,0.6752954989082105,CNOT3
0.125,0.43435921789190535,0.125,0.4343592225485965,Control Z
0.562500001972077,0.43435921991530446,0.562500001972077,0.4343592249724942,Hadamard
0.7812500044746018,0.3437500041188571,0.7812500044746018,0.4108106555200344,CNOT
0.7812500064441202,0.3437500037766509,0.7812500064441202,0.33005169337444873,CNOT2
0.562500001972077,0.43435921991530446,0.562500001972077,0.43435922559894996,Hadamard2
0.562500001972077,0.125,0.562500001972077,0.4108106540837864,CNOT3
0.125,0.43435921789190535,0.125,0.4343592225485965,Control Z
0.562500001972077,0.43435921991530446,0.562500001972077,0.4343592226310986,Hadamard
0.34375000115245297,0.6141398758086977,0.34375000115245297,0.24338665636753104,CNOT
0.3437500014784455,0.3437500041188571,0.3437500014784455,0.614139879303247,CNOT2
0.5625000021449569,0.43435922113813213,0.5625000021449569,0.43435922556786605,Hadamard2
0.125,0.3437500023389434,0.125,0.44092427088948044,CNOT3
0.125,0.43435922113813213,0.125,0.4343592255157597,Control Z
0.562500001972077,0.43435921991530446,0.562500001972077,0.43435922325931,Hadamard
0.5625000033697841,0.434359221363449,0.5625000033697841,0.24338665183457292,CNOT
0.5625000049679953,0.43435921965796215,0.5625000049679953,0.4343592241909329,CNOT2
0.5625000021449569,0.43435922113813213,0.5625000021449569,0.43435922441216324,Hadamard2
0.125,0.4343592177248702,0.125,0.2433866499147246,CNOT3
0.125,0.43435922113813213,0.125,0.4343592255157597,Control Z
0.5625000021449569,0.43435922113813213,0.5625000021449569,0.43435922372772356,Hadamard
0.34375000364607644,0.6141398796969058,0.34375000364607644,0.4961459619740369,CNOT
0.5625000016298147,0.125,0.5625000016298147,0.6200385735616263,CNOT2
0.5625000038255783,0.43435921795216215,0.5625000038255783,0.4343592222282658,Hadamard2
0.562500001972077,0.434359220135236,0.562500001972077,0.5038861247833029,CNOT3
0.125,0.43435921789190535,0.125,0.4343592225485965,Control Z
0.562500001972077,0.43435921991530446,0.562500001972077,0.43435922144774536,Hadamard
0.7812500097578126,0.34375000094894026,0.7812500097578126,0.41081066010155204,CNOT
0.34375000354602964,0.3437500007695048,0.34375000354602964,0.4108106592512686,CNOT2
0.41864666878669643,0.5619623452447029,0.41864666878669643,0.43435922531621546,Hadamard2
0.562500001972077,0.3437500019904195,0.562500001972077,0.2796796111030919,CNOT3
0.43435922189595016,0.125,0.43435922189595016,0.43435922310607267,Control Z
0.5625000021449569,0.43435922113813213,0.5625000021449569,0.43435922187168036,Hadamard
0.7812500021535564,0.3437500023119763,0.7812500021535564,0.3437500062058557,CNOT
0.5625000000000002,0.125,0.5625000000000002,0.125,CNOT2
0.562500002562004,0.5570382758672734,0.562500002562004,0.19391433060295166,Hadamard2
0.562500001972077,0.43435921958399276,0.562500001972077,0.4108106513724473,CNOT3
0.125,0.43435922113813213,0.125,0.4343592255157597,Control Z
0.5625000038255783,0.43435921795216215,0.5625000038255783,0.43435922268730004,Hadamard
0.5625000000000002,0.125,0.5625000000000002,0.4343592238687463,CNOT
0.7812500021535564,0.3437500027986494,0.7812500021535564,0.5461779432009293,CNOT2
0.562500001972077,0.43435921991530446,0.562500001972077,0.43435922428811036,Hadamard2
0.562500001972077,0.125,0.562500001972077,0.4343592232306632,CNOT3
0.125,0.43435921789190535,0.125,0.4343592225485965,Control Z
0.562500001972077,0.43435921991530446,0.562500001972077,0.43435922193862203,Hadamard
0.5625000000000002,0.4343592167691147,0.5625000000000002,0.41081065604422223,CNOT
0.5625000000000002,0.4343592167691147,0.5625000000000002,0.6531092274574198,CNOT2
0.5625000080456958,0.561802515928489,0.5625000080456958,0.14969440597013714,Hadamard2
0.125,0.43435921816358347,0.125,0.4108106534582927,CNOT3
0.125,0.43435921789190535,0.125,0.4343592225485965,Control Z
0.562500001972077,0.43435921795216215,0.562500001972077,0.3139494054465871,Hadamard
0.7812500021535564,0.3437500027986494,0.7812500021535564,0.2924240070015453,CNOT
0.34375000371636666,0.34375000354602964,0.34375000371636666,0.45623787502471286,CNOT2
0.5625000021449569,0.43435922113813213,0.5625000021449569,0.4343592232956506,Hadamard2
0.562500001972077,0.125,0.562500001972077,0.6200385777112394,CNOT3
0.125,0.43435922113813213,0.125,0.4343592255157597,Control Z
0.562500001972077,0.43435921991530446,0.562500001972077,0.43435922299668966,Hadamard
0.5625000000000002,0.125,0.5625000000000002,0.5461779456788686,CNOT
0.7812500064441202,0.3437500022246922,0.7812500064441202,0.5461779469058539,CNOT2
0.5625000012718363,0.5024786838260451,0.5625000012718363,0.34616984716888155,Hadamard2
0.562500001972077,0.6141398723829851,0.562500001972077,0.27967961086928605,CNOT3
0.125,0.43435922113813213,0.125,0.4343592255157597,Control Z
0.562500001972077,0.43435921991530446,0.562500001972077,0.42182887538202285,Hadamard
0.562500001972077,0.43435921816358347,0.562500001972077,0.45623787483420586,CNOT
0.5625000016298147,0.125,0.5625000016298147,0.34375000379280135,CNOT2
0.562500001972077,0.43435921991530446,0.562500001972077,0.43435922163278773,Hadamard2
0.562500001972077,0.7437184363271669,0.562500001972077,0.33005169260399103,CNOT3
0.125,0.43435922113813213,0.125,0.4343592255157597,Control Z
0.5625000038255783,0.43435921795216215,0.5625000038255783,0.43435922314391434,Hadamard
0.7812500064441202,0.34375000115245297,0.7812500064441202,0.24338665009250612,CNOT
0.5625000016298147,0.4343592218960566,0.5625000016298147,0.5461779422517647,CNOT2
0.5625000021449569,0.43435922113813213,0.5625000021449569,0.4343592240376643,Hadamard2
0.125,0.125,0.125,0.2156092191316525,CNOT3
0.5291973062029024,0.2924240048292107,0.5291973062029024,0.43435922592000475,Control Z
0.5625000021449569,0.43435922113813213,0.5625000021449569,0.4343592232887664,Hadamard
0.5625000000000002,0.5625000055972988,0.5625000000000002,0.41081065675179285,CNOT
0.5625000016298147,0.4343592208121886,0.5625000016298147,0.410810652918461,CNOT2
0.5625000038255783,0.43435921795216215,0.5625000038255783,0.4343592246851526,Hadamard2
0.562500001972077,0.125,0.562500001972077,0.24338665112693603,CNOT3
0.125,0.43435921789190535,0.125,0.4343592225485965,Control Z
0.562500001972077,0.43435921991530446,0.562500001972077,0.43435922103093927,Hadamard
0.5625000016298147,0.125,0.5625000016298147,0.5038861174655229,CNOT
0.5625000000000002,0.4343592215033808,0.5625000000000002,0.41081065501393055,CNOT2
0.562500001972077,0.43435921991530446,0.562500001972077,0.43435922004390004,Hadamard2
0.562500001972077,0.34375000370586,0.562500001972077,0.557783135080774,CNOT3
0.125,0.43435921789190535,0.125,0.4343592225485965,Control Z
0.562500001972077,0.43435921991530446,0.562500001972077,0.4343592229476518,Hadamard
0.7812500021535563,0.3437500031144506,0.7812500021535563,0.4108106569389564,CNOT
0.5625000035977888,0.43435921785735876,0.5625000035977888,0.45623787490562967,CNOT2
0.5625000021449569,0.43435922113813213,0.5625000021449569,0.4343592236949828,Hadamard2
0.125,0.43435921958399276,0.125,0.24338665006602875,CNOT3
0.125,0.43435922113813213,0.125,0.4343592255157597,Control Z
0.5625000021449569,0.43435922113813213,0.5625000021449569,0.434359222328524,Hadamard
0.781250005587516,0.3437500000000001,0.781250005587516,0.24338665050651515,CNOT
0.3437500019904195,0.6141398766362767,0.3437500019904195,0.3300516922855006,CNOT2
0.5625000047424925,0.42370928919189504,0.5625000047424925,0.4446545279893339,Hadamard2
0.562500001972077,0.5625000013516426,0.562500001972077,0.45623787243566083,CNOT3
0.43435922189595016,0.125,0.43435922189595016,0.43435922310607267,Control Z
0.42151694647626275,0.3346691459070134,0.42151694647626275,0.434359223600697,Hadamard
0.7812500064441202,0.3437500036568773,0.7812500064441202,0.34375000569512526,CNOT
0.5625000000000002,0.5625000000000002,0.5625000000000002,0.34375000371548137,CNOT2
0.5625000052690172,0.22265214130524863,0.5625000052690172,0.5514625603800063,Hadamard2
0.125,0.6141398736703749,0.125,0.5577831358230922,CNOT3
0.125,0.43435921789190535,0.125,0.4343592225485965,Control Z
0.5625000021449569,0.43435922113813213,0.5625000021449569,0.43435922093191887,Hadamard
0.7812500064441202,0.343750000793933,0.7812500064441202,0.4343592235841668,CNOT
0.3437500019904195,0.343750000793933,0.3437500019904195,0.2924240089423844,CNOT2
0.5625000050205171,0.5152359043571191,0.5625000050205171,0.322793310353059,Hadamard2
0.562500001972077,0.125,0.562500001972077,0.24338664846210306,CNOT3
0.125,0.43435921789190535,0.125,0.4343592225485965,Control Z
0.562500001972077,0.43435921991530446,0.562500001972077,0.38619579404746873,Hadamard
0.3437500019904195,0.6141398723829851,0.3437500019904195,0.41081065472044354,CNOT
0.5625000016298147,0.43435922125423654,0.5625000016298147,0.4108106558240102,CNOT2
0.5625000035022177,0.2215739076733965,0.5625000035022177,0.5517080261205674,Hadamard2
0.125,0.125,0.125,0.3437500055256852,CNOT3
0.125,0.43435921789190535,0.125,0.4343592225485965,Control Z
0.562500001972077,0.43435921991530446,0.562500001972077,0.43435922453751596,Hadamard
0.7812500071237174,0.3437500031668472,0.7812500071237174,0.24338665090654538,CNOT
0.3437500014784455,0.3437500000000001,0.3437500014784455,0.3437500063493065,CNOT2
0.5625000065762562,0.32497175662339906,0.5625000065762562,0.5141240851891009,Hadamard2
0.125,0.7812500052616023,0.125,0.49842961479655545,CNOT3
0.43435922189595016,0.125,0.43435922189595016,0.43435922310607267,Control Z
0.562500001972077,0.43435921991530446,0.562500001972077,0.4343592240695617,Hadamard
0.7812500064441202,0.3437500022246922,0.7812500064441202,0.3300516942763393,CNOT
0.3437500019904195,0.3437500009860385,0.3437500019904195,0.6200385793471044,CNOT2
0.35777111594810995,0.22234475868820502,0.35777111594810995,0.43435922629188195,Hadamard2
0.562500001972077,0.43435921816358347,0.562500001972077,0.5291973058082988,CNOT3
0.5291973062029024,0.2924240048292107,0.5291973062029024,0.43435922592000475,Control Z
0.562500001972077,0.43435921991530446,0.562500001972077,0.38189917064057777,Hadamard
0.562500001972077,0.43435921789190535,0.562500001972077,0.5038861260671266,CNOT
1.000000003944154,0.125,1.000000003944154,0.5625000128518476,CNOT2
0.562500001972077,0.43435921991530446,0.562500001972077,0.43435922330275034,Hadamard2
0.125,0.434359222009992,0.125,0.125,CNOT3
0.43435922189595016,0.125,0.43435922189595016,0.43435922310607267,Control Z
0.562500001972077,0.43435921991530446,0.562500001972077,0.39653676195289067,Hadamard
0.7812500021535564,0.3437500023498783,0.7812500021535564,0.125,CNOT
0.781250005587516,0.34375000499006386,0.781250005587516,0.3437500066860509,CNOT2
0.5434203145229137,0.5112301583983906,0.5434203145229137,0.4343592239845264,Hadamard2
0.125,0.34375000225194174,0.125,0.7171796242801822,CNOT3
0.125,0.43435922113813213,0.125,0.4343592255157597,Control Z
0.562500001972077,0.43435921991530446,0.562500001972077,0.4934568960288325,Hadamard
0.7812500071237174,0.34375000094770736,0.7812500071237174,0.7087519417302156,CNOT
0.34375000115245297,0.3437500037766509,0.34375000115245297,0.4562378719151003,CNOT2
0.409538867518894,0.5611928578420027,0.409538867518894,0.43435922189526804,Hadamard2
0.125,0.562500001972077,0.125,0.5038861213008241,CNOT3
0.125,0.43435922113813213,0.125,0.4343592255157597,Control Z
0.7437184355649153,0.5625000044091226,0.7437184355649153,0.4343592201306055,Hadamard
0.5625000000000002,0.4343592211731072,0.5625000000000002,0.125,CNOT
0.3437500019904195,0.3437500022246922,0.3437500019904195,0.24338665118667038,CNOT2
0.562500001972077,0.43435921991530446,0.562500001972077,0.4343592218468768,Hadamard2
0.125,0.3437500009860385,0.125,0.609925567414301,CNOT3
0.125,0.43435922113813213,0.125,0.4343592255157597,Control Z
0.5625000038255783,0.43435921795216215,0.5625000038255783,0.4913967590874815,Hadamard
0.562500005817153,0.125,0.562500005817153,0.24338665261066209,CNOT
0.5625000016298147,0.43435921839892916,0.5625000016298147,0.4343592208736202,CNOT2
0.562500001972077,0.43435921991530446,0.562500001972077,0.4343592227758244,Hadamard2
0.125,0.6141398736703749,0.125,0.39291294782836,CNOT3
0.125,0.43435922113813213,0.125,0.4343592255157597,Control Z
0.5625000021449569,0.43435922113813213,0.5625000021449569,0.37872251836163245,Hadamard
0.5625000000000002,0.125,0.5625000000000002,0.24338665022161576,CNOT
0.5625000049679953,0.43435921915191167,0.5625000049679953,0.33005169269026535,CNOT2
0.562500001972077,0.43435921991530446,0.562500001972077,0.43435922240592745,Hadamard2
0.562500001972077,0.7812500052616023,0.562500001972077,0.7717990638938335,CNOT3
0.125,0.43435921789190535,0.125,0.4343592225485965,Control Z
0.5625000038255783,0.43435921795216215,0.5625000038255783,0.4343592238609903,Hadamard
0.7812500064441202,0.343750000793933,0.7812500064441202,0.6200385806467952,CNOT
0.5625000000000002,0.125,0.5625000000000002,0.3437500033081202,CNOT2
0.5625000021449569,0.43435922113813213,0.5625000021449569,0.43435922492039036,Hadamard2
0.125,0.5625000046778867,0.125,0.3897205980188188,CNOT3
0.5291973062029024,0.2924240048292107,0.5291973062029024,0.43435922592000475,Control Z
0.562500001972077,0.43435921991530446,0.562500001972077,0.29242508514455856,Hadamard
0.5625000036449925,0.125,0.5625000036449925,0.5625000073522406,CNOT
0.562500001972077,0.562500001972077,0.562500001972077,0.4108106572058547,CNOT2
0.562500001972077,0.43435921991530446,0.562500001972077,0.4343592239990408,Hadamard2
0.562500001972077,0.3437500023389434,0.562500001972077,0.47087412579458787,CNOT3
0.5291973062029024,0.2924240048292107,0.5291973062029024,0.43435922592000475,Control Z
0.562500001972077,0.43435921991530446,0.562500001972077,0.518135807998676,Hadamard
0.7812500097578126,0.3437500030236506,0.7812500097578126,0.4108106551688832,CNOT
0.562500004215652,0.4343592225940581,0.562500004215652,0.7437184551711042,CNOT2
0.562500001972077,0.43435921991530446,0.562500001972077,0.4343592248896407,Hadamard2
0.125,0.562500001972077,0.125,0.24338664992095194,CNOT3
0.5291973062029024,0.2924240048292107,0.5291973062029024,0.43435922592000475,Control Z
0.562500001972077,0.43435921991530446,0.562500001972077,0.43435922262298804,Hadamard
0.5625000016298147,0.43435922194072,0.5625000016298147,0.4961459634629537,CNOT
1.000000003944154,0.125,1.000000003944154,0.3437500065717591,CNOT2
0.5625000059799425,0.3380945690177615,0.5625000059799425,0.5070954898020261,Hadamard2
0.562500001972077,0.34375000209221307,0.562500001972077,0.47087412694124114,CNOT3
0.43435922189595016,0.125,0.43435922189595016,0.43435922310607267,Control Z
0.562500001972077,0.43435921991530446,0.562500001972077,0.43435922337839766,Hadamard
0.3437500014784455,0.3437500009642601,0.3437500014784455,0.33005169047805893,CNOT
0.7812500021535564,0.34375000378721643,0.7812500021535564,0.45623787245299896,CNOT2
0.562500001972077,0.43435921991530446,0.562500001972077,0.43435922312279485,Hadamard2
0.562500001972077,0.125,0.562500001972077,0.3300516909269843,CNOT3
0.5291973062029024,0.2924240048292107,0.5291973062029024,0.43435922592000475,Control Z
0.562500001972077,0.43435921991530446,0.562500001972077,0.37117456188368403,Hadamard
0.5625000000000002,0.125,0.5625000000000002,0.43435921870759286,CNOT
0.7812500064441202,0.3437500009860385,0.7812500064441202,0.4343592265673312,CNOT2
0.562500001972077,0.43435921991530446,0.562500001972077,0.4343592243008441,Hadamard2
0.125,0.3437500019904195,0.125,0.39291294583648156,CNOT3
0.125,0.43435922113813213,0.125,0.4343592255157597,Control Z
0.562500001972077,0.43435921991530446,0.562500001972077,0.5272199876703387,Hadamard
0.5625000000000002,0.125,0.5625000000000002,0.50388612169869,CNOT
0.562500004215652,0.4343592214545019,0.562500004215652,0.24338665780487484,CNOT2
0.562500001972077,0.43435921991530446,0.562500001972077,0.43435922267316185,Hadamard2
0.562500001972077,0.434359220135236,0.562500001972077,0.4108106545218913,CNOT3
0.125,0.43435922113813213,0.125,0.4343592255157597,Control Z
0.562500001972077,0.43435921991530446,0.562500001972077,0.43435922395612003,Hadamard
0.5625000016298147,0.5625000073137546,0.5625000016298147,0.503886123249308,CNOT
0.5625000000000002,0.5625000055972988,0.5625000000000002,0.43435922541195515,CNOT2
0.5625000029494871,0.3557708674142128,0.5625000029494871,0.4966867832123813,Hadamard2
0.562500001972077,0.43435921958399276,0.562500001972077,0.125,CNOT3
0.125,0.43435922113813213,0.125,0.4343592255157597,Control Z
0.562500001972077,0.43435921991530446,0.562500001972077,0.4343592261789406,Hadamard
0.5625000036449925,0.5625000019285202,0.5625000036449925,0.43435922244642144,CNOT
0.3437500019904195,0.34375000362522024,0.3437500019904195,0.24338665213969501,CNOT2
0.562500001972077,0.43435921991530446,0.562500001972077,0.4343592233371371,Hadamard2
0.125,0.3437500019904195,0.125,0.2796796125215102,CNOT3
0.5291973062029024,0.2924240048292107,0.5291973062029024,0.43435922592000475,Control Z
0.5625000021449569,0.43435922113813213,0.5625000021449569,0.434359223744527,Hadamard
0.5625000033697841,0.43435921921477477,0.5625000033697841,0.34375000939647826,CNOT
0.5625000036449925,0.5625000044586509,0.5625000036449925,0.125,CNOT2
0.5625000021449569,0.43435922113813213,0.5625000021449569,0.43435922182630304,Hadamard2
0.125,0.4343592177248702,0.125,0.33005169214411934,CNOT3
0.125,0.43435921789190535,0.125,0.4343592225485965,Control Z
0.5625000021449569,0.43435922113813213,0.5625000021449569,0.4343592230189352,Hadamard
0.7812500021535563,0.34375000248639137,0.7812500021535563,0.5291973085237454,CNOT
0.5625000000000002,0.434359222675062,0.5625000000000002,0.3437500084863535,CNOT2
0.562500001972077,0.43435921991530446,0.562500001972077,0.43435922238249636,Hadamard2
0.125,0.5625000046778867,0.125,0.3437500047187583,CNOT3
0.43435922189595016,0.125,0.43435922189595016,0.43435922310607267,Control Z
0.5625000038255783,0.43435921795216215,0.5625000038255783,0.4343592227192092,Hadamard
0.5625000000000002,0.43435921676911465,0.5625000000000002,0.125,CNOT
0.562500005817153,0.43435922233168767,0.562500005817153,0.6200385776938613,CNOT2
0.5625000047039861,0.3058713144807209,0.5625000047039861,0.5233614287967951,Hadamard2
1.000000003944154,0.125,1.000000003944154,0.3437500055435479,CNOT3
0.43435922189595016,0.125,0.43435922189595016,0.43435922310607267,Control Z
0.6986688674345876,0.5306451494022917,0.6986688674345876,0.4343592217472474,Hadamard
0.3437500019904195,0.6141398723829851,0.3437500019904195,0.2433866577829657,CNOT
0.7812500064441202,0.343750000793933,0.7812500064441202,0.330051694447135,CNOT2
0.5625000021449569,0.43435922113813213,0.5625000021449569,0.43435922241642283,Hadamard2
0.562500001972077,0.125,0.562500001972077,0.41081065324862864,CNOT3
0.5291973062029024,0.2924240048292107,0.5291973062029024,0.43435922592000475,Control Z
0.5625000038255783,0.43435921795216215,0.5625000038255783,0.43435922323658993,Hadamard
0.3437500014784455,0.34375000081490736,0.3437500014784455,0.29242401108717003,CNOT
0.5625000016298147,0.4343592208121886,0.5625000016298147,0.21560922108540848,CNOT2
0.5625000033743961,0.379882160226402,0.5625000033743961,0.4805859146883597,Hadamard2
0.125,0.562500001972077,0.125,0.410810655962603,CNOT3
0.125,0.43435921789190535,0.125,0.4343592225485965,Control Z
0.21285985191263093,0.18712629806704145,0.21285985191263093,0.43435922182168446,Hadamard
0.34375000371636666,0.6141398783139597,0.34375000371636666,0.3437500048919664,CNOT
0.3437500019904195,0.3437500019904195,0.3437500019904195,0.620038576812345,CNOT2
0.5625000038389645,0.14631488768166862,0.5625000038389645,0.5619804720952305,Hadamard2
0.125,0.5625000046778867,0.125,0.529197307621361,CNOT3
0.125,0.43435921789190535,0.125,0.4343592225485965,Control Z
0.5625000038255783,0.43435921795216215,0.5625000038255783,0.4493997610317103,Hadamard
0.562500001972077,0.43435921816358347,0.562500001972077,0.3617732977806827,CNOT
0.7812500052616023,0.3437500025523472,0.7812500052616023,0.4108106575317351,CNOT2
0.37217031465959766,0.5550336073599518,0.37217031465959766,0.4343592249171126,Hadamard2
0.562500001972077,0.3437500009860385,0.562500001972077,0.3529398583278555,CNOT3
0.5291973062029024,0.2924240048292107,0.5291973062029024,0.43435922592000475,Control Z
0.5625000038255783,0.43435921795216215,0.5625000038255783,0.43435922231034746,Hadamard
0.3437500014784455,0.3437500041188571,0.3437500014784455,0.43435922801811944,CNOT
0.7812500000000004,0.34375000229314406,0.7812500000000004,0.4562378719302117,CNOT2
0.562500001972077,0.43435921991530446,0.562500001972077,0.43435922298522084,Hadamard2
0.562500001972077,0.3437500009860385,0.562500001972077,0.2796796130903551,CNOT3
0.125,0.43435921789190535,0.125,0.4343592225485965,Control Z
0.562500001972077,0.43435921991530446,0.562500001972077,0.4343592249769377,Hadamard
0.5625000035977888,0.125,0.5625000035977888,0.49614596654028703,CNOT
1.000000003944154,0.125,1.000000003944154,0.43435922683165856,CNOT2
0.5269157978226222,0.5314061132111922,0.5269157978226222,0.4343592236473906,Hadamard2
0.562500001972077,0.34375000384273136,0.562500001972077,0.6752955047527222,CNOT3
0.125,0.43435921789190535,0.125,0.4343592225485965,Control Z
0.562500001972077,0.43435921991530446,0.562500001972077,0.4343592217744674,Hadamard
0.5625000000000002,0.125,0.5625000000000002,0.125,CNOT
0.5625000036449925,0.5625000019285202,0.5625000036449925,0.5038861219500022,CNOT2
0.562500001972077,0.43435921991530446,0.562500001972077,0.4343592215634604,Hadamard2
0.562500001972077,0.3437500009860385,0.562500001972077,0.2796796117708563,CNOT3
0.125,0.43435921789190535,0.125,0.4343592225485965,Control Z
0.562500001972077,0.43435922113813213,0.562500001972077,0.40801660161456127,Hadamard
0.34375000371636666,0.34375000354602964,0.34375000371636666,0.45623787213363415,CNOT
0.7812500000000004,0.34375000229314406,0.7812500000000004,0.34375000552739365,CNOT2
0.5625000021449569,0.43435922113813213,0.5625000021449569,0.43435922501467933,Hadamard2
0.125,0.5625000046778867,0.125,0.3437500044694698,CNOT3
0.43435922189595016,0.125,0.43435922189595016,0.43435922310607267,Control Z
0.562500001972077,0.43435921795216215,0.562500001972077,0.44449001957931095,Hadamard
0.5625000000000002,0.43435921676911465,0.5625000000000002,0.4961459643441856,CNOT
0.3437500014784455,0.3437500009642601,0.3437500014784455,0.2924240068144585,CNOT2
0.562500001972077,0.43435921991530446,0.562500001972077,0.43435922196429894,Hadamard2
0.562500001972077,0.43435921816358347,0.562500001972077,0.3437500031673143,CNOT3
0.125,0.43435922113813213,0.125,0.4343592255157597,Control Z
0.562500001972077,0.43435921991530446,0.562500001972077,0.43435921940828426,Hadamard
0.562500001972077,0.125,0.562500001972077,0.21560922163985932,CNOT
0.3437500014784455,0.6141398784865927,0.3437500014784455,0.620038570971699,CNOT2
0.23135709967557286,0.5002845010839823,0.23135709967557286,0.4343592229034287,Hadamard2
0.125,0.5625000046778867,0.125,0.29242400507413735,CNOT3
0.125,0.43435922113813213,0.125,0.4343592255157597,Control Z
0.5625000021449569,0.43435922113813213,0.5625000021449569,0.43435922344067873,Hadamard
0.5625000016298147,0.5625000073137546,0.5625000016298147,0.3437500066819329,CNOT
0.562500004215652,0.125,0.562500004215652,0.3300516948958601,CNOT2
0.562500001972077,0.43435921991530446,0.562500001972077,0.43435922620714473,Hadamard2
1.000000003944154,0.125,1.000000003944154,0.21560921959738175,CNOT3
0.43435922189595016,0.125,0.43435922189595016,0.43435922310607267,Control Z
0.562500001972077,0.43435921991530446,0.562500001972077,0.39603575524144513,Hadamard
0.7812500064441202,0.343750000793933,0.7812500064441202,0.2433866504085125,CNOT
0.562500005817153,0.43435921676911465,0.562500005817153,0.4961459648314793,CNOT2
0.562500001972077,0.43435921991530446,0.562500001972077,0.4343592251175485,Hadamard2
0.562500001972077,0.43435921816358347,0.562500001972077,0.125,CNOT3
0.125,0.43435921789190535,0.125,0.4343592225485965,Control Z
0.562500001972077,0.43435921991530446,0.562500001972077,0.43435922196274085,Hadamard
0.7812500064441202,0.3437500009860385,0.7812500064441202,0.4961459653683766,CNOT
0.7812500044746018,0.34375000115245297,0.7812500044746018,0.2433866510718224,CNOT2
0.562500001972077,0.43435921991530446,0.562500001972077,0.43435922266700655,Hadamard2
0.125,0.125,0.125,0.4108106540641945,CNOT3
0.5291973062029024,0.2924240048292107,0.5291973062029024,0.43435922592000475,Control Z
0.562500001972077,0.43435921991530446,0.562500001972077,0.434359221201774,Hadamard
0.7812500021535563,0.3437500031144506,0.7812500021535563,0.24338665243856206,CNOT
0.5625000000000002,0.43435921676911465,0.5625000000000002,0.3300516921324472,CNOT2
0.29909404347523516,0.28570805499858853,0.29909404347523516,0.4343592220903807,Hadamard2
0.125,0.125,0.125,0.24338664927806442,CNOT3
0.43435922189595016,0.125,0.43435922189595016,0.43435922310607267,Control Z
0.41836730999093447,0.33244201694207975,0.41836730999093447,0.43435922217392203,Hadamard
0.5625000036449925,0.4343592199218569,0.5625000036449925,0.3437500087460178,CNOT
0.7812500021535563,0.3437500030805844,0.7812500021535563,0.6141398866859042,CNOT2
0.5625000021449569,0.43435922113813213,0.5625000021449569,0.4343592241577421,Hadamard2
0.125,0.43435922007688,0.125,0.24338664867794524,CNOT3
0.43435922189595016,0.125,0.43435922189595016,0.43435922310607267,Control Z
0.5625000021449569,0.43435922113813213,0.5625000021449569,0.434359224053121,Hadamard
0.5625000000000002,0.125,0.5625000000000002,0.24338665497117384,CNOT
0.5625000000000002,0.4343592167691147,0.5625000000000002,0.3437500058532785,CNOT2
0.562500001972077,0.43435921991530446,0.562500001972077,0.434359223187008,Hadamard2
0.125,0.43435921958399276,0.125,0.24338665216421007,CNOT3
0.125,0.43435921789190535,0.125,0.4343592225485965,Control Z
0.5625000018397777,0.43435922041857467,0.5625000018397777,0.4343592216494781,Hadamard
0.5625000000000002,0.125,0.5625000000000002,0.24338665484670274,CNOT
0.562500001972077,0.5625000046778867,0.562500001972077,0.125,CNOT2
0.5625000049528471,0.42078537587493287,0.5625000049528471,0.4473620137500971,Hadamard2
0.125,0.125,0.125,0.3437500037743803,CNOT3
0.5291973062029024,0.2924240048292107,0.5291973062029024,0.43435922592000475,Control Z
0.562500001972077,0.43435921991530446,0.562500001972077,0.5258013035819217,Hadamard
0.5625000036449925,0.5625000044586509,0.5625000036449925,0.4343592249455083,CNOT
0.5625000000000002,0.125,0.5625000000000002,0.34375001082582535,CNOT2
0.5625000021449569,0.43435922113813213,0.5625000021449569,0.4343592227059191,Hadamard2
0.125,0.43435921816358347,0.125,0.41081065426034996,CNOT3
0.125,0.43435922113813213,0.125,0.4343592255157597,Control Z
0.562500001972077,0.43435921991530446,0.562500001972077,0.434359222634266,Hadamard
0.3437500000000001,0.6141398757450182,0.3437500000000001,0.3437500059245862,CNOT
0.5625000016298147,0.43435922037867863,0.5625000016298147,0.41081065738696704,CNOT2
0.5625000038255783,0.43435921795216215,0.5625000038255783,0.43435922206238076,Hadamard2
0.125,0.3437500019904195,0.125,0.5577831349863666,CNOT3
0.125,0.43435921789190535,0.125,0.4343592225485965,Control Z
0.562500001972077,0.43435921991530446,0.562500001972077,0.4343592220670882,Hadamard
0.34375000354602964,0.3437500007695048,0.34375000354602964,0.6200385777265787,CNOT
0.5625000000000002,0.125,0.5625000000000002,0.7437184458728783,CNOT2
0.5625000021449569,0.43435922113813213,0.5625000021449569,0.4343592228701098,Hadamard2
0.562500001972077,0.34375000238020725,0.562500001972077,0.44092427049492355,CNOT3
0.125,0.43435922113813213,0.125,0.4343592255157597,Control Z
0.562500001972077,0.43435921991530446,0.562500001972077,0.4343592250094435,Hadamard
0.3437500019904195,0.6141398740277568,0.3437500019904195,0.43435922636627383,CNOT
0.7812500044746018,0.3437500041188571,0.7812500044746018,0.125,CNOT2
0.5625000064133718,0.5407431230495239,0.5625000064133718,0.26124945280925865,Hadamard2
0.562500001972077,0.6141398750784413,0.562500001972077,0.7240715600678242,CNOT3
0.125,0.43435922113813213,0.125,0.4343592255157597,Control Z
0.512239652505655,0.3988197840069414,0.512239652505655,0.43435922298299573,Hadamard
0.562500005817153,0.43435922233168767,0.562500005817153,0.4108106593809,CNOT
0.7812500105458657,0.3437500031668472,0.7812500105458657,0.36177330339976305,CNOT2
0.5625000083397271,0.4211992356141828,0.5625000083397271,0.4469817860991223,Hadamard2
0.562500001972077,0.3437500023389434,0.562500001972077,0.5577831355445652,CNOT3
0.125,0.43435922113813213,0.125,0.4343592255157597,Control Z
0.562500001972077,0.43435921991530446,0.562500001972077,0.4343592219752881,Hadamard
0.5625000049679953,0.125,0.5625000049679953,0.5461779458146896,CNOT
0.5625000049679953,0.5625000033697841,0.5625000049679953,0.34375000458588506,CNOT2
0.562500001972077,0.43435921991530446,0.562500001972077,0.43435922411706446,Hadamard2
0.125,0.125,0.125,0.3437500041315838,CNOT3
0.5291973062029024,0.2924240048292107,0.5291973062029024,0.43435922592000475,Control Z
0.5625000021449569,0.43435922113813213,0.5625000021449569,0.43435921997399474,Hadamard
0.3437500019904195,0.343750000793933,0.3437500019904195,0.361773301649015,CNOT
0.5625000000000002,0.125,0.5625000000000002,0.49614596271180045,CNOT2
0.5625000021449569,0.43435922113813213,0.5625000021449569,0.43435922464088483,Hadamard2
0.562500001972077,0.125,0.562500001972077,0.4108106555269895,CNOT3
0.43435922189595016,0.125,0.43435922189595016,0.43435922310607267,Control Z
0.562500001972077,0.43435921991530446,0.562500001972077,0.4343592215569953,Hadamard
0.5625000035977888,0.5625000015390096,0.5625000035977888,0.5038861203960632,CNOT
0.7812500021535564,0.3437500023119763,0.7812500021535564,0.6200385746288997,CNOT2
0.562500001972077,0.43435921991530446,0.562500001972077,0.43435922446188335,Hadamard2
0.562500001972077,0.6141398766362767,0.562500001972077,0.23597317675232446,CNOT3
0.5291973062029024,0.2924240048292107,0.5291973062029024,0.43435922592000475,Control Z
0.5625000018397777,0.43435922041857467,0.5625000018397777,0.4343592230317784,Hadamard
0.3437500019904195,0.6141398723829851,0.3437500019904195,0.52919730715302,CNOT
0.3437500019904195,0.3437500023389434,0.3437500019904195,0.24338665032435364,CNOT2
0.5625000056509728,0.30469763493167945,0.5625000056509728,0.5238922392442411,Hadamard2
0.125,0.6141398729776615,0.125,0.2796796113681273,CNOT3
0.5291973062029024,0.2924240048292107,0.5291973062029024,0.43435922592000475,Control Z
0.562500001972077,0.43435921991530446,0.562500001972077,0.4343592240597089,Hadamard
0.34375000371353254,0.6141398753376967,0.34375000371353254,0.41081065848909576,CNOT
0.34375000115245297,0.6141398753433198,0.34375000115245297,0.45623787496082924,CNOT2
0.5625000080678574,0.1915917355942936,0.5625000080678574,0.5574023562939758,Hadamard2
0.125,0.34375000238020725,0.125,0.3929129453620558,CNOT3
0.125,0.43435922113813213,0.125,0.4343592255157597,Control Z
0.562500001972077,0.43435921991530446,0.562500001972077,0.4343592227528487,Hadamard
0.562500001972077,0.43435921991530446,0.562500001972077,0.343750006715975,CNOT
0.5625000016298147,0.125,0.5625000016298147,0.43435922367619356,CNOT2
0.2572667257651144,0.32635613190894663,0.2572667257651144,0.4343592225341636,Hadamard2
0.562500001972077,0.125,0.562500001972077,0.24338665053385874,CNOT3
0.5291973062029024,0.2924240048292107,0.5291973062029024,0.43435922592000475,Control Z
0.562500001972077,0.43435921991530446,0.562500001972077,0.4343592222794745,Hadamard
0.562500001972077,0.43435921789190535,0.562500001972077,0.34375000328297034,CNOT
0.3437500019904195,0.6141398740277568,0.3437500019904195,0.2924240102263005,CNOT2
0.562500001972077,0.43435921991530446,0.562500001972077,0.4343592225815312,Hadamard2
0.562500001972077,0.3437500009860385,0.562500001972077,0.5890388328874081,CNOT3
0.125,0.43435922113813213,0.125,0.4343592255157597,Control Z
0.6244294042005937,0.4781499206983923,0.6244294042005937,0.434359222651178,Hadamard
0.5625000033697841,0.5625000013725647,0.5625000033697841,0.4108106590882929,CNOT
0.5625000016298147,0.4343592179215675,0.5625000016298147,0.562500005528528,CNOT2
0.562500006403056,0.28176446258792165,0.562500006403056,0.533449706800266,Hadamard2
0.562500001972077,0.125,0.562500001972077,0.24338665201424436,CNOT3
0.43435922189595016,0.125,0.43435922189595016,0.43435922310607267,Control Z
0.562500001972077,0.43435921991530446,0.562500001972077,0.5153720995524228,Hadamard
0.562500001972077,0.43435921958399276,0.562500001972077,0.36177330046872525,CNOT
0.562500001972077,0.43435921816358347,0.562500001972077,0.34375000549721757,CNOT2
0.562500002012668,0.4513980153693375,0.562500002012668,0.41632557662258607,Hadamard2
0.562500001972077,0.3437500023389434,0.562500001972077,0.3929129459543946,CNOT3
0.5291973062029024,0.2924240048292107,0.5291973062029024,0.43435922592000475,Control Z
0.562500001972077,0.43435921991530446,0.562500001972077,0.43435922300338653,Hadamard
0.5625000000000002,0.125,0.5625000000000002,0.6531092332973827,CNOT
0.7812500097578126,0.34375000094894026,0.7812500097578126,0.24338665239743995,CNOT2
0.39357313714516934,0.17929773539144425,0.39357313714516934,0.4343592251399485,Hadamard2
0.125,0.5625000013516426,0.125,0.125,CNOT3
0.43435922189595016,0.125,0.43435922189595016,0.43435922310607267,Control Z
0.562500001972077,0.43435921991530446,0.562500001972077,0.2935332861886122,Hadamard
0.3437500014784455,0.3437500000000001,0.3437500014784455,0.2433866532399315,CNOT
0.3437500019904195,0.34375000362522024,0.3437500019904195,0.529197308684924,CNOT2
0.562500001972077,0.43435921991530446,0.562500001972077,0.43435922398028265,Hadamard2
0.125,0.3437500023389434,0.125,0.39291294622525025,CNOT3
0.5291973062029024,0.2924240048292107,0.5291973062029024,0.43435922592000475,Control Z
0.562500001972077,0.43435921991530446,0.562500001972077,0.43435922201214483,Hadamard
0.5625000000000002,0.4343592208121886,0.5625000000000002,0.24338665302090967,CNOT
0.3437500019904195,0.6141398723829851,0.3437500019904195,0.49614596265008803,CNOT2
0.5625000038255783,0.43435921795216215,0.5625000038255783,0.4343592213774193,Hadamard2
0.125,0.125,0.125,0.36177329867458696,CNOT3
0.5291973062029024,0.2924240048292107,0.5291973062029024,0.43435922592000475,Control Z
0.562500001972077,0.43435922113813213,0.562500001972077,0.48136840210685367,Hadamard
0.3437500014784455,0.3437500041188571,0.3437500014784455,0.2924240134159598,CNOT
0.34375000371636666,0.3437500020427237,0.34375000371636666,0.5461779449275057,CNOT2
0.5625000021449569,0.43435922113813213,0.5625000021449569,0.4343592252206172,Hadamard2
0.562500001972077,0.562500001972077,0.562500001972077,0.125,CNOT3
0.5291973062029024,0.2924240048292107,0.5291973062029024,0.43435922592000475,Control Z
0.562500001972077,0.43435921991530446,0.562500001972077,0.43435922196754584,Hadamard
0.5625000000000002,0.5625000000000002,0.5625000000000002,0.49614596459765814,CNOT
0.5625000036449925,0.4343592199218569,0.5625000036449925,0.3437500087460178,CNOT2
0.5625000053715605,0.3891656665210535,0.5625000053715605,0.47374454763243823,Hadamard2
0.125,0.43435922007688,0.125,0.41081065358151453,CNOT3
0.43435922189595016,0.125,0.43435922189595016,0.43435922310607267,Control Z
0.562500001972077,0.43435921991530446,0.562500001972077,0.43435922278892225,Hadamard
0.7812500064441202,0.3437500009860385,0.7812500064441202,0.2433866517087157,CNOT
0.34375000081490736,0.6141398759024224,0.34375000081490736,0.24338665117046418,CNOT2
0.5625000067139245,0.38477904402168245,0.5625000067139245,0.4770242977509914,Hadamard2
0.562500001972077,0.3437500023389434,0.562500001972077,0.2796796112898917,CNOT3
0.5291973062029024,0.2924240048292107,0.5291973062029024,0.43435922592000475,Control Z
0.562500001972077,0.43435921991530446,0.562500001972077,0.43435922220612794,Hadamard
0.7812500021535563,0.34375000248639137,0.7812500021535563,0.29242401302812315,CNOT
0.5625000016298147,0.125,0.5625000016298147,0.4108106555782639,CNOT2
0.562500001972077,0.43435921991530446,0.562500001972077,0.43435922297281243,Hadamard2
0.125,0.3437500023389434,0.125,0.5577831327145877,CNOT3
0.125,0.43435922113813213,0.125,0.4343592255157597,Control Z
0.5625000038255783,0.43435921795216215,0.5625000038255783,0.4343592233303195,Hadamard
0.562500001972077,0.5625000046778867,0.562500001972077,0.4343592237537649,CNOT
0.5625000000000002,0.125,0.5625000000000002,0.125,CNOT2
0.562500001972077,0.43435921991530446,0.562500001972077,0.4343592247762928,Hadamard2
0.562500001972077,0.43435922007688,0.562500001972077,0.34375000413228124,CNOT3
0.125,0.43435922113813213,0.125,0.4343592255157597,Control Z
0.562500001972077,0.43435921991530446,0.562500001972077,0.3669280675275005,Hadamard
0.7812500097578126,0.34375000094894026,0.7812500097578126,0.34375000470604966,CNOT
1.000000003944154,0.125,1.000000003944154,0.43435922655162396,CNOT2
0.5625000021449569,0.43435922113813213,0.5625000021449569,0.434359222634665,Hadamard2
0.125,0.43435921816358347,0.125,0.3437500040518157,CNOT3
0.125,0.43435921789190535,0.125,0.4343592225485965,Control Z
0.562500001972077,0.43435921991530446,0.562500001972077,0.40807104543070294,Hadamard
0.5625000016298147,0.5625000051046944,0.5625000016298147,0.21560922344209738,CNOT
0.3437500014784455,0.34375000094894026,0.3437500014784455,0.620038576147816,CNOT2
0.5625000021449569,0.43435922113813213,0.5625000021449569,0.4343592227938817,Hadamard2
0.562500001972077,0.34375000238020725,0.562500001972077,0.3929129476991477,CNOT3
0.5291973062029024,0.2924240048292107,0.5291973062029024,0.43435922592000475,Control Z
0.562500001972077,0.43435921991530446,0.562500001972077,0.4343592253988174,Hadamard
0.5625000000000002,0.434359222675062,0.5625000000000002,0.7087519320588774,CNOT
0.7812500000000004,0.3437500036016347,0.7812500000000004,0.3437500057086672,CNOT2
0.562500001972077,0.43435921991530446,0.562500001972077,0.4343592231894458,Hadamard2
0.125,0.3437500023389434,0.125,0.2796796108127507,CNOT3
0.125,0.43435922113813213,0.125,0.4343592255157597,Control Z
0.5625000038255783,0.43435921795216215,0.5625000038255783,0.4343592222427709,Hadamard
0.3437500014784455,0.3437500050126491,0.3437500014784455,0.33005169319301353,CNOT
0.5625000000000002,0.125,0.5625000000000002,0.4343592216460492,CNOT2
0.5623551336445332,0.4422172735189838,0.5623551336445332,0.43435922276100714,Hadamard2
0.562500001972077,0.6141398750784413,0.562500001972077,0.771799067541974,CNOT3
0.125,0.43435922113813213,0.125,0.4343592255157597,Control Z
0.5625000038255783,0.43435921795216215,0.5625000038255783,0.4343592243304257,Hadamard
0.781250005587516,0.3437500000000001,0.781250005587516,0.45623787337521293,CNOT
0.5625000036449925,0.125,0.5625000036449925,0.34375000486151536,CNOT2
0.5625000075412107,0.5530399563787716,0.5625000075412107,0.21548784576821156,Hadamard2
0.125,0.34375000370586,0.125,0.39291294402803956,CNOT3
0.125,0.43435921789190535,0.125,0.4343592225485965,Control Z
0.6976383459749372,0.5299164582931104,0.6976383459749372,0.4343592232658015,Hadamard
0.7812500021535563,0.3437500030805844,0.7812500021535563,0.41081065845609016,CNOT
0.5625000016298147,0.4343592179215675,0.5625000016298147,0.6200385787486901,CNOT2
0.5625000021449569,0.43435922113813213,0.5625000021449569,0.4343592224766546,Hadamard2
0.562500001972077,0.43435921816358347,0.562500001972077,0.3437500059368281,CNOT3
0.5291973062029024,0.2924240048292107,0.5291973062029024,0.43435922592000475,Control Z
0.562500001972077,0.43435921991530446,0.562500001972077,0.43435922463659227,Hadamard
0.5625000000000002,0.5625000033697841,0.5625000000000002,0.3437500096208065,CNOT
0.34375000081490736,0.6141398721342717,0.34375000081490736,0.7087519348688498,CNOT2
0.562500001972077,0.43435921991530446,0.562500001972077,0.4343592233782093,Hadamard2
0.125,0.125,0.125,0.5291973061792641,CNOT3
0.125,0.43435921789190535,0.125,0.4343592225485965,Control Z
0.562500001972077,0.43435921991530446,0.562500001972077,0.434359226106797,Hadamard
0.562500001972077,0.125,0.562500001972077,0.125,CNOT
0.5625000016298147,0.4343592221623751,0.5625000016298147,0.6200385727947999,CNOT2
0.5625000021449569,0.43435922113813213,0.5625000021449569,0.43435922238192587,Hadamard2
0.125,0.34375000370586,0.125,0.3529398619332232,CNOT3
0.125,0.43435921789190535,0.125,0.4343592225485965,Control Z
0.562500001972077,0.43435921991530446,0.562500001972077,0.334731200824211,Hadamard
0.562500001972077,0.125,0.562500001972077,0.2924240054253918,CNOT
0.5625000000000002,0.125,0.5625000000000002,0.6531092242524069,CNOT2
0.562500001972077,0.43435921991530446,0.562500001972077,0.43435922418781336,Hadamard2
0.562500001972077,0.125,0.562500001972077,0.33005169267183676,CNOT3
0.125,0.43435922113813213,0.125,0.4343592255157597,Control Z
0.562500001972077,0.43435921991530446,0.562500001972077,0.4343592250246991,Hadamard
0.5625000000000002,0.5625000033697841,0.5625000000000002,0.24338665122973493,CNOT
0.7812500052616023,0.3437500024056528,0.7812500052616023,0.29242400657343215,CNOT2
0.5625000021449569,0.43435922113813213,0.5625000021449569,0.43435922330779464,Hadamard2
0.562500001972077,0.43435921958399276,0.562500001972077,0.5461779424364117,CNOT3
0.43435922189595016,0.125,0.43435922189595016,0.43435922310607267,Control Z
0.562500001972077,0.43435921991530446,0.562500001972077,0.5098929057162594,Hadamard
0.7812500105458657,0.34375000094770736,0.7812500105458657,0.45623787308343483,CNOT
0.5625000036449925,0.5625000019285202,0.5625000036449925,0.43435922485922934,CNOT2
0.562500001972077,0.43435921991530446,0.562500001972077,0.43435922266123356,Hadamard2
0.562500001972077,0.125,0.562500001972077,0.3437500059316294,CNOT3
0.125,0.43435922113813213,0.125,0.4343592255157597,Control Z
0.3737002126468024,0.30085760869048117,0.3737002126468024,0.43435922163124324,Hadamard
0.5625000049679953,0.43435921965796215,0.5625000049679953,0.4108106576678534,CNOT
0.5625000000000002,0.125,0.5625000000000002,0.5038861249480425,CNOT2
0.562500005203906,0.43435921936624017,0.562500005203906,0.4343592235710882,Hadamard2
0.562500001972077,0.3437500009860385,0.562500001972077,0.2796796113849371,CNOT3
0.125,0.43435922113813213,0.125,0.4343592255157597,Control Z
0.5625000021449569,0.43435922113813213,0.5625000021449569,0.4343592234797992,Hadamard
0.5625000000000002,0.125,0.5625000000000002,0.41081066060212046,CNOT
0.562500001972077,0.43435921991530446,0.562500001972077,0.41081065613699336,CNOT2
0.5018216002964824,0.5486341136034758,0.5018216002964824,0.43435922350605644,Hadamard2
0.562500001972077,0.125,0.562500001972077,0.6141398826058622,CNOT3
0.125,0.43435922113813213,0.125,0.4343592255157597,Control Z
0.562500001972077,0.43435921991530446,0.562500001972077,0.5225363322680479,Hadamard
0.562500005817153,0.43435922233168767,0.562500005817153,0.6531092341963768,CNOT
0.5625000035977888,0.4343592189881339,0.5625000035977888,0.125,CNOT2
0.5625000021449569,0.43435922113813213,0.5625000021449569,0.4343592252491065,Hadamard2
0.125,0.43435921816358347,0.125,0.125,CNOT3
0.125,0.43435922113813213,0.125,0.4343592255157597,Control Z
0.562500001972077,0.43435921991530446,0.562500001972077,0.43435922231125457,Hadamard
0.5625000016298147,0.4343592218960566,0.5625000016298147,0.2433866515426517,CNOT
0.5625000049679953,0.125,0.5625000049679953,0.3437500104982171,CNOT2
0.5625000021449569,0.43435922113813213,0.5625000021449569,0.4343592212980831,Hadamard2
0.562500001972077,0.5625000046778867,0.562500001972077,0.2924240050663325,CNOT3
0.125,0.43435921789190535,0.125,0.4343592225485965,Control Z
0.5625000038255783,0.43435921795216215,0.5625000038255783,0.43435922170185187,Hadamard
0.7812500021535564,0.3437500023119763,0.7812500021535564,0.34375000443624404,CNOT
0.5625000049679953,0.125,0.5625000049679953,0.24338665170924156,CNOT2
0.5625000021449569,0.43435922113813213,0.5625000021449569,0.4343592235752894,Hadamard2
0.562500001972077,0.43435921816358347,0.562500001972077,0.21560921893751842,CNOT3
0.43435922189595016,0.125,0.43435922189595016,0.43435922310607267,Control Z
0.562500001972077,0.43435921991530446,0.562500001972077,0.41428600903159885,Hadamard
0.5625000000000002,0.4343592215033808,0.5625000000000002,0.49614596302836317,CNOT
0.7812500097578126,0.34375000222932545,0.7812500097578126,0.3300516952769652,CNOT2
0.562500001972077,0.43435921991530446,0.562500001972077,0.4343592240397611,Hadamard2
0.125,0.43435921958399276,0.125,0.6200385721324169,CNOT3
0.43435922189595016,0.125,0.43435922189595016,0.43435922310607267,Control Z
0.562500001972077,0.43435921991530446,0.562500001972077,0.43435922429570173,Hadamard
0.5625000049679953,0.125,0.5625000049679953,0.503886123186613,CNOT
0.3437500014784455,0.34375000222932545,0.3437500014784455,0.2433866544860852,CNOT2
0.562500001972077,0.43435921991530446,0.562500001972077,0.4343592225148866,Hadamard2
0.562500001972077,0.5625000046778867,0.562500001972077,0.8107883183186662,CNOT3
0.5291973062029024,0.2924240048292107,0.5291973062029024,0.43435922592000475,Control Z
0.4407964136635335,0.3483017871980423,0.4407964136635335,0.43435922562829515,Hadamard
0.34375000115245297,0.34375000454196314,0.34375000115245297,0.4108106606042077,CNOT
0.3437500014784455,0.3437500050126491,0.3437500014784455,0.2433866540222561,CNOT2
0.5351803750667368,0.522647816327552,0.5351803750667368,0.4343592230553817,Hadamard2
0.125,0.3437500009860385,0.125,0.4984296173327385,CNOT3
0.125,0.43435921789190535,0.125,0.4343592225485965,Control Z
0.5625000021449569,0.43435922113813213,0.5625000021449569,0.3735317677528514,Hadamard
0.5625000000000002,0.4343592167691147,0.5625000000000002,0.34375000533433486,CNOT
0.5625000000000002,0.5625000055972988,0.5625000000000002,0.2433866512404464,CNOT2
0.5625000021449569,0.43435922113813213,0.5625000021449569,0.4343592244768411,Hadamard2
0.562500001972077,0.3437500009860385,0.562500001972077,0.2796796132455891,CNOT3
0.125,0.43435922113813213,0.125,0.4343592255157597,Control Z
0.5625000018397777,0.43435922041857467,0.5625000018397777,0.4343592214546001,Hadamard
0.3437500019904195,0.6141398766362767,0.3437500019904195,0.6200385721831828,CNOT
0.5625000000000002,0.125,0.5625000000000002,0.41081065887978957,CNOT2
0.5586109102153662,0.3904519879233957,0.5586109102153662,0.43435922677786715,Hadamard2
0.562500001972077,0.3437500009860385,0.562500001972077,0.35293986191291754,CNOT3
0.43435922189595016,0.125,0.43435922189595016,0.43435922310607267,Control Z
0.5625000038255783,0.43435921795216215,0.5625000038255783,0.4343592223329425,Hadamard
0.5625000000000002,0.5625000000000002,0.5625000000000002,0.21560922061390306,CNOT
0.562500005817153,0.43435921676911465,0.562500005817153,0.24338665230589168,CNOT2
0.562500001972077,0.43435921991530446,0.562500001972077,0.43435922436119734,Hadamard2
0.125,0.125,0.125,0.292424005562797,CNOT3
0.125,0.43435921789190535,0.125,0.4343592225485965,Control Z
0.562500001972077,0.43435921991530446,0.562500001972077,0.4343592252120861,Hadamard
0.125,0.562500001587866,0.125,0.34375001424189305,CNOT
0.5625000036449925,0.125,0.5625000036449925,0.4343592245027273,CNOT2
0.5625000038255783,0.43435921795216215,0.5625000038255783,0.4343592214782181,Hadamard2
0.125,0.43435921958399276,0.125,0.43435922210646155,CNOT3
0.43435922189595016,0.125,0.43435922189595016,0.43435922310607267,Control Z
0.5625000021449569,0.43435922113813213,0.5625000021449569,0.4343592233280239,Hadamard
0.3437500014784455,0.343750004754907,0.3437500014784455,0.3437500043375957,CNOT
0.7812500064441202,0.34375000362522024,0.7812500064441202,0.3437500043790126,CNOT2
0.562500001972077,0.43435921991530446,0.562500001972077,0.43435922530075305,Hadamard2
0.125,0.6141398729776615,0.125,0.3529398610515828,CNOT3
0.43435922189595016,0.125,0.43435922189595016,0.43435922310607267,Control Z
0.5625000038255783,0.43435921795216215,0.5625000038255783,0.4343592221329366,Hadamard
0.5625000049679953,0.125,0.5625000049679953,0.3437500051861376,CNOT
0.5625000036449925,0.4343592199218569,0.5625000036449925,0.41081065907087333,CNOT2
0.5625000049058355,0.534026604602452,0.5625000049058355,0.2802529987801169,Hadamard2
0.562500001972077,0.125,0.562500001972077,0.24338664904437463,CNOT3
0.125,0.43435921789190535,0.125,0.4343592225485965,Control Z
0.562500001972077,0.43435921991530446,0.562500001972077,0.4343592203514792,Hadamard
0.3437500014784455,0.3437500009642601,0.3437500014784455,0.5291973044280602,CNOT
0.34375000081490736,0.6141398759024224,0.34375000081490736,0.3437500074911908,CNOT2
0.5625000065971786,0.2842606348488085,0.5625000065971786,0.532482893271155,Hadamard2
0.125,0.34375000225194174,0.125,0.1890703941097261,CNOT3
0.5291973062029024,0.2924240048292107,0.5291973062029024,0.43435922592000475,Control Z
0.562500001972077,0.43435921991530446,0.562500001972077,0.43435922190452664,Hadamard
0.7812500097578126,0.34375000094894026,0.7812500097578126,0.34375000607420925,CNOT
0.7812500021535564,0.3437500020427237,0.7812500021535564,0.24338665382770325,CNOT2
0.562500001972077,0.43435921991530446,0.562500001972077,0.4343592231164633,Hadamard2
0.562500001972077,0.3437500009860385,0.562500001972077,0.6099255698628228,CNOT3
0.125,0.43435921789190535,0.125,0.4343592225485965,Control Z
0.6857110037967946,0.52148255871529,0.6857110037967946,0.4343592233530214,Hadamard
0.5625000016298147,0.43435922194072,0.5625000016298147,0.3300516936368153,CNOT
0.5625000000000002,0.4343592208121886,0.5625000000000002,0.434359224536571,CNOT2
0.562500001972077,0.43435921991530446,0.562500001972077,0.434359224301259,Hadamard2
0.125,0.43435921816358347,0.125,0.2433866503641497,CNOT3
0.125,0.43435921789190535,0.125,0.4343592225485965,Control Z
0.5625000038255783,0.43435921795216215,0.5625000038255783,0.43435922301856594,Hadamard
0.562500001972077,0.125,0.562500001972077,0.34375000964948355,CNOT
0.7812500021535564,0.3437500027986494,0.7812500021535564,0.5291973097173719,CNOT2
0.5625000055086702,0.22376159434602455,0.5625000055086702,0.5512069983766554,Hadamard2
0.125,0.3437500023389434,0.125,0.27967961235537653,CNOT3
0.125,0.43435922113813213,0.125,0.4343592255157597,Control Z
0.5625000021449569,0.43435922113813213,0.5625000021449569,0.4343592257132123,Hadamard
0.7812500064441202,0.3437500036555323,0.7812500064441202,0.41081065920939924,CNOT
0.5625000016298147,0.4343592221623751,0.5625000016298147,0.5625000130737171,CNOT2
0.562500005025605,0.1391930252396899,0.562500005025605,0.562269731960006,Hadamard2
0.562500001972077,0.3437500009860385,0.562500001972077,0.6380142362402903,CNOT3
0.125,0.43435921789190535,0.125,0.4343592225485965,Control Z
0.562500001972077,0.43435921991530446,0.562500001972077,0.43435922073994754,Hadamard
0.5625000000000002,0.43435922183081727,0.5625000000000002,0.5291973082263941,CNOT
0.562500001972077,0.125,0.562500001972077,0.2924240065962078,CNOT2
0.5625000021449569,0.43435922113813213,0.5625000021449569,0.434359221740716,Hadamard2
0.125,0.5625000013516426,0.125,0.24338665039667345,CNOT3
0.43435922189595016,0.125,0.43435922189595016,0.43435922310607267,Control Z
0.5625000038255783,0.43435921795216215,0.5625000038255783,0.4343592254610587,Hadamard
0.562500001972077,0.125,0.562500001972077,0.7437184557525457,CNOT
0.5625000036449925,0.5625000044586509,0.5625000036449925,0.434359227813306,CNOT2
0.562500001972077,0.43435921991530446,0.562500001972077,0.4343592203460856,Hadamard2
0.125,0.3437500009860385,0.125,0.39291294553631373,CNOT3
0.43435922189595016,0.125,0.43435922189595016,0.43435922310607267,Control Z
0.5625000021449569,0.43435922113813213,0.5625000021449569,0.43435922471980604,Hadamard
0.562500005817153,0.4343592222002978,0.562500005817153,0.24338665158529255,CNOT
0.3437500014784455,0.34375000393333316,0.3437500014784455,0.292424007949654,CNOT2
0.562500001972077,0.43435921991530446,0.562500001972077,0.43435922246269987,Hadamard2
0.562500001972077,0.3437500023389434,0.562500001972077,0.18907039298094364,CNOT3
0.5291973062029024,0.2924240048292107,0.5291973062029024,0.43435922592000475,Control Z
0.5625000021449569,0.43435922113813213,0.5625000021449569,0.43435922265367227,Hadamard
0.562500004215652,0.4343592179215675,0.562500004215652,0.5038861213478846,CNOT
0.5625000033697841,0.125,0.5625000033697841,0.41081065456442284,CNOT2
0.562500001972077,0.43435921991530446,0.562500001972077,0.43435922376386044,Hadamard2
0.562500001972077,0.43435922007688,0.562500001972077,0.2924240048685476,CNOT3
0.125,0.43435922113813213,0.125,0.4343592255157597,Control Z
0.562500001972077,0.43435921991530446,0.562500001972077,0.4343592241699689,Hadamard
0.7812500105458657,0.34375000094770736,0.7812500105458657,0.3437500022388045,CNOT
0.7812500000000004,0.3437500031140931,0.7812500000000004,0.24338664924367284,CNOT2
0.562500001972077,0.43435921991530446,0.562500001972077,0.43435922359467627,Hadamard2
0.562500001972077,0.125,0.562500001972077,0.3437500040609246,CNOT3
0.5291973062029024,0.2924240048292107,0.5291973062029024,0.43435922592000475,Control Z
0.562500001972077,0.43435921991530446,0.562500001972077,0.43435922279417916,Hadamard
0.5625000000000002,0.43435921676911465,0.5625000000000002,0.24338665217323066,CNOT
0.7812500044746018,0.34375000081490736,0.7812500044746018,0.29242400800195817,CNOT2
0.562500001972077,0.43435921991530446,0.562500001972077,0.4343592237603126,Hadamard2
0.125,0.7437184363271669,0.125,0.6200385724099402,CNOT3
0.43435922189595016,0.125,0.43435922189595016,0.43435922310607267,Control Z
0.562500001972077,0.43435921991530446,0.562500001972077,0.5265298130676626,Hadamard
0.562500001972077,0.43435921958399276,0.562500001972077,0.36177329932486435,CNOT
0.5625000036449925,0.125,0.5625000036449925,0.5625000087951055,CNOT2
0.562500001972077,0.43435921991530446,0.562500001972077,0.43435922277196626,Hadamard2
0.562500001972077,0.3437500023389434,0.562500001972077,0.5577831339466206,CNOT3
0.125,0.43435922113813213,0.125,0.4343592255157597,Control Z
0.562500001972077,0.43435922113813213,0.562500001972077,0.4882161660177691,Hadamard
0.3437500019904195,0.3437500022246922,0.3437500019904195,0.5291973062910834,CNOT
0.5625000000000002,0.5625000022015558,0.5625000000000002,0.33005169388220124,CNOT2
0.562500001972077,0.43435921991530446,0.562500001972077,0.43435922264147764,Hadamard2
0.125,0.43435921816358347,0.125,0.24338664931876855,CNOT3
0.125,0.43435922113813213,0.125,0.4343592255157597,Control Z
0.5625000021449569,0.43435922113813213,0.5625000021449569,0.43435922277664135,Hadamard
0.562500001972077,0.43435921991530446,0.562500001972077,0.6200385773887807,CNOT
0.7812500052616023,0.3437500036568773,0.7812500052616023,0.34375000515506604,CNOT2
0.4712449619590007,0.1807281157909655,0.4712449619590007,0.4343592244894881,Hadamard2
0.125,0.3437500009860385,0.125,0.39291294728101633,CNOT3
0.43435922189595016,0.125,0.43435922189595016,0.43435922310607267,Control Z
