0.6955389140677192,0.125,0.6955389140677192,0.125,Hadamard
0.125,0.125,0.125,0.5625000046098119,CNOT
0.125,0.125,0.125,0.5625000046098119,CNOT2
0.7437184335382298,0.125,0.7437184335382298,0.125,Hadamard2
0.4343592212526643,0.5625000046098119,0.4343592212526643,0.34375000230490593,CNOT3
0.7437184400574876,0.125,0.7437184400574876,0.125,Control Z
0.7437184372587435,0.125,0.7437184372587435,0.125,Hadamard
0.43435921676911465,0.43435921676911465,0.43435921676911465,0.43435921946302203,CNOT
0.43435922111895053,0.43435921676911465,0.43435922111895053,0.43435921676911465,CNOT2
0.7437184400574876,0.125,0.7437184400574876,0.125,Hadamard2
0.4343592212526643,0.4343592200287438,0.4343592212526643,0.5291972993238949,CNOT3
0.7437184400574876,0.125,0.7437184400574876,0.125,Control Z
0.7437184400574876,0.125,0.7437184400574876,0.125,Hadamard
0.125,0.125,0.125,0.5625000046098119,CNOT
0.125,0.125,0.125,0.6966213038050627,CNOT2
0.604772070123646,0.125,0.604772070123646,0.125,Hadamard2
0.7437184335382293,0.3437500032128441,0.7437184335382293,0.24338664890308764,CNOT3
0.7437184400574876,0.125,0.7437184400574876,0.125,Control Z
0.6996158818026684,0.125,0.6996158818026684,0.125,Hadamard
0.4343592167691147,0.4343592167691147,0.4343592167691147,0.4343592167691147,CNOT
0.7437184335382295,0.5625000000000002,0.7437184335382295,0.125,CNOT2
0.3664277856203332,0.125,0.3664277856203332,0.125,Hadamard2
0.125,0.34375000230490593,0.125,0.330051688696008,CNOT3
0.7437184400574876,0.125,0.7437184400574876,0.125,Control Z
0.5980548940671238,0.125,0.5980548940671238,0.125,Hadamard
0.4343592212526643,0.4343592200287438,0.4343592212526643,0.43435921862937193,CNOT
0.7437184335382295,0.5625000000000002,0.7437184335382295,0.125,CNOT2
0.14885394887505038,0.125,0.14885394887505038,0.125,Hadamard2
0.4343592200287438,0.34375000230490593,0.4343592200287438,0.33005169040324134,CNOT3
0.7437184400574876,0.125,0.7437184400574876,0.125,Control Z
0.4249929191984537,0.125,0.4249929191984537,0.125,Hadamard
0.125,0.125,0.125,0.6966213032850118,CNOT
0.125,0.125,0.125,0.696621304009216,CNOT2
0.4917424219994857,0.125,0.4917424219994857,0.125,Hadamard2
0.4343592212526643,0.34375000230490593,0.4343592212526643,0.33005168981157035,CNOT3
0.7437184400574876,0.125,0.7437184400574876,0.125,Control Z
0.7437184402975934,0.125,0.7437184402975934,0.125,Hadamard
0.125,0.125,0.125,0.6966213038050627,CNOT
0.7437184400574876,0.125,0.7437184400574876,0.125,CNOT2
0.7329723936312751,0.125,0.7329723936312751,0.125,Hadamard2
0.7437184400574876,0.125,0.7437184400574876,0.29242400365583376,CNOT3
0.7437184400574876,0.125,0.7437184400574876,0.125,Control Z
0.7437184400574876,0.125,0.7437184400574876,0.125,Hadamard
0.43435921676911476,0.43435921676911476,0.43435921676911476,0.4343592213127624,CNOT
0.4343592167691147,0.4343592167691147,0.4343592167691147,0.43435921676911476,CNOT2
0.7437184402975934,0.125,0.7437184402975934,0.125,Hadamard2
0.7437184335382293,0.3437500032128441,0.7437184335382293,0.24338664890308764,CNOT3
0.7437184400574876,0.125,0.7437184400574876,0.125,Control Z
0.7437184402975934,0.125,0.7437184402975934,0.125,Hadamard
0.125,0.125,0.125,0.6966213032850118,CNOT
0.4343592200287438,0.4343592200287438,0.4343592200287438,0.4343592200287438,CNOT2
0.5976328400679962,0.125,0.5976328400679962,0.125,Hadamard2
0.43435922111895053,0.3437500000000001,0.43435922111895053,0.6200385700495641,CNOT3
0.7437184400574876,0.125,0.7437184400574876,0.125,Control Z
0.7437184372587435,0.125,0.7437184372587435,0.125,Hadamard
0.4343592200287438,0.4343592200287438,0.4343592200287438,0.4343592200287438,CNOT
0.43435922111895053,0.43435921676911476,0.43435922111895053,0.43435921813423584,CNOT2
0.1785031558714973,0.125,0.1785031558714973,0.125,Hadamard2
0.125,0.3437500000000001,0.125,0.6200385726873376,CNOT3
0.7437184367978587,0.125,0.7437184367978587,0.125,Control Z
0.7232097111649831,0.125,0.7232097111649831,0.125,Hadamard
0.4343592167691147,0.4343592167691147,0.4343592167691147,0.43435921676911476,CNOT
0.4343592167691147,0.4343592167691147,0.4343592167691147,0.4343592167691147,CNOT2
0.7437184402975934,0.125,0.7437184402975934,0.125,Hadamard2
0.125,0.34375000379612386,0.125,0.5461779409867585,CNOT3
0.7437184400574876,0.125,0.7437184400574876,0.125,Control Z
0.7437184372587435,0.125,0.7437184372587435,0.125,Hadamard
0.4343592167691147,0.4343592167691147,0.4343592167691147,0.4343592167691147,CNOT
0.7437184400574876,0.125,0.7437184400574876,0.125,CNOT2
0.7437184335382298,0.125,0.7437184335382298,0.125,Hadamard2
0.43435922111895053,0.125,0.43435922111895053,0.6531092258764686,CNOT3
0.7437184400574876,0.125,0.7437184400574876,0.125,Control Z
0.20861778468992787,0.125,0.20861778468992787,0.125,Hadamard
0.4343592212526643,0.4343592200287438,0.4343592212526643,0.43435921862937193,CNOT
0.43435922111895053,0.43435921676911476,0.43435922111895053,0.43435921813423584,CNOT2
0.7437184372587435,0.125,0.7437184372587435,0.125,Hadamard2
0.4343592212526643,0.34375000230490593,0.4343592212526643,0.41081065301944375,CNOT3
0.7437184367978587,0.125,0.7437184367978587,0.125,Control Z
0.7437184402975934,0.125,0.7437184402975934,0.125,Hadamard
0.43435922111895053,0.43435921676911476,0.43435922111895053,0.43435921813423584,CNOT
0.4343592167691147,0.4343592167691147,0.4343592167691147,0.4343592167691147,CNOT2
0.17083196473681125,0.125,0.17083196473681125,0.125,Hadamard2
0.4343592212526643,0.125,0.4343592212526643,0.5038861181479057,CNOT3
0.7437184400574876,0.125,0.7437184400574876,0.125,Control Z
0.734221723071792,0.125,0.734221723071792,0.125,Hadamard
0.4343592167691147,0.4343592167691147,0.4343592167691147,0.43435921676911476,CNOT
0.43435921676911476,0.43435921676911476,0.43435921676911476,0.4343592213127622,CNOT2
0.7437184402975934,0.125,0.7437184402975934,0.125,Hadamard2
0.4343592212526643,0.4343592200287438,0.4343592212526643,0.43435921862937193,CNOT3
0.7437184400574876,0.125,0.7437184400574876,0.125,Control Z
0.18757341858634557,0.125,0.18757341858634557,0.125,Hadamard
0.125,0.125,0.125,0.5625000046098119,CNOT
0.125,0.125,0.125,0.6966213038050627,CNOT2
0.4790711698887249,0.125,0.4790711698887249,0.125,Hadamard2
0.4343592212526643,0.34375000230490593,0.4343592212526643,0.5461779380989591,CNOT3
0.7437184400574876,0.125,0.7437184400574876,0.125,Control Z
0.5319303275228977,0.125,0.5319303275228977,0.125,Hadamard
0.4343592212526643,0.4343592200287438,0.4343592212526643,0.43435921862937193,CNOT
0.4343592212526643,0.4343592200287438,0.4343592212526643,0.43435921862937193,CNOT2
0.7437184400574876,0.125,0.7437184400574876,0.125,Hadamard2
0.7437184400574876,0.34375000230490593,0.7437184400574876,0.24338664690698072,CNOT3
0.7437184400574876,0.125,0.7437184400574876,0.125,Control Z
0.7437184372587435,0.125,0.7437184372587435,0.125,Hadamard
0.7437184335382295,0.5625000000000002,0.7437184335382295,0.125,CNOT
0.4343592167691147,0.4343592167691147,0.4343592167691147,0.4343592167691147,CNOT2
0.7437184402975934,0.125,0.7437184402975934,0.125,Hadamard2
0.4343592212526643,0.34375000230490593,0.4343592212526643,0.24338664831844198,CNOT3
0.7437184367978587,0.125,0.7437184367978587,0.125,Control Z
0.7437184400574876,0.125,0.7437184400574876,0.125,Hadamard
0.43435921676911476,0.43435921676911476,0.43435921676911476,0.4343592213127624,CNOT
0.43435922111895053,0.43435921676911476,0.43435922111895053,0.43435921813423584,CNOT2
0.13621998656901632,0.125,0.13621998656901632,0.125,Hadamard2
0.4343592212526643,0.125,0.4343592212526643,0.21560921776716807,CNOT3
0.7437184400574876,0.125,0.7437184400574876,0.125,Control Z
0.4947815419236503,0.125,0.4947815419236503,0.125,Hadamard
0.4343592167691147,0.4343592167691147,0.4343592167691147,0.4343592167691147,CNOT
0.7437184335382295,0.5625000000000002,0.7437184335382295,0.125,CNOT2
0.7437184372587435,0.125,0.7437184372587435,0.125,Hadamard2
0.125,0.3437500032128441,0.125,0.6200385694093196,CNOT3
0.7437184400574876,0.125,0.7437184400574876,0.125,Control Z
0.7437184400574876,0.125,0.7437184400574876,0.125,Hadamard
0.43435921676911476,0.43435921676911476,0.43435921676911476,0.4343592213127622,CNOT
0.7437184400574876,0.5625000046098119,0.7437184400574876,0.125,CNOT2
0.7437184402975934,0.125,0.7437184402975934,0.125,Hadamard2
0.7437184335382293,0.125,0.7437184335382293,0.529197300690676,CNOT3
0.7437184400574876,0.125,0.7437184400574876,0.125,Control Z
0.7437184400574876,0.125,0.7437184400574876,0.125,Hadamard
0.7437184335382295,0.5625000000000002,0.7437184335382295,0.125,CNOT
0.7437184400574876,0.5625000046098119,0.7437184400574876,0.125,CNOT2
0.7437184402975934,0.125,0.7437184402975934,0.125,Hadamard2
0.4343592212526643,0.34375000230490593,0.4343592212526643,0.4108106485667073,CNOT3
0.7437184367978587,0.125,0.7437184367978587,0.125,Control Z
0.7437184400574876,0.125,0.7437184400574876,0.125,Hadamard
0.43435922111895053,0.43435921676911465,0.43435922111895053,0.43435921676911465,CNOT
0.125,0.125,0.125,0.5625000046098119,CNOT2
0.14161382393413124,0.125,0.14161382393413124,0.125,Hadamard2
0.4343592200287438,0.34375000230490593,0.4343592200287438,0.33005169040324134,CNOT3
0.7437184400574876,0.125,0.7437184400574876,0.125,Control Z
0.7437184402975934,0.125,0.7437184402975934,0.125,Hadamard
0.4343592200287438,0.4343592200287438,0.4343592200287438,0.4343592200287438,CNOT
0.43435922111895053,0.43435921676911465,0.43435922111895053,0.43435921676911465,CNOT2
0.7437184400574876,0.125,0.7437184400574876,0.125,Hadamard2
0.43435921676911465,0.43435921676911465,0.43435921676911465,0.29242400454659656,CNOT3
0.7437184400574876,0.125,0.7437184400574876,0.125,Control Z
0.7437184402975934,0.125,0.7437184402975934,0.125,Hadamard
0.125,0.125,0.125,0.696621304009216,CNOT
0.4343592200287438,0.4343592200287438,0.4343592200287438,0.43435921949162254,CNOT2
0.6640632778626196,0.125,0.6640632778626196,0.125,Hadamard2
0.7437184335382293,0.125,0.7437184335382293,0.529197300690676,CNOT3
0.7437184400574876,0.125,0.7437184400574876,0.125,Control Z
0.7437184400574876,0.125,0.7437184400574876,0.125,Hadamard
0.4343592200287438,0.4343592200287438,0.4343592200287438,0.4343592200287438,CNOT
0.4343592167691147,0.4343592167691147,0.4343592167691147,0.43435921676911476,CNOT2
0.7437184400574876,0.125,0.7437184400574876,0.125,Hadamard2
0.125,0.3437500000000001,0.125,0.5461779363980742,CNOT3
0.7437184400574876,0.125,0.7437184400574876,0.125,Control Z
0.7437184402975934,0.125,0.7437184402975934,0.125,Hadamard
0.43435921676911465,0.43435921676911465,0.43435921676911465,0.43435921946302203,CNOT
0.4343592212526643,0.4343592200287438,0.4343592212526643,0.43435921862937193,CNOT2
0.7437184402975934,0.125,0.7437184402975934,0.125,Hadamard2
0.43435922111895053,0.125,0.43435922111895053,0.5038861223557342,CNOT3
0.7437184367978587,0.125,0.7437184367978587,0.125,Control Z
0.4852692548632027,0.125,0.4852692548632027,0.125,Hadamard
0.4343592167691147,0.4343592167691147,0.4343592167691147,0.43435921676911476,CNOT
0.7437184400574876,0.5625000046098119,0.7437184400574876,0.125,CNOT2
0.7437184402975934,0.125,0.7437184402975934,0.125,Hadamard2
0.125,0.34375000230490593,0.125,0.330051688696008,CNOT3
0.7437184400574876,0.125,0.7437184400574876,0.125,Control Z
0.7437184372587435,0.125,0.7437184372587435,0.125,Hadamard
0.4343592212526643,0.4343592200287438,0.4343592212526643,0.43435921862937193,CNOT
0.43435922111895053,0.43435921676911465,0.43435922111895053,0.43435921676911465,CNOT2
0.7437184402975934,0.125,0.7437184402975934,0.125,Hadamard2
0.7437184400574876,0.34375000230490593,0.7437184400574876,0.24338664690698072,CNOT3
0.7437184367978587,0.125,0.7437184367978587,0.125,Control Z
0.5647545013059532,0.125,0.5647545013059532,0.125,Hadamard
0.43435921676911476,0.43435921676911476,0.43435921676911476,0.4343592213127622,CNOT
0.7437184335382295,0.5625000000000002,0.7437184335382295,0.125,CNOT2
0.72187582256578,0.125,0.72187582256578,0.125,Hadamard2
0.125,0.125,0.125,0.5291972991481024,CNOT3
0.7437184400574876,0.125,0.7437184400574876,0.125,Control Z
0.7437184400574876,0.125,0.7437184400574876,0.125,Hadamard
0.43435922111895053,0.43435921676911476,0.43435922111895053,0.43435921676911476,CNOT
0.43435921676911476,0.43435921676911476,0.43435921676911476,0.4343592213127624,CNOT2
0.7344463304439016,0.125,0.7344463304439016,0.125,Hadamard2
0.125,0.4343592200287438,0.125,0.34375000317034843,CNOT3
0.7437184400574876,0.125,0.7437184400574876,0.125,Control Z
0.16828447401321747,0.125,0.16828447401321747,0.125,Hadamard
0.7437184335382295,0.5625000000000002,0.7437184335382295,0.125,CNOT
0.7437184335382293,0.5625000000000002,0.7437184335382293,0.125,CNOT2
0.7437184372587435,0.125,0.7437184372587435,0.125,Hadamard2
0.4343592200287438,0.4343592200287438,0.4343592200287438,0.2924240028888371,CNOT3
0.7437184400574876,0.125,0.7437184400574876,0.125,Control Z
0.12870905583867098,0.125,0.12870905583867098,0.125,Hadamard
0.7437184335382295,0.5625000000000002,0.7437184335382295,0.125,CNOT
0.125,0.125,0.125,0.5625000046098119,CNOT2
0.7437184402975934,0.125,0.7437184402975934,0.125,Hadamard2
0.43435922111895053,0.5625000000000002,0.43435922111895053,0.3437500032128441,CNOT3
0.7437184400574876,0.125,0.7437184400574876,0.125,Control Z
0.6989078703039064,0.125,0.6989078703039064,0.125,Hadamard
0.43435921676911476,0.43435921676911476,0.43435921676911476,0.4343592213127622,CNOT
0.4343592167691147,0.4343592167691147,0.4343592167691147,0.43435921676911476,CNOT2
0.22553883436158306,0.125,0.22553883436158306,0.125,Hadamard2
0.4343592200287438,0.34375000131540057,0.4343592200287438,0.24338664690698036,CNOT3
0.7437184400574876,0.125,0.7437184400574876,0.125,Control Z
0.21936822247498933,0.125,0.21936822247498933,0.125,Hadamard
0.4343592167691147,0.4343592167691147,0.4343592167691147,0.43435921676911476,CNOT
0.4343592212526643,0.4343592200287438,0.4343592212526643,0.4343592200287438,CNOT2
0.7437184400574876,0.125,0.7437184400574876,0.125,Hadamard2
0.7437184335382293,0.3437500000000001,0.7437184335382293,0.243386649450439,CNOT3
0.7437184400574876,0.125,0.7437184400574876,0.125,Control Z
0.7437184400574876,0.125,0.7437184400574876,0.125,Hadamard
0.7437184335382293,0.5625000000000002,0.7437184335382293,0.125,CNOT
0.7437184400574876,0.125,0.7437184400574876,0.125,CNOT2
0.1572605318924354,0.125,0.1572605318924354,0.125,Hadamard2
0.4343592212526643,0.34375000230490593,0.4343592212526643,0.33005168981157035,CNOT3
0.7437184400574876,0.125,0.7437184400574876,0.125,Control Z
0.7437184402975934,0.125,0.7437184402975934,0.125,Hadamard
0.4343592212526643,0.4343592200287438,0.4343592212526643,0.43435921862937193,CNOT
0.125,0.125,0.125,0.5625000046098119,CNOT2
0.7437184400574876,0.125,0.7437184400574876,0.125,Hadamard2
0.125,0.34375000379612386,0.125,0.5461779409867585,CNOT3
0.7437184400574876,0.125,0.7437184400574876,0.125,Control Z
0.7437184400574876,0.125,0.7437184400574876,0.125,Hadamard
0.43435922111895053,0.43435921676911476,0.43435922111895053,0.43435921676911476,CNOT
0.43435921676911465,0.43435921676911465,0.43435921676911465,0.43435921946302203,CNOT2
0.5692396624086179,0.125,0.5692396624086179,0.125,Hadamard2
0.7437184335382293,0.3437500000000001,0.7437184335382293,0.41081065126061433,CNOT3
0.7437184400574876,0.125,0.7437184400574876,0.125,Control Z
0.33460455443804243,0.125,0.33460455443804243,0.125,Hadamard
0.43435921676911476,0.43435921676911476,0.43435921676911476,0.4343592213127624,CNOT
0.43435922111895053,0.43435921676911465,0.43435922111895053,0.43435921676911465,CNOT2
0.7437184400574876,0.125,0.7437184400574876,0.125,Hadamard2
0.4343592212526643,0.34375000230490593,0.4343592212526643,0.456237868431435,CNOT3
0.7437184400574876,0.125,0.7437184400574876,0.125,Control Z
0.5717682790176444,0.125,0.5717682790176444,0.125,Hadamard
0.43435922111895053,0.43435921676911476,0.43435922111895053,0.43435921676911476,CNOT
0.7437184400574876,0.125,0.7437184400574876,0.125,CNOT2
0.20901226239781834,0.125,0.20901226239781834,0.125,Hadamard2
0.125,0.125,0.125,0.5625000046098119,CNOT3
0.7437184400574876,0.125,0.7437184400574876,0.125,Control Z
0.7437184400574876,0.125,0.7437184400574876,0.125,Hadamard
0.7437184400574876,0.5625000046098119,0.7437184400574876,0.125,CNOT
0.43435922111895053,0.43435921676911476,0.43435922111895053,0.43435921813423584,CNOT2
0.6687033857258277,0.125,0.6687033857258277,0.125,Hadamard2
0.43435921676911476,0.43435921676911476,0.43435921676911476,0.4343592213127622,CNOT3
0.7437184400574876,0.125,0.7437184400574876,0.125,Control Z
0.7437184402975934,0.125,0.7437184402975934,0.125,Hadamard
0.4343592200287438,0.4343592200287438,0.4343592200287438,0.4343592200287438,CNOT
0.4343592200287438,0.4343592200287438,0.4343592200287438,0.4343592200287438,CNOT2
0.6392472399720263,0.125,0.6392472399720263,0.125,Hadamard2
0.7437184335382293,0.125,0.7437184335382293,0.529197300690676,CNOT3
0.7437184400574876,0.125,0.7437184400574876,0.125,Control Z
0.3530339230562526,0.125,0.3530339230562526,0.125,Hadamard
0.125,0.125,0.125,0.6966213038050627,CNOT
0.7437184400574876,0.5625000046098119,0.7437184400574876,0.125,CNOT2
0.7437184400574876,0.125,0.7437184400574876,0.125,Hadamard2
0.4343592200287438,0.34375000230490593,0.4343592200287438,0.41081064856670735,CNOT3
0.7437184400574876,0.125,0.7437184400574876,0.125,Control Z
0.7437184400574876,0.125,0.7437184400574876,0.125,Hadamard
0.4343592167691147,0.4343592167691147,0.4343592167691147,0.4343592167691147,CNOT
0.43435921676911476,0.43435921676911476,0.43435921676911476,0.4343592213127622,CNOT2
0.2326982931757487,0.125,0.2326982931757487,0.125,Hadamard2
0.4343592212526643,0.4343592200287438,0.4343592212526643,0.29242400340856334,CNOT3
0.7437184400574876,0.125,0.7437184400574876,0.125,Control Z
0.6996661736742965,0.125,0.6996661736742965,0.125,Hadamard
0.4343592167691147,0.4343592167691147,0.4343592167691147,0.43435921676911476,CNOT
0.4343592200287438,0.4343592200287438,0.4343592200287438,0.4343592200287438,CNOT2
0.702366382008217,0.125,0.702366382008217,0.125,Hadamard2
0.43435922111895053,0.3437500000000001,0.43435922111895053,0.4562378672386692,CNOT3
0.7437184400574876,0.125,0.7437184400574876,0.125,Control Z
0.7437184400574876,0.125,0.7437184400574876,0.125,Hadamard
0.7437184400574876,0.125,0.7437184400574876,0.125,CNOT
0.125,0.125,0.125,0.5625000046098119,CNOT2
0.7437184402975934,0.125,0.7437184402975934,0.125,Hadamard2
0.4343592212526643,0.4343592200287438,0.4343592212526643,0.5291972993238949,CNOT3
0.7437184400574876,0.125,0.7437184400574876,0.125,Control Z
0.7437184400574876,0.125,0.7437184400574876,0.125,Hadamard
0.125,0.125,0.125,0.696621304009216,CNOT
0.7437184400574876,0.125,0.7437184400574876,0.125,CNOT2
0.7437184372587435,0.125,0.7437184372587435,0.125,Hadamard2
0.7437184335382293,0.3437500000000001,0.7437184335382293,0.41081065126061433,CNOT3
0.7437184367978587,0.125,0.7437184367978587,0.125,Control Z
0.7437184402975934,0.125,0.7437184402975934,0.125,Hadamard
0.125,0.125,0.125,0.5625000046098119,CNOT
0.43435922111895053,0.43435921676911465,0.43435922111895053,0.43435921676911465,CNOT2
0.39501594620206454,0.125,0.39501594620206454,0.125,Hadamard2
0.43435922111895053,0.43435921676911465,0.43435922111895053,0.5291973005818693,CNOT3
0.7437184400574876,0.125,0.7437184400574876,0.125,Control Z
0.7437184400574876,0.125,0.7437184400574876,0.125,Hadamard
0.4343592167691147,0.4343592167691147,0.4343592167691147,0.43435921676911476,CNOT
0.4343592200287438,0.4343592200287438,0.4343592200287438,0.4343592200287438,CNOT2
0.15557645043591012,0.125,0.15557645043591012,0.125,Hadamard2
0.43435921676911476,0.125,0.43435921676911476,0.5038861197202267,CNOT3
0.7437184367978587,0.125,0.7437184367978587,0.125,Control Z
0.7437184402975934,0.125,0.7437184402975934,0.125,Hadamard
0.7437184335382295,0.5625000000000002,0.7437184335382295,0.125,CNOT
0.43435922111895053,0.43435921676911476,0.43435922111895053,0.43435921676911476,CNOT2
0.7437184400574876,0.125,0.7437184400574876,0.125,Hadamard2
0.43435921676911465,0.43435921676911465,0.43435921676911465,0.29242400454659656,CNOT3
0.7437184400574876,0.125,0.7437184400574876,0.125,Control Z
0.7437184335382298,0.125,0.7437184335382298,0.125,Hadamard
0.7437184400574876,0.125,0.7437184400574876,0.125,CNOT
0.125,0.125,0.125,0.696621304009216,CNOT2
0.7437184372587435,0.125,0.7437184372587435,0.125,Hadamard2
0.4343592212526643,0.34375000230490593,0.4343592212526643,0.4108106511649107,CNOT3
0.7437184400574876,0.125,0.7437184400574876,0.125,Control Z
0.7437184372587435,0.125,0.7437184372587435,0.125,Hadamard
0.7437184335382295,0.5625000000000002,0.7437184335382295,0.125,CNOT
0.7437184335382295,0.5625000000000002,0.7437184335382295,0.125,CNOT2
0.7437184402975934,0.125,0.7437184402975934,0.125,Hadamard2
0.125,0.125,0.125,0.5625000046098119,CNOT3
0.7437184400574876,0.125,0.7437184400574876,0.125,Control Z
0.17242828078164735,0.125,0.17242828078164735,0.125,Hadamard
0.43435922111895053,0.43435921676911465,0.43435922111895053,0.43435921676911465,CNOT
0.43435922111895053,0.43435921676911465,0.43435922111895053,0.43435921676911465,CNOT2
0.7437184402975934,0.125,0.7437184402975934,0.125,Hadamard2
0.125,0.3437500000000001,0.125,0.6200385726873376,CNOT3
0.7437184400574876,0.125,0.7437184400574876,0.125,Control Z
0.7437184402975934,0.125,0.7437184402975934,0.125,Hadamard
0.43435921676911476,0.43435921676911476,0.43435921676911476,0.4343592213127622,CNOT
0.4343592212526643,0.4343592200287438,0.4343592212526643,0.43435921862937193,CNOT2
0.6613621526185158,0.125,0.6613621526185158,0.125,Hadamard2
0.7437184335382293,0.3437500000000001,0.7437184335382293,0.243386649450439,CNOT3
0.7437184400574876,0.125,0.7437184400574876,0.125,Control Z
0.7437184400574876,0.125,0.7437184400574876,0.125,Hadamard
0.43435921676911476,0.43435921676911476,0.43435921676911476,0.4343592213127624,CNOT
0.4343592167691147,0.4343592167691147,0.4343592167691147,0.4343592167691147,CNOT2
0.7305408895038781,0.125,0.7305408895038781,0.125,Hadamard2
0.125,0.34375000230490593,0.125,0.330051688696008,CNOT3
0.7437184400574876,0.125,0.7437184400574876,0.125,Control Z
0.2795635719685564,0.125,0.2795635719685564,0.125,Hadamard
0.7437184335382295,0.5625000000000002,0.7437184335382295,0.125,CNOT
0.7437184400574876,0.125,0.7437184400574876,0.125,CNOT2
0.7437184400574876,0.125,0.7437184400574876,0.125,Hadamard2
0.4343592212526643,0.5625000046098119,0.4343592212526643,0.34375000230490593,CNOT3
0.7437184367978587,0.125,0.7437184367978587,0.125,Control Z
0.13775922678720692,0.125,0.13775922678720692,0.125,Hadamard
0.125,0.125,0.125,0.3617732966368823,CNOT
0.4343592200287438,0.4343592200287438,0.4343592200287438,0.4343592200287438,CNOT2
0.7437184402975934,0.125,0.7437184402975934,0.125,Hadamard2
0.4343592212526643,0.4343592200287438,0.4343592212526643,0.29242400340856334,CNOT3
0.7437184400574876,0.125,0.7437184400574876,0.125,Control Z
0.13368540906625073,0.125,0.13368540906625073,0.125,Hadamard
0.125,0.125,0.125,0.3617732966368823,CNOT
0.7437184335382293,0.5625000000000002,0.7437184335382293,0.125,CNOT2
0.21433290660232385,0.125,0.21433290660232385,0.125,Hadamard2
0.43435922111895053,0.43435921676911465,0.43435922111895053,0.5291972954736879,CNOT3
0.7437184400574876,0.125,0.7437184400574876,0.125,Control Z
0.7437184402975934,0.125,0.7437184402975934,0.125,Hadamard
0.4343592200287438,0.4343592200287438,0.4343592200287438,0.43435921949162254,CNOT
0.4343592200287438,0.4343592200287438,0.4343592200287438,0.43435921949162254,CNOT2
0.7437184402975934,0.125,0.7437184402975934,0.125,Hadamard2
0.4343592212526643,0.34375000230490593,0.4343592212526643,0.2433866483184408,CNOT3
0.7437184400574876,0.125,0.7437184400574876,0.125,Control Z
0.7437184372587435,0.125,0.7437184372587435,0.125,Hadamard
0.125,0.125,0.125,0.5625000046098119,CNOT
0.43435921676911476,0.43435921676911476,0.43435921676911476,0.4343592213127622,CNOT2
0.7437184402975934,0.125,0.7437184402975934,0.125,Hadamard2
0.125,0.125,0.125,0.5625000046098119,CNOT3
0.7437184367978587,0.125,0.7437184367978587,0.125,Control Z
0.7437184402975934,0.125,0.7437184402975934,0.125,Hadamard
0.4343592212526643,0.4343592200287438,0.4343592212526643,0.4343592200287438,CNOT
0.7437184400574876,0.5625000046098119,0.7437184400574876,0.125,CNOT2
0.7437184402975934,0.125,0.7437184402975934,0.125,Hadamard2
0.125,0.4343592200287438,0.125,0.34375000317034843,CNOT3
0.7437184367978587,0.125,0.7437184367978587,0.125,Control Z
0.15545717923294886,0.125,0.15545717923294886,0.125,Hadamard
0.7437184400574876,0.5625000046098119,0.7437184400574876,0.125,CNOT
0.43435922111895053,0.43435921676911476,0.43435922111895053,0.43435921676911476,CNOT2
0.7437184372587435,0.125,0.7437184372587435,0.125,Hadamard2
0.43435921676911476,0.43435921676911476,0.43435921676911476,0.4343592213127622,CNOT3
0.7437184400574876,0.125,0.7437184400574876,0.125,Control Z
0.7437184402975934,0.125,0.7437184402975934,0.125,Hadamard
0.4343592167691147,0.4343592167691147,0.4343592167691147,0.4343592167691147,CNOT
0.7437184335382295,0.5625000000000002,0.7437184335382295,0.125,CNOT2
0.6190312924632206,0.125,0.6190312924632206,0.125,Hadamard2
0.43435921676911476,0.43435921676911476,0.43435921676911476,0.4343592213127622,CNOT3
0.7437184400574876,0.125,0.7437184400574876,0.125,Control Z
0.19233619854841427,0.125,0.19233619854841427,0.125,Hadamard
0.43435922111895053,0.43435921676911465,0.43435922111895053,0.43435921676911465,CNOT
0.43435921676911465,0.43435921676911465,0.43435921676911465,0.43435921946302203,CNOT2
0.7428545086026519,0.125,0.7428545086026519,0.125,Hadamard2
0.43435921676911476,0.43435921676911476,0.43435921676911476,0.4343592213127622,CNOT3
0.7437184367978587,0.125,0.7437184367978587,0.125,Control Z
0.7437184402975934,0.125,0.7437184402975934,0.125,Hadamard
0.125,0.125,0.125,0.696621304009216,CNOT
0.43435922111895053,0.43435921676911465,0.43435922111895053,0.43435921676911465,CNOT2
0.7437184400574876,0.125,0.7437184400574876,0.125,Hadamard2
0.4343592212526643,0.34375000230490593,0.4343592212526643,0.4108106485667073,CNOT3
0.7437184367978587,0.125,0.7437184367978587,0.125,Control Z
0.7437184402975934,0.125,0.7437184402975934,0.125,Hadamard
0.125,0.125,0.125,0.6966213032850118,CNOT
0.7437184335382293,0.5625000000000002,0.7437184335382293,0.125,CNOT2
0.5899262184188168,0.125,0.5899262184188168,0.125,Hadamard2
0.7437184335382293,0.3437500000000001,0.7437184335382293,0.41081065126061433,CNOT3
0.7437184367978587,0.125,0.7437184367978587,0.125,Control Z
0.7437184400574876,0.125,0.7437184400574876,0.125,Hadamard
0.7437184400574876,0.125,0.7437184400574876,0.125,CNOT
0.43435921676911476,0.43435921676911476,0.43435921676911476,0.4343592213127622,CNOT2
0.7437184402975934,0.125,0.7437184402975934,0.125,Hadamard2
0.4343592200287438,0.34375000131540057,0.4343592200287438,0.24338664690698036,CNOT3
0.7437184400574876,0.125,0.7437184400574876,0.125,Control Z
0.7437184402975934,0.125,0.7437184402975934,0.125,Hadamard
0.43435921676911476,0.43435921676911476,0.43435921676911476,0.4343592213127624,CNOT
0.43435921676911476,0.43435921676911476,0.43435921676911476,0.4343592213127622,CNOT2
0.7437184402975934,0.125,0.7437184402975934,0.125,Hadamard2
0.125,0.125,0.125,0.5625000046098119,CNOT3
0.7437184400574876,0.125,0.7437184400574876,0.125,Control Z
0.7437184402975934,0.125,0.7437184402975934,0.125,Hadamard
0.43435922111895053,0.43435921676911465,0.43435922111895053,0.43435921676911465,CNOT
0.125,0.125,0.125,0.696621304009216,CNOT2
0.37405451749267105,0.125,0.37405451749267105,0.125,Hadamard2
0.4343592200287438,0.34375000131540057,0.4343592200287438,0.24338664690698036,CNOT3
0.7437184367978587,0.125,0.7437184367978587,0.125,Control Z
0.6644705820106196,0.125,0.6644705820106196,0.125,Hadamard
0.125,0.125,0.125,0.6966213038050627,CNOT
0.125,0.125,0.125,0.3617732966368823,CNOT2
0.7437184372587435,0.125,0.7437184372587435,0.125,Hadamard2
0.7437184335382293,0.3437500032128441,0.7437184335382293,0.24338664890308764,CNOT3
0.7437184367978587,0.125,0.7437184367978587,0.125,Control Z
0.1576813267993597,0.125,0.1576813267993597,0.125,Hadamard
0.43435922111895053,0.43435921676911476,0.43435922111895053,0.43435921676911476,CNOT
0.43435922111895053,0.43435921676911476,0.43435922111895053,0.43435921676911476,CNOT2
0.7437184400574876,0.125,0.7437184400574876,0.125,Hadamard2
0.125,0.3437500032128441,0.125,0.6200385694093196,CNOT3
0.7437184367978587,0.125,0.7437184367978587,0.125,Control Z
0.7437184400574876,0.125,0.7437184400574876,0.125,Hadamard
0.7437184335382295,0.5625000000000002,0.7437184335382295,0.125,CNOT
0.125,0.125,0.125,0.3617732966368823,CNOT2
0.7437184372587435,0.125,0.7437184372587435,0.125,Hadamard2
0.43435922111895053,0.125,0.43435922111895053,0.6531092258764686,CNOT3
0.7437184367978587,0.125,0.7437184367978587,0.125,Control Z
0.3785163571569833,0.125,0.3785163571569833,0.125,Hadamard
0.4343592167691147,0.4343592167691147,0.4343592167691147,0.43435921676911476,CNOT
0.43435921676911476,0.43435921676911476,0.43435921676911476,0.4343592213127622,CNOT2
0.2929634289198874,0.125,0.2929634289198874,0.125,Hadamard2
0.4343592212526643,0.4343592200287438,0.4343592212526643,0.43435921862937193,CNOT3
0.7437184400574876,0.125,0.7437184400574876,0.125,Control Z
0.6691882443186163,0.125,0.6691882443186163,0.125,Hadamard
0.4343592167691147,0.4343592167691147,0.4343592167691147,0.43435921676911476,CNOT
0.125,0.125,0.125,0.6966213038050627,CNOT2
0.4563231190917054,0.125,0.4563231190917054,0.125,Hadamard2
0.7437184400574876,0.125,0.7437184400574876,0.125,CNOT3
0.7437184400574876,0.125,0.7437184400574876,0.125,Control Z
0.7437184372587435,0.125,0.7437184372587435,0.125,Hadamard
0.4343592200287438,0.4343592200287438,0.4343592200287438,0.4343592200287438,CNOT
0.4343592212526643,0.4343592200287438,0.4343592212526643,0.4343592200287438,CNOT2
0.731115887994462,0.125,0.731115887994462,0.125,Hadamard2
0.7437184335382293,0.3437500000000001,0.7437184335382293,0.41081065126061433,CNOT3
0.7437184400574876,0.125,0.7437184400574876,0.125,Control Z
0.7437184400574876,0.125,0.7437184400574876,0.125,Hadamard
0.125,0.125,0.125,0.5625000046098119,CNOT
0.43435922111895053,0.43435921676911465,0.43435922111895053,0.43435921676911465,CNOT2
0.7124915799488382,0.125,0.7124915799488382,0.125,Hadamard2
0.125,0.3437500000000001,0.125,0.5461779363980742,CNOT3
0.7437184400574876,0.125,0.7437184400574876,0.125,Control Z
0.7437184402975934,0.125,0.7437184402975934,0.125,Hadamard
0.125,0.125,0.125,0.6966213038050627,CNOT
0.4343592167691147,0.4343592167691147,0.4343592167691147,0.4343592167691147,CNOT2
0.7437184402975934,0.125,0.7437184402975934,0.125,Hadamard2
0.7437184335382293,0.3437500032128441,0.7437184335382293,0.24338664890308764,CNOT3
0.7437184367978587,0.125,0.7437184367978587,0.125,Control Z
0.7437184402975934,0.125,0.7437184402975934,0.125,Hadamard
0.4343592167691147,0.4343592167691147,0.4343592167691147,0.43435921676911476,CNOT
0.125,0.125,0.125,0.5625000046098119,CNOT2
0.1251570717242767,0.125,0.1251570717242767,0.125,Hadamard2
0.125,0.34375000230490593,0.125,0.330051688696008,CNOT3
0.7437184367978587,0.125,0.7437184367978587,0.125,Control Z
0.1255803062075001,0.125,0.1255803062075001,0.125,Hadamard
0.4343592200287438,0.4343592200287438,0.4343592200287438,0.4343592200287438,CNOT
0.4343592212526643,0.4343592200287438,0.4343592212526643,0.4343592200287438,CNOT2
0.24792115292148048,0.125,0.24792115292148048,0.125,Hadamard2
0.43435921676911476,0.125,0.43435921676911476,0.5038861197202267,CNOT3
0.7437184400574876,0.125,0.7437184400574876,0.125,Control Z
0.4851073726058763,0.125,0.4851073726058763,0.125,Hadamard
0.4343592167691147,0.4343592167691147,0.4343592167691147,0.4343592167691147,CNOT
0.125,0.125,0.125,0.3617732966368823,CNOT2
0.7437184402975934,0.125,0.7437184402975934,0.125,Hadamard2
0.43435922111895053,0.3437500000000001,0.43435922111895053,0.6200385700495641,CNOT3
0.7437184400574876,0.125,0.7437184400574876,0.125,Control Z
0.26943389543640434,0.125,0.26943389543640434,0.125,Hadamard
0.125,0.125,0.125,0.5625000046098119,CNOT
0.7437184400574876,0.5625000046098119,0.7437184400574876,0.125,CNOT2
0.5593059497832071,0.125,0.5593059497832071,0.125,Hadamard2
0.125,0.3437500000000001,0.125,0.6200385726873376,CNOT3
0.7437184400574876,0.125,0.7437184400574876,0.125,Control Z
0.7437184400574876,0.125,0.7437184400574876,0.125,Hadamard
0.7437184335382295,0.5625000000000002,0.7437184335382295,0.125,CNOT
0.125,0.125,0.125,0.6966213038050627,CNOT2
0.12530773270641876,0.125,0.12530773270641876,0.125,Hadamard2
0.4343592200287438,0.125,0.4343592200287438,0.21560921752747125,CNOT3
0.7437184400574876,0.125,0.7437184400574876,0.125,Control Z
0.22471242715626272,0.125,0.22471242715626272,0.125,Hadamard
0.43435921676911476,0.43435921676911476,0.43435921676911476,0.4343592213127624,CNOT
0.4343592212526643,0.4343592200287438,0.4343592212526643,0.43435921862937193,CNOT2
0.3166984801156795,0.125,0.3166984801156795,0.125,Hadamard2
0.4343592212526643,0.4343592200287438,0.4343592212526643,0.5291972993238949,CNOT3
0.7437184400574876,0.125,0.7437184400574876,0.125,Control Z
0.26211780115380157,0.125,0.26211780115380157,0.125,Hadamard
0.125,0.125,0.125,0.696621304009216,CNOT
0.4343592167691147,0.4343592167691147,0.4343592167691147,0.43435921676911476,CNOT2
0.164109060815282,0.125,0.164109060815282,0.125,Hadamard2
0.43435922111895053,0.43435921676911476,0.43435922111895053,0.43435921676911476,CNOT3
0.7437184367978587,0.125,0.7437184367978587,0.125,Control Z
0.7437184402975934,0.125,0.7437184402975934,0.125,Hadamard
0.4343592200287438,0.4343592200287438,0.4343592200287438,0.4343592200287438,CNOT
0.4343592167691147,0.4343592167691147,0.4343592167691147,0.4343592167691147,CNOT2
0.20620112143206304,0.125,0.20620112143206304,0.125,Hadamard2
0.125,0.34375000230490593,0.125,0.45623786698407814,CNOT3
0.7437184400574876,0.125,0.7437184400574876,0.125,Control Z
0.7437184402975934,0.125,0.7437184402975934,0.125,Hadamard
0.4343592167691147,0.4343592167691147,0.4343592167691147,0.43435921676911476,CNOT
0.4343592167691147,0.4343592167691147,0.4343592167691147,0.4343592167691147,CNOT2
0.2875890766903587,0.125,0.2875890766903587,0.125,Hadamard2
0.43435922111895053,0.5625000023049059,0.43435922111895053,0.34375000115245297,CNOT3
0.7437184400574876,0.125,0.7437184400574876,0.125,Control Z
0.3089622509752154,0.125,0.3089622509752154,0.125,Hadamard
0.4343592212526643,0.4343592200287438,0.4343592212526643,0.43435921862937193,CNOT
0.4343592200287438,0.4343592200287438,0.4343592200287438,0.4343592200287438,CNOT2
0.719758936464998,0.125,0.719758936464998,0.125,Hadamard2
0.4343592212526643,0.125,0.4343592212526643,0.21560921776716807,CNOT3
0.7437184400574876,0.125,0.7437184400574876,0.125,Control Z
0.5760956552920744,0.125,0.5760956552920744,0.125,Hadamard
0.7437184400574876,0.125,0.7437184400574876,0.125,CNOT
0.7437184335382295,0.5625000000000002,0.7437184335382295,0.125,CNOT2
0.6063055365994312,0.125,0.6063055365994312,0.125,Hadamard2
0.4343592212526643,0.34375000230490593,0.4343592212526643,0.41081065301944375,CNOT3
0.7437184400574876,0.125,0.7437184400574876,0.125,Control Z
0.7437184400574876,0.125,0.7437184400574876,0.125,Hadamard
0.7437184400574876,0.5625000046098119,0.7437184400574876,0.125,CNOT
0.4343592200287438,0.4343592200287438,0.4343592200287438,0.4343592200287438,CNOT2
0.1367276178231588,0.125,0.1367276178231588,0.125,Hadamard2
0.7437184400574876,0.125,0.7437184400574876,0.29242400365583376,CNOT3
0.7437184367978587,0.125,0.7437184367978587,0.125,Control Z
0.7437184400574876,0.125,0.7437184400574876,0.125,Hadamard
0.43435921676911465,0.43435921676911465,0.43435921676911465,0.43435921946302203,CNOT
0.43435922111895053,0.43435921676911465,0.43435922111895053,0.43435921676911465,CNOT2
0.6385663123593383,0.125,0.6385663123593383,0.125,Hadamard2
0.7437184400574876,0.125,0.7437184400574876,0.125,CNOT3
0.7437184400574876,0.125,0.7437184400574876,0.125,Control Z
0.7437184400574876,0.125,0.7437184400574876,0.125,Hadamard
0.43435922111895053,0.43435921676911476,0.43435922111895053,0.43435921813423584,CNOT
0.125,0.125,0.125,0.5625000046098119,CNOT2
0.7437184400574876,0.125,0.7437184400574876,0.125,Hadamard2
0.43435922111895053,0.43435921676911476,0.43435922111895053,0.43435921676911476,CNOT3
0.7437184400574876,0.125,0.7437184400574876,0.125,Control Z
0.7437184400574876,0.125,0.7437184400574876,0.125,Hadamard
0.4343592212526643,0.4343592200287438,0.4343592212526643,0.43435921862937193,CNOT
0.125,0.125,0.125,0.5625000046098119,CNOT2
0.7437184372587435,0.125,0.7437184372587435,0.125,Hadamard2
0.43435922111895053,0.3437500000000001,0.43435922111895053,0.6200385700495641,CNOT3
0.7437184367978587,0.125,0.7437184367978587,0.125,Control Z
0.7437184400574876,0.125,0.7437184400574876,0.125,Hadamard
0.125,0.125,0.125,0.3617732966368823,CNOT
0.43435921676911476,0.43435921676911476,0.43435921676911476,0.4343592213127624,CNOT2
0.7437184402975934,0.125,0.7437184402975934,0.125,Hadamard2
0.43435922111895053,0.43435921676911465,0.43435922111895053,0.5291973005818693,CNOT3
0.7437184400574876,0.125,0.7437184400574876,0.125,Control Z
0.7437184402975934,0.125,0.7437184402975934,0.125,Hadamard
0.43435921676911476,0.43435921676911476,0.43435921676911476,0.4343592213127624,CNOT
0.7437184335382295,0.5625000000000002,0.7437184335382295,0.125,CNOT2
0.1988156614329149,0.125,0.1988156614329149,0.125,Hadamard2
0.125,0.4343592200287438,0.125,0.34375000317034843,CNOT3
0.7437184400574876,0.125,0.7437184400574876,0.125,Control Z
0.7437184402975934,0.125,0.7437184402975934,0.125,Hadamard
0.125,0.125,0.125,0.3617732966368823,CNOT
0.4343592200287438,0.4343592200287438,0.4343592200287438,0.4343592200287438,CNOT2
0.7072188248907182,0.125,0.7072188248907182,0.125,Hadamard2
0.125,0.125,0.125,0.5291972991481024,CNOT3
0.7437184400574876,0.125,0.7437184400574876,0.125,Control Z
0.3285611905334216,0.125,0.3285611905334216,0.125,Hadamard
0.43435921676911476,0.43435921676911476,0.43435921676911476,0.4343592213127624,CNOT
0.43435921676911476,0.43435921676911476,0.43435921676911476,0.4343592213127622,CNOT2
0.7437184400574876,0.125,0.7437184400574876,0.125,Hadamard2
0.125,0.125,0.125,0.5291972954736879,CNOT3
0.7437184400574876,0.125,0.7437184400574876,0.125,Control Z
0.7437184335382298,0.125,0.7437184335382298,0.125,Hadamard
0.7437184335382295,0.5625000000000002,0.7437184335382295,0.125,CNOT
0.43435922111895053,0.43435921676911476,0.43435922111895053,0.43435921813423584,CNOT2
0.7437184402975934,0.125,0.7437184402975934,0.125,Hadamard2
0.125,0.34375000230490593,0.125,0.45623786698407814,CNOT3
0.7437184400574876,0.125,0.7437184400574876,0.125,Control Z
0.7437184400574876,0.125,0.7437184400574876,0.125,Hadamard
0.125,0.125,0.125,0.696621304009216,CNOT
0.7437184335382293,0.5625000000000002,0.7437184335382293,0.125,CNOT2
0.5480468571830124,0.125,0.5480468571830124,0.125,Hadamard2
0.43435921676911465,0.43435921676911465,0.43435921676911465,0.29242400454659656,CNOT3
0.7437184367978587,0.125,0.7437184367978587,0.125,Control Z
0.20539252204125294,0.125,0.20539252204125294,0.125,Hadamard
0.4343592200287438,0.4343592200287438,0.4343592200287438,0.4343592200287438,CNOT
0.4343592167691147,0.4343592167691147,0.4343592167691147,0.43435921676911476,CNOT2
0.7437184400574876,0.125,0.7437184400574876,0.125,Hadamard2
0.125,0.3437500032128441,0.125,0.6200385694093196,CNOT3
0.7437184400574876,0.125,0.7437184400574876,0.125,Control Z
0.7437184402975934,0.125,0.7437184402975934,0.125,Hadamard
0.125,0.125,0.125,0.696621304009216,CNOT
0.43435922111895053,0.43435921676911465,0.43435922111895053,0.43435921676911465,CNOT2
0.4204684719384478,0.125,0.4204684719384478,0.125,Hadamard2
0.7437184400574876,0.34375000230490593,0.7437184400574876,0.24338664690698072,CNOT3
0.7437184400574876,0.125,0.7437184400574876,0.125,Control Z
0.48199361657869266,0.125,0.48199361657869266,0.125,Hadamard
0.7437184400574876,0.125,0.7437184400574876,0.125,CNOT
0.4343592212526643,0.4343592200287438,0.4343592212526643,0.43435921862937193,CNOT2
0.3085516584152024,0.125,0.3085516584152024,0.125,Hadamard2
0.4343592212526643,0.34375000230490593,0.4343592212526643,0.2433866483184408,CNOT3
0.7437184400574876,0.125,0.7437184400574876,0.125,Control Z
0.7437184402975934,0.125,0.7437184402975934,0.125,Hadamard
0.4343592200287438,0.4343592200287438,0.4343592200287438,0.43435921949162254,CNOT
0.43435921676911476,0.43435921676911476,0.43435921676911476,0.4343592213127624,CNOT2
0.7437184402975934,0.125,0.7437184402975934,0.125,Hadamard2
0.4343592212526643,0.34375000230490593,0.4343592212526643,0.4108106511649107,CNOT3
0.7437184400574876,0.125,0.7437184400574876,0.125,Control Z
0.7389714111198439,0.125,0.7389714111198439,0.125,Hadamard
0.7437184400574876,0.5625000046098119,0.7437184400574876,0.125,CNOT
0.43435921676911476,0.43435921676911476,0.43435921676911476,0.4343592213127622,CNOT2
0.7201995677020927,0.125,0.7201995677020927,0.125,Hadamard2
0.43435922111895053,0.3437500000000001,0.43435922111895053,0.6200385700495641,CNOT3
0.7437184367978587,0.125,0.7437184367978587,0.125,Control Z
0.6114192147570077,0.125,0.6114192147570077,0.125,Hadamard
0.7437184400574876,0.125,0.7437184400574876,0.125,CNOT
0.4343592167691147,0.4343592167691147,0.4343592167691147,0.4343592167691147,CNOT2
0.46122773837871245,0.125,0.46122773837871245,0.125,Hadamard2
0.7437184335382293,0.3437500000000001,0.7437184335382293,0.41081065126061433,CNOT3
0.7437184367978587,0.125,0.7437184367978587,0.125,Control Z
0.1333204134783406,0.125,0.1333204134783406,0.125,Hadamard
0.4343592200287438,0.4343592200287438,0.4343592200287438,0.43435921949162254,CNOT
0.43435921676911476,0.43435921676911476,0.43435921676911476,0.4343592213127622,CNOT2
0.1422345565791169,0.125,0.1422345565791169,0.125,Hadamard2
0.43435922111895053,0.125,0.43435922111895053,0.6531092258764686,CNOT3
0.7437184367978587,0.125,0.7437184367978587,0.125,Control Z
0.7437184400574876,0.125,0.7437184400574876,0.125,Hadamard
0.7437184400574876,0.125,0.7437184400574876,0.125,CNOT
0.43435922111895053,0.43435921676911476,0.43435922111895053,0.43435921676911476,CNOT2
0.6303625895750938,0.125,0.6303625895750938,0.125,Hadamard2
0.43435922111895053,0.43435921676911465,0.43435922111895053,0.5291972954736879,CNOT3
0.7437184367978587,0.125,0.7437184367978587,0.125,Control Z
0.7437184400574876,0.125,0.7437184400574876,0.125,Hadamard
0.7437184400574876,0.125,0.7437184400574876,0.125,CNOT
0.7437184335382295,0.5625000000000002,0.7437184335382295,0.125,CNOT2
0.7424784807544099,0.125,0.7424784807544099,0.125,Hadamard2
0.4343592212526643,0.34375000230490593,0.4343592212526643,0.24338664831844198,CNOT3
0.7437184400574876,0.125,0.7437184400574876,0.125,Control Z
0.3411487333974417,0.125,0.3411487333974417,0.125,Hadamard
0.7437184400574876,0.125,0.7437184400574876,0.125,CNOT
0.125,0.125,0.125,0.6966213038050627,CNOT2
0.7437184402975934,0.125,0.7437184402975934,0.125,Hadamard2
0.43435922111895053,0.43435921676911465,0.43435922111895053,0.5291973005818693,CNOT3
0.7437184367978587,0.125,0.7437184367978587,0.125,Control Z
0.7143332957635535,0.125,0.7143332957635535,0.125,Hadamard
0.7437184400574876,0.5625000046098119,0.7437184400574876,0.125,CNOT
0.43435922111895053,0.43435921676911476,0.43435922111895053,0.43435921813423584,CNOT2
0.7437184402975934,0.125,0.7437184402975934,0.125,Hadamard2
0.43435921676911465,0.43435921676911465,0.43435921676911465,0.29242400454659656,CNOT3
0.7437184400574876,0.125,0.7437184400574876,0.125,Control Z
0.725449540568901,0.125,0.725449540568901,0.125,Hadamard
0.7437184335382295,0.5625000000000002,0.7437184335382295,0.125,CNOT
0.7437184335382295,0.5625000000000002,0.7437184335382295,0.125,CNOT2
0.20992766919924566,0.125,0.20992766919924566,0.125,Hadamard2
0.7437184400574876,0.34375000230490593,0.7437184400574876,0.24338664690698072,CNOT3
0.7437184400574876,0.125,0.7437184400574876,0.125,Control Z
0.12928102236355873,0.125,0.12928102236355873,0.125,Hadamard
0.125,0.125,0.125,0.6966213038050627,CNOT
0.4343592200287438,0.4343592200287438,0.4343592200287438,0.43435921949162254,CNOT2
0.7437184402975934,0.125,0.7437184402975934,0.125,Hadamard2
0.4343592200287438,0.34375000230490593,0.4343592200287438,0.41081064856670735,CNOT3
0.7437184367978587,0.125,0.7437184367978587,0.125,Control Z
0.7437184400574876,0.125,0.7437184400574876,0.125,Hadamard
0.125,0.125,0.125,0.6966213032850118,CNOT
0.4343592167691147,0.4343592167691147,0.4343592167691147,0.4343592167691147,CNOT2
0.19705672462770274,0.125,0.19705672462770274,0.125,Hadamard2
0.43435922111895053,0.43435921676911465,0.43435922111895053,0.529197303118196,CNOT3
0.7437184400574876,0.125,0.7437184400574876,0.125,Control Z
0.7437184372587435,0.125,0.7437184372587435,0.125,Hadamard
0.125,0.125,0.125,0.5625000046098119,CNOT
0.4343592212526643,0.4343592200287438,0.4343592212526643,0.4343592200287438,CNOT2
0.7437184402975934,0.125,0.7437184402975934,0.125,Hadamard2
0.4343592212526643,0.34375000230490593,0.4343592212526643,0.4108106485667073,CNOT3
0.7437184400574876,0.125,0.7437184400574876,0.125,Control Z
0.7437184402975934,0.125,0.7437184402975934,0.125,Hadamard
0.43435921676911476,0.43435921676911476,0.43435921676911476,0.4343592213127622,CNOT
0.4343592167691147,0.4343592167691147,0.4343592167691147,0.4343592167691147,CNOT2
0.7437184402975934,0.125,0.7437184402975934,0.125,Hadamard2
0.125,0.3437500000000001,0.125,0.5461779363980742,CNOT3
0.7437184400574876,0.125,0.7437184400574876,0.125,Control Z
0.4965275488361372,0.125,0.4965275488361372,0.125,Hadamard
0.7437184335382295,0.5625000000000002,0.7437184335382295,0.125,CNOT
0.7437184335382295,0.5625000000000002,0.7437184335382295,0.125,CNOT2
0.13333496479734988,0.125,0.13333496479734988,0.125,Hadamard2
0.43435921676911465,0.5625000000000002,0.43435921676911465,0.3437500000000001,CNOT3
0.7437184400574876,0.125,0.7437184400574876,0.125,Control Z
0.7437184400574876,0.125,0.7437184400574876,0.125,Hadamard
0.7437184335382293,0.5625000000000002,0.7437184335382293,0.125,CNOT
0.4343592200287438,0.4343592200287438,0.4343592200287438,0.4343592200287438,CNOT2
0.29791387956454163,0.125,0.29791387956454163,0.125,Hadamard2
0.7437184400574876,0.34375000230490593,0.7437184400574876,0.24338664690698072,CNOT3
0.7437184400574876,0.125,0.7437184400574876,0.125,Control Z
0.7437184402975934,0.125,0.7437184402975934,0.125,Hadamard
0.43435922111895053,0.43435921676911476,0.43435922111895053,0.43435921676911476,CNOT
0.4343592167691147,0.4343592167691147,0.4343592167691147,0.43435921676911476,CNOT2
0.5182480839152696,0.125,0.5182480839152696,0.125,Hadamard2
0.43435922111895053,0.5625000023049059,0.43435922111895053,0.34375000115245297,CNOT3
0.7437184400574876,0.125,0.7437184400574876,0.125,Control Z
0.7437184400574876,0.125,0.7437184400574876,0.125,Hadamard
0.7437184335382295,0.5625000000000002,0.7437184335382295,0.125,CNOT
0.125,0.125,0.125,0.3617732966368823,CNOT2
0.7437184400574876,0.125,0.7437184400574876,0.125,Hadamard2
0.4343592200287438,0.125,0.4343592200287438,0.21560921752747125,CNOT3
0.7437184400574876,0.125,0.7437184400574876,0.125,Control Z
0.1385207114180149,0.125,0.1385207114180149,0.125,Hadamard
0.125,0.125,0.125,0.5625000046098119,CNOT
0.4343592167691147,0.4343592167691147,0.4343592167691147,0.43435921676911476,CNOT2
0.729405504956927,0.125,0.729405504956927,0.125,Hadamard2
0.4343592212526643,0.4343592200287438,0.4343592212526643,0.43435921862937193,CNOT3
0.7437184400574876,0.125,0.7437184400574876,0.125,Control Z
0.7437184402975934,0.125,0.7437184402975934,0.125,Hadamard
0.43435922111895053,0.43435921676911476,0.43435922111895053,0.43435921813423584,CNOT
0.43435922111895053,0.43435921676911476,0.43435922111895053,0.43435921813423584,CNOT2
0.125,0.125,0.125,0.125,Hadamard2
0.125,0.125,0.125,0.5291972954736879,CNOT3
0.7437184400574876,0.125,0.7437184400574876,0.125,Control Z
0.7437184402975934,0.125,0.7437184402975934,0.125,Hadamard
0.43435922111895053,0.43435921676911476,0.43435922111895053,0.43435921813423584,CNOT
0.7437184400574876,0.125,0.7437184400574876,0.125,CNOT2
0.7437184335382298,0.125,0.7437184335382298,0.125,Hadamard2
0.4343592212526643,0.34375000230490593,0.4343592212526643,0.2433866483184408,CNOT3
0.7437184400574876,0.125,0.7437184400574876,0.125,Control Z
0.7437184402975934,0.125,0.7437184402975934,0.125,Hadamard
0.7437184335382293,0.5625000000000002,0.7437184335382293,0.125,CNOT
0.7437184400574876,0.5625000046098119,0.7437184400574876,0.125,CNOT2
0.6609308738763655,0.125,0.6609308738763655,0.125,Hadamard2
0.4343592212526643,0.34375000230490593,0.4343592212526643,0.5461779380989591,CNOT3
0.7437184367978587,0.125,0.7437184367978587,0.125,Control Z
0.7437184402975934,0.125,0.7437184402975934,0.125,Hadamard
0.7437184400574876,0.125,0.7437184400574876,0.125,CNOT
0.4343592212526643,0.4343592200287438,0.4343592212526643,0.4343592200287438,CNOT2
0.7437184402975934,0.125,0.7437184402975934,0.125,Hadamard2
0.43435922111895053,0.5625000000000002,0.43435922111895053,0.3437500032128441,CNOT3
0.7437184400574876,0.125,0.7437184400574876,0.125,Control Z
0.13793575891499077,0.125,0.13793575891499077,0.125,Hadamard
0.7437184335382295,0.5625000000000002,0.7437184335382295,0.125,CNOT
0.125,0.125,0.125,0.5625000046098119,CNOT2
0.7437184400574876,0.125,0.7437184400574876,0.125,Hadamard2
0.4343592212526643,0.4343592200287438,0.4343592212526643,0.43435921862937193,CNOT3
0.7437184400574876,0.125,0.7437184400574876,0.125,Control Z
0.7437184372587435,0.125,0.7437184372587435,0.125,Hadamard
0.7437184335382293,0.5625000000000002,0.7437184335382293,0.125,CNOT
0.43435922111895053,0.43435921676911476,0.43435922111895053,0.43435921813423584,CNOT2
0.7437184372587435,0.125,0.7437184372587435,0.125,Hadamard2
0.4343592200287438,0.34375000131540057,0.4343592200287438,0.24338664690698036,CNOT3
0.7437184400574876,0.125,0.7437184400574876,0.125,Control Z
0.7437184400574876,0.125,0.7437184400574876,0.125,Hadamard
0.125,0.125,0.125,0.5625000046098119,CNOT
0.43435921676911476,0.43435921676911476,0.43435921676911476,0.4343592213127622,CNOT2
0.7437184402975934,0.125,0.7437184402975934,0.125,Hadamard2
0.125,0.3437500000000001,0.125,0.6200385726873376,CNOT3
0.7437184367978587,0.125,0.7437184367978587,0.125,Control Z
0.23724615727420234,0.125,0.23724615727420234,0.125,Hadamard
0.43435921676911465,0.43435921676911465,0.43435921676911465,0.43435921946302203,CNOT
0.4343592167691147,0.4343592167691147,0.4343592167691147,0.4343592167691147,CNOT2
0.7437184400574876,0.125,0.7437184400574876,0.125,Hadamard2
0.4343592200287438,0.34375000230490593,0.4343592200287438,0.24338664897884982,CNOT3
0.7437184400574876,0.125,0.7437184400574876,0.125,Control Z
0.5629742342139464,0.125,0.5629742342139464,0.125,Hadamard
0.7437184400574876,0.5625000046098119,0.7437184400574876,0.125,CNOT
0.125,0.125,0.125,0.696621304009216,CNOT2
0.47525324893133086,0.125,0.47525324893133086,0.125,Hadamard2
0.7437184400574876,0.34375000230490593,0.7437184400574876,0.4108106528593444,CNOT3
0.7437184367978587,0.125,0.7437184367978587,0.125,Control Z
0.7437184372587435,0.125,0.7437184372587435,0.125,Hadamard
0.43435922111895053,0.43435921676911465,0.43435922111895053,0.43435921676911465,CNOT
0.4343592212526643,0.4343592200287438,0.4343592212526643,0.43435921862937193,CNOT2
0.12972350565808313,0.125,0.12972350565808313,0.125,Hadamard2
0.4343592212526643,0.34375000230490593,0.4343592212526643,0.4108106485667073,CNOT3
0.7437184400574876,0.125,0.7437184400574876,0.125,Control Z
0.7437184400574876,0.125,0.7437184400574876,0.125,Hadamard
0.4343592212526643,0.4343592200287438,0.4343592212526643,0.43435921862937193,CNOT
0.4343592167691147,0.4343592167691147,0.4343592167691147,0.43435921676911476,CNOT2
0.7422690936912022,0.125,0.7422690936912022,0.125,Hadamard2
0.43435922111895053,0.125,0.43435922111895053,0.6531092258764686,CNOT3
0.7437184400574876,0.125,0.7437184400574876,0.125,Control Z
0.7437184402975934,0.125,0.7437184402975934,0.125,Hadamard
0.4343592200287438,0.4343592200287438,0.4343592200287438,0.4343592200287438,CNOT
0.43435921676911476,0.43435921676911476,0.43435921676911476,0.4343592213127622,CNOT2
0.7437184402975934,0.125,0.7437184402975934,0.125,Hadamard2
0.4343592200287438,0.34375000230490593,0.4343592200287438,0.33005169040324134,CNOT3
0.7437184367978587,0.125,0.7437184367978587,0.125,Control Z
0.31146413066837186,0.125,0.31146413066837186,0.125,Hadamard
0.43435921676911476,0.43435921676911476,0.43435921676911476,0.4343592213127624,CNOT
0.43435922111895053,0.43435921676911476,0.43435922111895053,0.43435921813423584,CNOT2
0.7437184400574876,0.125,0.7437184400574876,0.125,Hadamard2
0.43435922111895053,0.43435921676911465,0.43435922111895053,0.5291973005818693,CNOT3
0.7437184367978587,0.125,0.7437184367978587,0.125,Control Z
0.7437184402975934,0.125,0.7437184402975934,0.125,Hadamard
0.43435921676911465,0.43435921676911465,0.43435921676911465,0.43435921946302203,CNOT
0.4343592200287438,0.4343592200287438,0.4343592200287438,0.4343592200287438,CNOT2
0.4928314636718515,0.125,0.4928314636718515,0.125,Hadamard2
0.4343592212526643,0.34375000230490593,0.4343592212526643,0.4108106511649107,CNOT3
0.7437184400574876,0.125,0.7437184400574876,0.125,Control Z
0.7437184402975934,0.125,0.7437184402975934,0.125,Hadamard
0.4343592212526643,0.4343592200287438,0.4343592212526643,0.43435921862937193,CNOT
0.4343592200287438,0.4343592200287438,0.4343592200287438,0.4343592200287438,CNOT2
0.44770580388406506,0.125,0.44770580388406506,0.125,Hadamard2
0.4343592200287438,0.34375000131540057,0.4343592200287438,0.24338664690698036,CNOT3
0.7437184400574876,0.125,0.7437184400574876,0.125,Control Z
0.6694480234407668,0.125,0.6694480234407668,0.125,Hadamard
0.43435921676911465,0.43435921676911465,0.43435921676911465,0.43435921946302203,CNOT
0.43435922111895053,0.43435921676911476,0.43435922111895053,0.43435921813423584,CNOT2
0.7437184402975934,0.125,0.7437184402975934,0.125,Hadamard2
0.7437184400574876,0.34375000131540057,0.7437184400574876,0.24338664831844137,CNOT3
0.7437184400574876,0.125,0.7437184400574876,0.125,Control Z
0.6691004727926102,0.125,0.6691004727926102,0.125,Hadamard
0.4343592167691147,0.4343592167691147,0.4343592167691147,0.43435921676911476,CNOT
0.4343592167691147,0.4343592167691147,0.4343592167691147,0.4343592167691147,CNOT2
0.6290590089063121,0.125,0.6290590089063121,0.125,Hadamard2
0.43435922111895053,0.43435921676911465,0.43435922111895053,0.43435921676911465,CNOT3
0.7437184400574876,0.125,0.7437184400574876,0.125,Control Z
0.7270321433178313,0.125,0.7270321433178313,0.125,Hadamard
0.4343592200287438,0.4343592200287438,0.4343592200287438,0.4343592200287438,CNOT
0.125,0.125,0.125,0.5625000046098119,CNOT2
0.7437184402975934,0.125,0.7437184402975934,0.125,Hadamard2
0.43435922111895053,0.125,0.43435922111895053,0.6531092258764686,CNOT3
0.7437184400574876,0.125,0.7437184400574876,0.125,Control Z
0.14210543156833086,0.125,0.14210543156833086,0.125,Hadamard
0.7437184335382295,0.5625000000000002,0.7437184335382295,0.125,CNOT
0.43435922111895053,0.43435921676911465,0.43435922111895053,0.43435921676911465,CNOT2
0.20054803041670805,0.125,0.20054803041670805,0.125,Hadamard2
0.125,0.34375000131540057,0.125,0.330051688696008,CNOT3
0.7437184367978587,0.125,0.7437184367978587,0.125,Control Z
0.7437184400574876,0.125,0.7437184400574876,0.125,Hadamard
0.7437184335382295,0.5625000000000002,0.7437184335382295,0.125,CNOT
0.43435922111895053,0.43435921676911476,0.43435922111895053,0.43435921813423584,CNOT2
0.7437184402975934,0.125,0.7437184402975934,0.125,Hadamard2
0.43435921676911465,0.5625000000000002,0.43435921676911465,0.3437500000000001,CNOT3
0.7437184400574876,0.125,0.7437184400574876,0.125,Control Z
0.20938074275229768,0.125,0.20938074275229768,0.125,Hadamard
0.4343592167691147,0.4343592167691147,0.4343592167691147,0.43435921676911476,CNOT
0.43435921676911476,0.43435921676911476,0.43435921676911476,0.4343592213127622,CNOT2
0.7437184402975934,0.125,0.7437184402975934,0.125,Hadamard2
0.43435922111895053,0.3437500000000001,0.43435922111895053,0.6200385700495641,CNOT3
0.7437184367978587,0.125,0.7437184367978587,0.125,Control Z
0.5379153248999561,0.125,0.5379153248999561,0.125,Hadamard
0.4343592167691147,0.4343592167691147,0.4343592167691147,0.4343592167691147,CNOT
0.43435922111895053,0.43435921676911476,0.43435922111895053,0.43435921676911476,CNOT2
0.7437184400574876,0.125,0.7437184400574876,0.125,Hadamard2
0.43435922111895053,0.43435921676911465,0.43435922111895053,0.2924240032895413,CNOT3
0.7437184367978587,0.125,0.7437184367978587,0.125,Control Z
0.15774964798610772,0.125,0.15774964798610772,0.125,Hadamard
0.4343592212526643,0.4343592200287438,0.4343592212526643,0.43435921862937193,CNOT
0.7437184335382295,0.5625000000000002,0.7437184335382295,0.125,CNOT2
0.5480797939207046,0.125,0.5480797939207046,0.125,Hadamard2
0.125,0.34375000131540057,0.125,0.4562378694644748,CNOT3
0.7437184400574876,0.125,0.7437184400574876,0.125,Control Z
0.7437184402975934,0.125,0.7437184402975934,0.125,Hadamard
0.4343592200287438,0.4343592200287438,0.4343592200287438,0.43435921949162254,CNOT
0.43435921676911465,0.43435921676911465,0.43435921676911465,0.43435921946302203,CNOT2
0.7437184402975934,0.125,0.7437184402975934,0.125,Hadamard2
0.4343592212526643,0.34375000230490593,0.4343592212526643,0.33005168981157035,CNOT3
0.7437184400574876,0.125,0.7437184400574876,0.125,Control Z
0.7437184402975934,0.125,0.7437184402975934,0.125,Hadamard
0.7437184400574876,0.5625000046098119,0.7437184400574876,0.125,CNOT
0.4343592212526643,0.4343592200287438,0.4343592212526643,0.43435921862937193,CNOT2
0.7437184402975934,0.125,0.7437184402975934,0.125,Hadamard2
0.4343592212526643,0.34375000230490593,0.4343592212526643,0.5461779380989591,CNOT3
0.7437184400574876,0.125,0.7437184400574876,0.125,Control Z
0.7437184402975934,0.125,0.7437184402975934,0.125,Hadamard
0.7437184335382295,0.5625000000000002,0.7437184335382295,0.125,CNOT
0.7437184400574876,0.125,0.7437184400574876,0.125,CNOT2
0.7437184400574876,0.125,0.7437184400574876,0.125,Hadamard2
0.125,0.34375000131540057,0.125,0.330051688696008,CNOT3
0.7437184367978587,0.125,0.7437184367978587,0.125,Control Z
0.7437184402975934,0.125,0.7437184402975934,0.125,Hadamard
0.43435921676911476,0.43435921676911476,0.43435921676911476,0.4343592213127624,CNOT
0.4343592212526643,0.4343592200287438,0.4343592212526643,0.43435921862937193,CNOT2
0.7187930052600728,0.125,0.7187930052600728,0.125,Hadamard2
0.7437184335382293,0.3437500000000001,0.7437184335382293,0.41081065126061433,CNOT3
0.7437184400574876,0.125,0.7437184400574876,0.125,Control Z
0.7437184400574876,0.125,0.7437184400574876,0.125,Hadamard
0.7437184335382293,0.5625000000000002,0.7437184335382293,0.125,CNOT
0.4343592167691147,0.4343592167691147,0.4343592167691147,0.4343592167691147,CNOT2
0.22076773529376073,0.125,0.22076773529376073,0.125,Hadamard2
0.7437184400574876,0.34375000230490593,0.7437184400574876,0.4108106528593444,CNOT3
0.7437184400574876,0.125,0.7437184400574876,0.125,Control Z
0.48305861883474327,0.125,0.48305861883474327,0.125,Hadamard
0.43435921676911476,0.43435921676911476,0.43435921676911476,0.4343592213127622,CNOT
0.43435922111895053,0.43435921676911465,0.43435922111895053,0.43435921676911465,CNOT2
0.7437184402975934,0.125,0.7437184402975934,0.125,Hadamard2
0.4343592212526643,0.34375000230490593,0.4343592212526643,0.4108106511649107,CNOT3
0.7437184400574876,0.125,0.7437184400574876,0.125,Control Z
0.7437184400574876,0.125,0.7437184400574876,0.125,Hadamard
0.7437184400574876,0.125,0.7437184400574876,0.125,CNOT
0.4343592167691147,0.4343592167691147,0.4343592167691147,0.43435921676911476,CNOT2
0.7437184402975934,0.125,0.7437184402975934,0.125,Hadamard2
0.4343592212526643,0.4343592200287438,0.4343592212526643,0.29242400340856334,CNOT3
0.7437184400574876,0.125,0.7437184400574876,0.125,Control Z
0.7437184400574876,0.125,0.7437184400574876,0.125,Hadamard
0.4343592212526643,0.4343592200287438,0.4343592212526643,0.43435921862937193,CNOT
0.125,0.125,0.125,0.5625000046098119,CNOT2
0.7437184372587435,0.125,0.7437184372587435,0.125,Hadamard2
0.4343592200287438,0.34375000131540057,0.4343592200287438,0.24338664690698036,CNOT3
0.7437184400574876,0.125,0.7437184400574876,0.125,Control Z
0.7437184372587435,0.125,0.7437184372587435,0.125,Hadamard
0.7437184400574876,0.125,0.7437184400574876,0.125,CNOT
0.43435922111895053,0.43435921676911465,0.43435922111895053,0.43435921676911465,CNOT2
0.17759679529488412,0.125,0.17759679529488412,0.125,Hadamard2
0.43435922111895053,0.125,0.43435922111895053,0.5038861223557342,CNOT3
0.7437184400574876,0.125,0.7437184400574876,0.125,Control Z
0.7437184402975934,0.125,0.7437184402975934,0.125,Hadamard
0.4343592212526643,0.4343592200287438,0.4343592212526643,0.43435921862937193,CNOT
0.43435922111895053,0.43435921676911465,0.43435922111895053,0.43435921676911465,CNOT2
0.6946620274027059,0.125,0.6946620274027059,0.125,Hadamard2
0.4343592200287438,0.34375000131540057,0.4343592200287438,0.24338664690698036,CNOT3
0.7437184400574876,0.125,0.7437184400574876,0.125,Control Z
0.7425465724118732,0.125,0.7425465724118732,0.125,Hadamard
0.7437184400574876,0.125,0.7437184400574876,0.125,CNOT
0.7437184400574876,0.5625000046098119,0.7437184400574876,0.125,CNOT2
0.5254955204989984,0.125,0.5254955204989984,0.125,Hadamard2
0.4343592212526643,0.34375000230490593,0.4343592212526643,0.456237868431435,CNOT3
0.7437184400574876,0.125,0.7437184400574876,0.125,Control Z
0.7437184402975934,0.125,0.7437184402975934,0.125,Hadamard
0.43435921676911476,0.43435921676911476,0.43435921676911476,0.4343592213127622,CNOT
0.4343592200287438,0.4343592200287438,0.4343592200287438,0.4343592200287438,CNOT2
0.3986372512062915,0.125,0.3986372512062915,0.125,Hadamard2
0.4343592212526643,0.34375000230490593,0.4343592212526643,0.4108106485667073,CNOT3
0.7437184400574876,0.125,0.7437184400574876,0.125,Control Z
0.24630971375551394,0.125,0.24630971375551394,0.125,Hadamard
0.43435921676911476,0.43435921676911476,0.43435921676911476,0.4343592213127622,CNOT
0.4343592212526643,0.4343592200287438,0.4343592212526643,0.43435921862937193,CNOT2
0.376510757783711,0.125,0.376510757783711,0.125,Hadamard2
0.125,0.125,0.125,0.5291972954736879,CNOT3
0.7437184400574876,0.125,0.7437184400574876,0.125,Control Z
0.4984071130784065,0.125,0.4984071130784065,0.125,Hadamard
0.125,0.125,0.125,0.696621304009216,CNOT
0.43435922111895053,0.43435921676911476,0.43435922111895053,0.43435921676911476,CNOT2
0.15743447330464347,0.125,0.15743447330464347,0.125,Hadamard2
0.43435922111895053,0.43435921676911465,0.43435922111895053,0.2924240032895413,CNOT3
0.7437184400574876,0.125,0.7437184400574876,0.125,Control Z
0.19912288319507104,0.125,0.19912288319507104,0.125,Hadamard
0.7437184400574876,0.5625000046098119,0.7437184400574876,0.125,CNOT
0.7437184400574876,0.5625000046098119,0.7437184400574876,0.125,CNOT2
0.686071789428556,0.125,0.686071789428556,0.125,Hadamard2
0.4343592200287438,0.34375000131540057,0.4343592200287438,0.24338664690698036,CNOT3
0.7437184400574876,0.125,0.7437184400574876,0.125,Control Z
0.14135490471265447,0.125,0.14135490471265447,0.125,Hadamard
0.7437184335382295,0.5625000000000002,0.7437184335382295,0.125,CNOT
0.7437184400574876,0.125,0.7437184400574876,0.125,CNOT2
0.7437184402975934,0.125,0.7437184402975934,0.125,Hadamard2
0.7437184335382293,0.125,0.7437184335382293,0.29242400397110835,CNOT3
0.7437184367978587,0.125,0.7437184367978587,0.125,Control Z
0.4598942282728238,0.125,0.4598942282728238,0.125,Hadamard
0.4343592200287438,0.4343592200287438,0.4343592200287438,0.4343592200287438,CNOT
0.4343592167691147,0.4343592167691147,0.4343592167691147,0.43435921676911476,CNOT2
0.6128730860820291,0.125,0.6128730860820291,0.125,Hadamard2
0.125,0.125,0.125,0.5625000046098119,CNOT3
0.7437184400574876,0.125,0.7437184400574876,0.125,Control Z
0.7437184400574876,0.125,0.7437184400574876,0.125,Hadamard
0.7437184335382295,0.5625000000000002,0.7437184335382295,0.125,CNOT
0.4343592167691147,0.4343592167691147,0.4343592167691147,0.4343592167691147,CNOT2
0.7383815741487387,0.125,0.7383815741487387,0.125,Hadamard2
0.4343592212526643,0.5625000046098119,0.4343592212526643,0.34375000230490593,CNOT3
0.7437184367978587,0.125,0.7437184367978587,0.125,Control Z
0.47082918103637306,0.125,0.47082918103637306,0.125,Hadamard
0.43435921676911476,0.43435921676911476,0.43435921676911476,0.4343592213127624,CNOT
0.4343592167691147,0.4343592167691147,0.4343592167691147,0.4343592167691147,CNOT2
0.7437184372587435,0.125,0.7437184372587435,0.125,Hadamard2
0.43435921676911476,0.43435921676911476,0.43435921676911476,0.4343592213127622,CNOT3
0.7437184400574876,0.125,0.7437184400574876,0.125,Control Z
0.20374530112203246,0.125,0.20374530112203246,0.125,Hadamard
0.4343592167691147,0.4343592167691147,0.4343592167691147,0.43435921676911476,CNOT
0.4343592212526643,0.4343592200287438,0.4343592212526643,0.4343592200287438,CNOT2
0.7209233222376179,0.125,0.7209233222376179,0.125,Hadamard2
0.4343592200287438,0.125,0.4343592200287438,0.21560921752747125,CNOT3
0.7437184400574876,0.125,0.7437184400574876,0.125,Control Z
0.7437184402975934,0.125,0.7437184402975934,0.125,Hadamard
0.4343592212526643,0.4343592200287438,0.4343592212526643,0.43435921862937193,CNOT
0.43435921676911465,0.43435921676911465,0.43435921676911465,0.43435921946302203,CNOT2
0.7437184372587435,0.125,0.7437184372587435,0.125,Hadamard2
0.7437184400574876,0.34375000230490593,0.7437184400574876,0.4108106528593444,CNOT3
0.7437184400574876,0.125,0.7437184400574876,0.125,Control Z
0.5965300659356148,0.125,0.5965300659356148,0.125,Hadamard
0.4343592200287438,0.4343592200287438,0.4343592200287438,0.43435921949162254,CNOT
0.43435921676911465,0.43435921676911465,0.43435921676911465,0.43435921946302203,CNOT2
0.125,0.125,0.125,0.125,Hadamard2
0.4343592212526643,0.34375000230490593,0.4343592212526643,0.24338664831844198,CNOT3
0.7437184400574876,0.125,0.7437184400574876,0.125,Control Z
0.6397986910447871,0.125,0.6397986910447871,0.125,Hadamard
0.7437184400574876,0.5625000046098119,0.7437184400574876,0.125,CNOT
0.7437184400574876,0.5625000046098119,0.7437184400574876,0.125,CNOT2
0.7437184402975934,0.125,0.7437184402975934,0.125,Hadamard2
0.125,0.34375000131540057,0.125,0.330051688696008,CNOT3
0.7437184400574876,0.125,0.7437184400574876,0.125,Control Z
0.734261297262289,0.125,0.734261297262289,0.125,Hadamard
0.4343592200287438,0.4343592200287438,0.4343592200287438,0.43435921949162254,CNOT
0.4343592212526643,0.4343592200287438,0.4343592212526643,0.43435921862937193,CNOT2
0.7437184335382298,0.125,0.7437184335382298,0.125,Hadamard2
0.7437184335382293,0.3437500000000001,0.7437184335382293,0.41081065126061433,CNOT3
0.7437184367978587,0.125,0.7437184367978587,0.125,Control Z
0.7437184402975934,0.125,0.7437184402975934,0.125,Hadamard
0.7437184335382295,0.5625000000000002,0.7437184335382295,0.125,CNOT
0.4343592200287438,0.4343592200287438,0.4343592200287438,0.43435921949162254,CNOT2
0.12556549606331743,0.125,0.12556549606331743,0.125,Hadamard2
0.43435921676911476,0.125,0.43435921676911476,0.5038861197202267,CNOT3
0.7437184400574876,0.125,0.7437184400574876,0.125,Control Z
0.7437184402975934,0.125,0.7437184402975934,0.125,Hadamard
0.4343592167691147,0.4343592167691147,0.4343592167691147,0.43435921676911476,CNOT
0.7437184335382293,0.5625000000000002,0.7437184335382293,0.125,CNOT2
0.7437184372587435,0.125,0.7437184372587435,0.125,Hadamard2
0.7437184400574876,0.34375000230490593,0.7437184400574876,0.4108106528593444,CNOT3
0.7437184400574876,0.125,0.7437184400574876,0.125,Control Z
0.6408727815946951,0.125,0.6408727815946951,0.125,Hadamard
0.43435921676911476,0.43435921676911476,0.43435921676911476,0.4343592213127624,CNOT
0.125,0.125,0.125,0.3617732966368823,CNOT2
0.7437184400574876,0.125,0.7437184400574876,0.125,Hadamard2
0.7437184335382293,0.3437500032128441,0.7437184335382293,0.24338664890308764,CNOT3
0.7437184400574876,0.125,0.7437184400574876,0.125,Control Z
0.7381022313802161,0.125,0.7381022313802161,0.125,Hadamard
0.125,0.125,0.125,0.3617732966368823,CNOT
0.4343592167691147,0.4343592167691147,0.4343592167691147,0.43435921676911476,CNOT2
0.5169972658208122,0.125,0.5169972658208122,0.125,Hadamard2
0.4343592200287438,0.34375000230490593,0.4343592200287438,0.24338664897884982,CNOT3
0.7437184400574876,0.125,0.7437184400574876,0.125,Control Z
0.7437184402975934,0.125,0.7437184402975934,0.125,Hadamard
0.7437184335382293,0.5625000000000002,0.7437184335382293,0.125,CNOT
0.125,0.125,0.125,0.6966213032850118,CNOT2
0.7433446395261215,0.125,0.7433446395261215,0.125,Hadamard2
0.4343592212526643,0.34375000230490593,0.4343592212526643,0.5461779380989591,CNOT3
0.7437184400574876,0.125,0.7437184400574876,0.125,Control Z
0.4845131755681031,0.125,0.4845131755681031,0.125,Hadamard
0.43435921676911476,0.43435921676911476,0.43435921676911476,0.4343592213127622,CNOT
0.7437184400574876,0.5625000046098119,0.7437184400574876,0.125,CNOT2
0.7437184400574876,0.125,0.7437184400574876,0.125,Hadamard2
0.43435922111895053,0.43435921676911465,0.43435922111895053,0.43435921676911465,CNOT3
0.7437184400574876,0.125,0.7437184400574876,0.125,Control Z
0.48631560454476425,0.125,0.48631560454476425,0.125,Hadamard
0.43435921676911476,0.43435921676911476,0.43435921676911476,0.4343592213127624,CNOT
0.43435922111895053,0.43435921676911476,0.43435922111895053,0.43435921676911476,CNOT2
0.1377336144991802,0.125,0.1377336144991802,0.125,Hadamard2
0.7437184335382293,0.3437500000000001,0.7437184335382293,0.41081065126061433,CNOT3
0.7437184400574876,0.125,0.7437184400574876,0.125,Control Z
0.7437184402975934,0.125,0.7437184402975934,0.125,Hadamard
0.4343592167691147,0.4343592167691147,0.4343592167691147,0.43435921676911476,CNOT
0.43435922111895053,0.43435921676911465,0.43435922111895053,0.43435921676911465,CNOT2
0.7437184400574876,0.125,0.7437184400574876,0.125,Hadamard2
0.4343592200287438,0.34375000230490593,0.4343592200287438,0.24338664897884982,CNOT3
0.7437184400574876,0.125,0.7437184400574876,0.125,Control Z
0.7437184400574876,0.125,0.7437184400574876,0.125,Hadamard
0.4343592200287438,0.4343592200287438,0.4343592200287438,0.43435921949162254,CNOT
0.4343592167691147,0.4343592167691147,0.4343592167691147,0.43435921676911476,CNOT2
0.12669591093174135,0.125,0.12669591093174135,0.125,Hadamard2
0.125,0.34375000379612386,0.125,0.5461779409867585,CNOT3
0.7437184400574876,0.125,0.7437184400574876,0.125,Control Z
0.4831988196018756,0.125,0.4831988196018756,0.125,Hadamard
0.43435921676911476,0.43435921676911476,0.43435921676911476,0.4343592213127624,CNOT
0.7437184335382295,0.5625000000000002,0.7437184335382295,0.125,CNOT2
0.5902595979705828,0.125,0.5902595979705828,0.125,Hadamard2
0.43435921676911476,0.43435921676911476,0.43435921676911476,0.4343592213127622,CNOT3
0.7437184400574876,0.125,0.7437184400574876,0.125,Control Z
0.7437184402975934,0.125,0.7437184402975934,0.125,Hadamard
0.7437184400574876,0.125,0.7437184400574876,0.125,CNOT
0.4343592200287438,0.4343592200287438,0.4343592200287438,0.4343592200287438,CNOT2
0.7437184402975934,0.125,0.7437184402975934,0.125,Hadamard2
0.7437184335382293,0.3437500000000001,0.7437184335382293,0.41081065126061433,CNOT3
0.7437184400574876,0.125,0.7437184400574876,0.125,Control Z
0.7120853681565,0.125,0.7120853681565,0.125,Hadamard
0.4343592167691147,0.4343592167691147,0.4343592167691147,0.43435921676911476,CNOT
0.7437184335382293,0.5625000000000002,0.7437184335382293,0.125,CNOT2
0.7437184402975934,0.125,0.7437184402975934,0.125,Hadamard2
0.7437184400574876,0.34375000131540057,0.7437184400574876,0.24338664831844137,CNOT3
0.7437184400574876,0.125,0.7437184400574876,0.125,Control Z
0.7437184400574876,0.125,0.7437184400574876,0.125,Hadamard
0.4343592167691147,0.4343592167691147,0.4343592167691147,0.4343592167691147,CNOT
0.43435921676911476,0.43435921676911476,0.43435921676911476,0.4343592213127624,CNOT2
0.7437184402975934,0.125,0.7437184402975934,0.125,Hadamard2
0.43435921676911465,0.5625000000000002,0.43435921676911465,0.3437500000000001,CNOT3
0.7437184400574876,0.125,0.7437184400574876,0.125,Control Z
0.7437184400574876,0.125,0.7437184400574876,0.125,Hadamard
0.125,0.125,0.125,0.5625000046098119,CNOT
0.125,0.125,0.125,0.6966213032850118,CNOT2
0.7437184402975934,0.125,0.7437184402975934,0.125,Hadamard2
0.4343592200287438,0.4343592200287438,0.4343592200287438,0.2924240028888371,CNOT3
0.7437184400574876,0.125,0.7437184400574876,0.125,Control Z
0.7437184402975934,0.125,0.7437184402975934,0.125,Hadamard
0.43435921676911465,0.43435921676911465,0.43435921676911465,0.43435921946302203,CNOT
0.4343592212526643,0.4343592200287438,0.4343592212526643,0.4343592200287438,CNOT2
0.699967570060411,0.125,0.699967570060411,0.125,Hadamard2
0.43435922111895053,0.5625000000000002,0.43435922111895053,0.3437500032128441,CNOT3
0.7437184400574876,0.125,0.7437184400574876,0.125,Control Z
0.7437184400574876,0.125,0.7437184400574876,0.125,Hadamard
0.4343592167691147,0.4343592167691147,0.4343592167691147,0.43435921676911476,CNOT
0.125,0.125,0.125,0.6966213032850118,CNOT2
0.7437184402975934,0.125,0.7437184402975934,0.125,Hadamard2
0.125,0.4343592200287438,0.125,0.34375000317034843,CNOT3
0.7437184367978587,0.125,0.7437184367978587,0.125,Control Z
0.264018409703587,0.125,0.264018409703587,0.125,Hadamard
0.125,0.125,0.125,0.696621304009216,CNOT
0.4343592167691147,0.4343592167691147,0.4343592167691147,0.43435921676911476,CNOT2
0.7437184400574876,0.125,0.7437184400574876,0.125,Hadamard2
0.125,0.34375000131540057,0.125,0.330051688696008,CNOT3
0.7437184400574876,0.125,0.7437184400574876,0.125,Control Z
0.7368270190629445,0.125,0.7368270190629445,0.125,Hadamard
0.4343592167691147,0.4343592167691147,0.4343592167691147,0.43435921676911476,CNOT
0.4343592212526643,0.4343592200287438,0.4343592212526643,0.43435921862937193,CNOT2
0.2555193731921468,0.125,0.2555193731921468,0.125,Hadamard2
0.125,0.34375000131540057,0.125,0.4562378694644748,CNOT3
0.7437184367978587,0.125,0.7437184367978587,0.125,Control Z
0.7437184400574876,0.125,0.7437184400574876,0.125,Hadamard
0.43435921676911476,0.43435921676911476,0.43435921676911476,0.4343592213127622,CNOT
0.4343592200287438,0.4343592200287438,0.4343592200287438,0.4343592200287438,CNOT2
0.7437184400574876,0.125,0.7437184400574876,0.125,Hadamard2
0.43435921676911465,0.5625000000000002,0.43435921676911465,0.3437500000000001,CNOT3
0.7437184400574876,0.125,0.7437184400574876,0.125,Control Z
0.7437184400574876,0.125,0.7437184400574876,0.125,Hadamard
0.43435922111895053,0.43435921676911476,0.43435922111895053,0.43435921676911476,CNOT
0.4343592212526643,0.4343592200287438,0.4343592212526643,0.4343592200287438,CNOT2
0.7437184372587435,0.125,0.7437184372587435,0.125,Hadamard2
0.43435922111895053,0.125,0.43435922111895053,0.6531092258764686,CNOT3
0.7437184400574876,0.125,0.7437184400574876,0.125,Control Z
0.4929834288695788,0.125,0.4929834288695788,0.125,Hadamard
0.125,0.125,0.125,0.6966213038050627,CNOT
0.125,0.125,0.125,0.6966213038050627,CNOT2
0.40103176977074917,0.125,0.40103176977074917,0.125,Hadamard2
0.4343592212526643,0.34375000230490593,0.4343592212526643,0.2433866483184408,CNOT3
0.7437184400574876,0.125,0.7437184400574876,0.125,Control Z
0.29990213663524556,0.125,0.29990213663524556,0.125,Hadamard
0.125,0.125,0.125,0.5625000046098119,CNOT
0.43435921676911476,0.43435921676911476,0.43435921676911476,0.4343592213127624,CNOT2
0.7437184400574876,0.125,0.7437184400574876,0.125,Hadamard2
0.43435922111895053,0.43435921676911465,0.43435922111895053,0.5291973005818693,CNOT3
0.7437184367978587,0.125,0.7437184367978587,0.125,Control Z
0.7437184402975934,0.125,0.7437184402975934,0.125,Hadamard
0.125,0.125,0.125,0.3617732966368823,CNOT
0.125,0.125,0.125,0.696621304009216,CNOT2
0.7437184402975934,0.125,0.7437184402975934,0.125,Hadamard2
0.43435922111895053,0.3437500000000001,0.43435922111895053,0.4562378672386692,CNOT3
0.7437184367978587,0.125,0.7437184367978587,0.125,Control Z
0.5428641277884618,0.125,0.5428641277884618,0.125,Hadamard
0.7437184400574876,0.125,0.7437184400574876,0.125,CNOT
0.7437184400574876,0.125,0.7437184400574876,0.125,CNOT2
0.2838439232618492,0.125,0.2838439232618492,0.125,Hadamard2
0.43435922111895053,0.3437500000000001,0.43435922111895053,0.4562378672386692,CNOT3
0.7437184400574876,0.125,0.7437184400574876,0.125,Control Z
0.7437184402975934,0.125,0.7437184402975934,0.125,Hadamard
0.4343592212526643,0.4343592200287438,0.4343592212526643,0.43435921862937193,CNOT
0.4343592212526643,0.4343592200287438,0.4343592212526643,0.4343592200287438,CNOT2
0.7435579918070342,0.125,0.7435579918070342,0.125,Hadamard2
0.125,0.34375000230490593,0.125,0.45623786698407814,CNOT3
0.7437184367978587,0.125,0.7437184367978587,0.125,Control Z
0.7437184402975934,0.125,0.7437184402975934,0.125,Hadamard
0.125,0.125,0.125,0.5625000046098119,CNOT
0.4343592167691147,0.4343592167691147,0.4343592167691147,0.43435921676911476,CNOT2
0.7437184402975934,0.125,0.7437184402975934,0.125,Hadamard2
0.43435922111895053,0.43435921676911476,0.43435922111895053,0.43435921676911476,CNOT3
0.7437184400574876,0.125,0.7437184400574876,0.125,Control Z
0.6815422150524255,0.125,0.6815422150524255,0.125,Hadamard
0.4343592167691147,0.4343592167691147,0.4343592167691147,0.43435921676911476,CNOT
0.4343592167691147,0.4343592167691147,0.4343592167691147,0.4343592167691147,CNOT2
0.7437184400574876,0.125,0.7437184400574876,0.125,Hadamard2
0.125,0.34375000379612386,0.125,0.5461779409867585,CNOT3
0.7437184400574876,0.125,0.7437184400574876,0.125,Control Z
0.3658994649396153,0.125,0.3658994649396153,0.125,Hadamard
0.7437184400574876,0.125,0.7437184400574876,0.125,CNOT
0.4343592200287438,0.4343592200287438,0.4343592200287438,0.4343592200287438,CNOT2
0.18355824388842423,0.125,0.18355824388842423,0.125,Hadamard2
0.4343592200287438,0.4343592200287438,0.4343592200287438,0.2924240028888371,CNOT3
0.7437184400574876,0.125,0.7437184400574876,0.125,Control Z
0.7437184402975934,0.125,0.7437184402975934,0.125,Hadamard
0.7437184400574876,0.125,0.7437184400574876,0.125,CNOT
0.4343592167691147,0.4343592167691147,0.4343592167691147,0.43435921676911476,CNOT2
0.6073328169808567,0.125,0.6073328169808567,0.125,Hadamard2
0.125,0.3437500000000001,0.125,0.5461779363980742,CNOT3
0.7437184400574876,0.125,0.7437184400574876,0.125,Control Z
0.7437184400574876,0.125,0.7437184400574876,0.125,Hadamard
0.4343592212526643,0.4343592200287438,0.4343592212526643,0.43435921862937193,CNOT
0.125,0.125,0.125,0.5625000046098119,CNOT2
0.22144333165542096,0.125,0.22144333165542096,0.125,Hadamard2
0.43435922111895053,0.3437500000000001,0.43435922111895053,0.6200385726873376,CNOT3
0.7437184367978587,0.125,0.7437184367978587,0.125,Control Z
0.7437184372587435,0.125,0.7437184372587435,0.125,Hadamard
0.4343592212526643,0.4343592200287438,0.4343592212526643,0.43435921862937193,CNOT
0.125,0.125,0.125,0.6966213038050627,CNOT2
0.6854180758806343,0.125,0.6854180758806343,0.125,Hadamard2
0.4343592200287438,0.34375000230490593,0.4343592200287438,0.41081064856670735,CNOT3
0.7437184367978587,0.125,0.7437184367978587,0.125,Control Z
0.6599896527278656,0.125,0.6599896527278656,0.125,Hadamard
0.125,0.125,0.125,0.6966213032850118,CNOT
0.4343592167691147,0.4343592167691147,0.4343592167691147,0.43435921676911476,CNOT2
0.7437184402975934,0.125,0.7437184402975934,0.125,Hadamard2
0.7437184400574876,0.125,0.7437184400574876,0.125,CNOT3
0.7437184400574876,0.125,0.7437184400574876,0.125,Control Z
0.7437184400574876,0.125,0.7437184400574876,0.125,Hadamard
0.125,0.125,0.125,0.6966213032850118,CNOT
0.43435922111895053,0.43435921676911476,0.43435922111895053,0.43435921676911476,CNOT2
0.7437184400574876,0.125,0.7437184400574876,0.125,Hadamard2
0.4343592200287438,0.34375000230490593,0.4343592200287438,0.33005169040324134,CNOT3
0.7437184400574876,0.125,0.7437184400574876,0.125,Control Z
0.7437184402975934,0.125,0.7437184402975934,0.125,Hadamard
0.125,0.125,0.125,0.3617732966368823,CNOT
0.4343592167691147,0.4343592167691147,0.4343592167691147,0.4343592167691147,CNOT2
0.7437184335382298,0.125,0.7437184335382298,0.125,Hadamard2
0.125,0.34375000131540057,0.125,0.330051688696008,CNOT3
0.7437184400574876,0.125,0.7437184400574876,0.125,Control Z
